Gas_Species:          H2
Surface_Species:      H*
Simulation_Box:         
           5.5500000000000000E+001           0.0000000000000000E+000
           0.0000000000000000E+000           5.5500000000000000E+001
Site_Types:           StTp1
configuration                    1                    0         0.0000000000000000E+00         2.9800000000000000E+02         0.0000000000000000E+00
         1          1          0          1
         2          2          0          1
         3          3          0          1
         4          4          0          1
         5          5          0          1
         6          6          0          1
         7          7          0          1
         8          8          0          1
         9          9          0          1
        10         10          0          1
        11         11          0          1
        12         12          0          1
        13         13          0          1
        14         14          0          1
        15         15          0          1
        16         16          0          1
        17         17          0          1
        18         18          0          1
        19         19          0          1
        20         20          0          1
        21         21          0          1
        22         22          0          1
        23         23          0          1
        24         24          0          1
        25         25          0          1
        26         26          0          1
        27         27          0          1
        28         28          0          1
        29         29          0          1
        30         30          0          1
        31         31          0          1
        32         32          0          1
        33         33          0          1
        34         34          0          1
        35         35          0          1
        36         36          0          1
        37         37          0          1
        38         38          0          1
        39         39          0          1
        40         40          0          1
        41         41          0          1
        42         42          0          1
        43         43          0          1
        44         44          0          1
        45         45          0          1
        46         46          0          1
        47         47          0          1
        48         48          0          1
        49         49          0          1
        50         50          0          1
        51         51          0          1
        52         52          0          1
        53         53          0          1
        54         54          0          1
        55         55          0          1
        56         56          0          1
        57         57          0          1
        58         58          0          1
        59         59          0          1
        60         60          0          1
        61         61          0          1
        62         62          0          1
        63         63          0          1
        64         64          0          1
        65         65          0          1
        66         66          0          1
        67         67          0          1
        68         68          0          1
        69         69          0          1
        70         70          0          1
        71         71          0          1
        72         72          0          1
        73         73          0          1
        74         74          0          1
        75         75          0          1
        76         76          0          1
        77         77          0          1
        78         78          0          1
        79         79          0          1
        80         80          0          1
        81         81          0          1
        82         82          0          1
        83         83          0          1
        84         84          0          1
        85         85          0          1
        86         86          0          1
        87         87          0          1
        88         88          0          1
        89         89          0          1
        90         90          0          1
        91         91          0          1
        92         92          0          1
        93         93          0          1
        94         94          0          1
        95         95          0          1
        96         96          0          1
        97         97          0          1
        98         98          0          1
        99         99          0          1
       100        100          0          1
       101        101          0          1
       102        102          0          1
       103        103          0          1
       104        104          0          1
       105        105          0          1
       106        106          0          1
       107        107          0          1
       108        108          0          1
       109        109          0          1
       110        110          0          1
       111        111          0          1
       112        112          0          1
       113        113          0          1
       114        114          0          1
       115        115          0          1
       116        116          0          1
       117        117          0          1
       118        118          0          1
       119        119          0          1
       120        120          0          1
       121        121          0          1
       122        122          0          1
       123        123          0          1
       124        124          0          1
       125        125          0          1
       126        126          0          1
       127        127          0          1
       128        128          0          1
       129        129          0          1
       130        130          0          1
       131        131          0          1
       132        132          0          1
       133        133          0          1
       134        134          0          1
       135        135          0          1
       136        136          0          1
       137        137          0          1
       138        138          0          1
       139        139          0          1
       140        140          0          1
       141        141          0          1
       142        142          0          1
       143        143          0          1
       144        144          0          1
       145        145          0          1
       146        146          0          1
       147        147          0          1
       148        148          0          1
       149        149          0          1
       150        150          0          1
       151        151          0          1
       152        152          0          1
       153        153          0          1
       154        154          0          1
       155        155          0          1
       156        156          0          1
       157        157          0          1
       158        158          0          1
       159        159          0          1
       160        160          0          1
       161        161          0          1
       162        162          0          1
       163        163          0          1
       164        164          0          1
       165        165          0          1
       166        166          0          1
       167        167          0          1
       168        168          0          1
       169        169          0          1
       170        170          0          1
       171        171          0          1
       172        172          0          1
       173        173          0          1
       174        174          0          1
       175        175          0          1
       176        176          0          1
       177        177          0          1
       178        178          0          1
       179        179          0          1
       180        180          0          1
       181        181          0          1
       182        182          0          1
       183        183          0          1
       184        184          0          1
       185        185          0          1
       186        186          0          1
       187        187          0          1
       188        188          0          1
       189        189          0          1
       190        190          0          1
       191        191          0          1
       192        192          0          1
       193        193          0          1
       194        194          0          1
       195        195          0          1
       196        196          0          1
       197        197          0          1
       198        198          0          1
       199        199          0          1
       200        200          0          1
       201        201          0          1
       202        202          0          1
       203        203          0          1
       204        204          0          1
       205        205          0          1
       206        206          0          1
       207        207          0          1
       208        208          0          1
       209        209          0          1
       210        210          0          1
       211        211          0          1
       212        212          0          1
       213        213          0          1
       214        214          0          1
       215        215          0          1
       216        216          0          1
       217        217          0          1
       218        218          0          1
       219        219          0          1
       220        220          0          1
       221        221          0          1
       222        222          0          1
       223        223          0          1
       224        224          0          1
       225        225          0          1
       226        226          0          1
       227        227          0          1
       228        228          0          1
       229        229          0          1
       230        230          0          1
       231        231          0          1
       232        232          0          1
       233        233          0          1
       234        234          0          1
       235        235          0          1
       236        236          0          1
       237        237          0          1
       238        238          0          1
       239        239          0          1
       240        240          0          1
       241        241          0          1
       242        242          0          1
       243        243          0          1
       244        244          0          1
       245        245          0          1
       246        246          0          1
       247        247          0          1
       248        248          0          1
       249        249          0          1
       250        250          0          1
       251        251          0          1
       252        252          0          1
       253        253          0          1
       254        254          0          1
       255        255          0          1
       256        256          0          1
       257        257          0          1
       258        258          0          1
       259        259          0          1
       260        260          0          1
       261        261          0          1
       262        262          0          1
       263        263          0          1
       264        264          0          1
       265        265          0          1
       266        266          0          1
       267        267          0          1
       268        268          0          1
       269        269          0          1
       270        270          0          1
       271        271          0          1
       272        272          0          1
       273        273          0          1
       274        274          0          1
       275        275          0          1
       276        276          0          1
       277        277          0          1
       278        278          0          1
       279        279          0          1
       280        280          0          1
       281        281          0          1
       282        282          0          1
       283        283          0          1
       284        284          0          1
       285        285          0          1
       286        286          0          1
       287        287          0          1
       288        288          0          1
       289        289          0          1
       290        290          0          1
       291        291          0          1
       292        292          0          1
       293        293          0          1
       294        294          0          1
       295        295          0          1
       296        296          0          1
       297        297          0          1
       298        298          0          1
       299        299          0          1
       300        300          0          1
       301        301          0          1
       302        302          0          1
       303        303          0          1
       304        304          0          1
       305        305          0          1
       306        306          0          1
       307        307          0          1
       308        308          0          1
       309        309          0          1
       310        310          0          1
       311        311          0          1
       312        312          0          1
       313        313          0          1
       314        314          0          1
       315        315          0          1
       316        316          0          1
       317        317          0          1
       318        318          0          1
       319        319          0          1
       320        320          0          1
       321        321          0          1
       322        322          0          1
       323        323          0          1
       324        324          0          1
       325        325          0          1
       326        326          0          1
       327        327          0          1
       328        328          0          1
       329        329          0          1
       330        330          0          1
       331        331          0          1
       332        332          0          1
       333        333          0          1
       334        334          0          1
       335        335          0          1
       336        336          0          1
       337        337          0          1
       338        338          0          1
       339        339          0          1
       340        340          0          1
       341        341          0          1
       342        342          0          1
       343        343          0          1
       344        344          0          1
       345        345          0          1
       346        346          0          1
       347        347          0          1
       348        348          0          1
       349        349          0          1
       350        350          0          1
       351        351          0          1
       352        352          0          1
       353        353          0          1
       354        354          0          1
       355        355          0          1
       356        356          0          1
       357        357          0          1
       358        358          0          1
       359        359          0          1
       360        360          0          1
       361        361          0          1
       362        362          0          1
       363        363          0          1
       364        364          0          1
       365        365          0          1
       366        366          0          1
       367        367          0          1
       368        368          0          1
       369        369          0          1
       370        370          0          1
       371        371          0          1
       372        372          0          1
       373        373          0          1
       374        374          0          1
       375        375          0          1
       376        376          0          1
       377        377          0          1
       378        378          0          1
       379        379          0          1
       380        380          0          1
       381        381          0          1
       382        382          0          1
       383        383          0          1
       384        384          0          1
       385        385          0          1
       386        386          0          1
       387        387          0          1
       388        388          0          1
       389        389          0          1
       390        390          0          1
       391        391          0          1
       392        392          0          1
       393        393          0          1
       394        394          0          1
       395        395          0          1
       396        396          0          1
       397        397          0          1
       398        398          0          1
       399        399          0          1
       400        400          0          1
                   0
configuration                    2                 5000         2.5079786163896534E-01         2.9800000000000000E+02         1.3877787807814457E-17
         1        350          0          1
         2         21          0          1
         3        364          1          1
         4        214          0          1
         5        365          0          1
         6        333          0          1
         7        136          0          1
         8        187          1          1
         9        133          0          1
        10         83          0          1
        11        128          0          1
        12        261          1          1
        13         98          0          1
        14        167          1          1
        15        157          0          1
        16        142          0          1
        17        168          0          1
        18        244          0          1
        19        319          0          1
        20        390          0          1
        21        276          1          1
        22         24          0          1
        23         76          0          1
        24         10          0          1
        25         71          1          1
        26        148          0          1
        27        153          1          1
        28         43          0          1
        29        346          1          1
        30        263          0          1
        31        248          0          1
        32        125          0          1
        33         68          0          1
        34        228          0          1
        35        262          0          1
        36        320          0          1
        37        226          0          1
        38        161          0          1
        39        218          1          1
        40        269          0          1
        41        324          0          1
        42        241          0          1
        43        293          0          1
        44        118          0          1
        45        249          0          1
        46         53          0          1
        47        164          0          1
        48         62          1          1
        49        210          0          1
        50         33          0          1
        51        152          0          1
        52        193          0          1
        53         58          0          1
        54        374          0          1
        55        398          0          1
        56        317          1          1
        57         14          0          1
        58         96          1          1
        59         22          0          1
        60        194          1          1
        61        202          0          1
        62        156          0          1
        63         75          1          1
        64        175          0          1
        65        188          0          1
        66        124          1          1
        67        386          0          1
        68        362          0          1
        69         78          0          1
        70        255          0          1
        71         48          0          1
        72        348          1          1
        73        177          0          1
        74        185          0          1
        75        134          0          1
        76         60          0          1
        77         91          0          1
        78        166          0          1
        79        191          1          1
        80        322          0          1
        81         82          1          1
        82        290          0          1
        83         18          0          1
        84        360          0          1
        85          9          0          1
        86        309          0          1
        87        203          0          1
        88        160          0          1
        89        355          0          1
        90        131          1          1
        91        361          0          1
        92        313          0          1
        93         27          0          1
        94        212          1          1
        95         28          0          1
        96        235          0          1
        97        307          0          1
        98         51          0          1
        99        138          0          1
       100        189          0          1
       101        183          0          1
       102        114          0          1
       103        394          1          1
       104        159          0          1
       105        242          0          1
       106        330          1          1
       107        278          0          1
       108        373          0          1
       109          7          1          1
       110        173          0          1
       111        256          0          1
       112        315          0          1
       113        224          0          1
       114        144          0          1
       115        376          0          1
       116        232          0          1
       117        372          1          1
       118        172          0          1
       119         88          0          1
       120        223          0          1
       121        219          0          1
       122        147          0          1
       123        270          0          1
       124        341          0          1
       125          8          0          1
       126         80          0          1
       127        332          0          1
       128        318          0          1
       129        230          0          1
       130        335          0          1
       131        178          0          1
       132         54          1          1
       133        339          0          1
       134        273          0          1
       135        358          0          1
       136        206          0          1
       137        304          0          1
       138        351          0          1
       139        150          0          1
       140        192          0          1
       141         90          0          1
       142         79          0          1
       143        149          0          1
       144        208          0          1
       145        199          1          1
       146         31          0          1
       147         25          0          1
       148         41          0          1
       149        289          1          1
       150        379          0          1
       151        236          0          1
       152        377          0          1
       153        342          0          1
       154        363          1          1
       155        180          0          1
       156        119          1          1
       157        334          0          1
       158         26          1          1
       159        343          0          1
       160        291          1          1
       161        186          1          1
       162        120          0          1
       163        126          0          1
       164        301          1          1
       165        204          0          1
       166        370          1          1
       167        209          0          1
       168        292          1          1
       169        113          0          1
       170        115          0          1
       171        397          0          1
       172        264          0          1
       173        316          0          1
       174          4          0          1
       175        231          1          1
       176        340          0          1
       177         66          1          1
       178        369          0          1
       179        298          1          1
       180         12          0          1
       181        347          0          1
       182        400          1          1
       183         45          0          1
       184         85          0          1
       185        387          1          1
       186        312          0          1
       187        205          0          1
       188         99          0          1
       189        207          0          1
       190        165          0          1
       191        245          0          1
       192        336          0          1
       193         40          0          1
       194        344          0          1
       195        281          0          1
       196        250          0          1
       197        123          0          1
       198        179          1          1
       199        139          0          1
       200        181          1          1
       201        311          1          1
       202        184          0          1
       203         94          0          1
       204        382          1          1
       205        368          0          1
       206        279          0          1
       207        176          0          1
       208        197          0          1
       209        378          1          1
       210        234          0          1
       211        135          0          1
       212        384          0          1
       213        259          0          1
       214        129          1          1
       215        110          0          1
       216        366          0          1
       217         11          1          1
       218        112          0          1
       219        103          1          1
       220        297          0          1
       221        108          0          1
       222        104          0          1
       223         16          0          1
       224        195          0          1
       225        381          0          1
       226        247          1          1
       227        300          0          1
       228        163          1          1
       229        145          0          1
       230         49          0          1
       231        294          0          1
       232        325          1          1
       233        137          0          1
       234        331          0          1
       235          2          1          1
       236         47          0          1
       237        296          0          1
       238        286          1          1
       239        371          0          1
       240         81          1          1
       241        116          1          1
       242        100          0          1
       243        109          0          1
       244        321          0          1
       245        216          1          1
       246        353          0          1
       247         46          0          1
       248        196          0          1
       249        267          1          1
       250        105          0          1
       251        306          0          1
       252        356          0          1
       253        310          0          1
       254        345          0          1
       255        239          0          1
       256        243          1          1
       257        352          0          1
       258        227          0          1
       259         39          0          1
       260         29          0          1
       261        359          0          1
       262         64          0          1
       263        162          0          1
       264        220          0          1
       265        246          0          1
       266        221          0          1
       267        392          0          1
       268         17          1          1
       269        268          0          1
       270         61          0          1
       271        323          1          1
       272        217          0          1
       273        200          0          1
       274         74          0          1
       275        299          0          1
       276        169          0          1
       277        277          0          1
       278        122          0          1
       279        237          1          1
       280        158          0          1
       281        327          0          1
       282        215          0          1
       283        380          0          1
       284        272          0          1
       285          3          0          1
       286        140          0          1
       287         13          1          1
       288        101          0          1
       289         72          1          1
       290        393          0          1
       291         95          0          1
       292        258          1          1
       293        375          0          1
       294         89          0          1
       295        251          0          1
       296         52          0          1
       297         42          0          1
       298        182          1          1
       299        121          0          1
       300        211          1          1
       301        288          0          1
       302        252          1          1
       303         87          0          1
       304         73          0          1
       305        274          0          1
       306        102          0          1
       307         86          0          1
       308         65          1          1
       309         37          0          1
       310         77          0          1
       311        229          1          1
       312        253          0          1
       313         35          1          1
       314        266          0          1
       315        141          1          1
       316        190          0          1
       317        338          1          1
       318          6          0          1
       319        260          0          1
       320        357          0          1
       321         30          0          1
       322         34          0          1
       323         32          0          1
       324         70          0          1
       325         92          0          1
       326        389          0          1
       327         23          1          1
       328        170          0          1
       329        367          1          1
       330        303          0          1
       331        238          0          1
       332        130          0          1
       333         55          0          1
       334         36          0          1
       335         97          0          1
       336         56          0          1
       337         19          0          1
       338        282          1          1
       339        385          0          1
       340        225          1          1
       341        117          0          1
       342        271          0          1
       343        284          0          1
       344        198          1          1
       345        329          0          1
       346         20          0          1
       347        132          0          1
       348        265          0          1
       349        283          0          1
       350        146          0          1
       351        305          0          1
       352        257          0          1
       353        326          0          1
       354        308          0          1
       355         38          0          1
       356        314          0          1
       357        151          1          1
       358        388          0          1
       359          1          0          1
       360        171          0          1
       361          5          1          1
       362        107          0          1
       363        395          0          1
       364        143          0          1
       365        254          0          1
       366         93          0          1
       367        155          0          1
       368        174          0          1
       369        280          0          1
       370         67          1          1
       371         50          0          1
       372        106          1          1
       373        383          0          1
       374        154          0          1
       375        349          0          1
       376         69          0          1
       377        337          0          1
       378        222          0          1
       379        111          0          1
       380        233          0          1
       381        391          0          1
       382        275          1          1
       383         57          0          1
       384         59          1          1
       385        285          0          1
       386         15          0          1
       387         84          0          1
       388        328          0          1
       389        213          1          1
       390         44          0          1
       391        127          0          1
       392        302          0          1
       393        240          0          1
       394        201          0          1
       395        354          0          1
       396        399          0          1
       397        295          1          1
       398        287          0          1
       399         63          0          1
       400        396          1          1
                 780
configuration                    3                10000         5.1203889196689878E-01         2.9800000000000000E+02         1.3877787807814457E-17
         1        303          0          1
         2        391          1          1
         3        311          0          1
         4        108          1          1
         5        170          0          1
         6        324          0          1
         7        157          0          1
         8        150          0          1
         9          2          0          1
        10        103          0          1
        11         91          0          1
        12        171          0          1
        13        216          0          1
        14        267          0          1
        15        265          0          1
        16        329          0          1
        17          8          0          1
        18        184          1          1
        19        282          0          1
        20        173          0          1
        21        284          1          1
        22        194          0          1
        23        395          0          1
        24         46          0          1
        25         86          0          1
        26        118          0          1
        27        211          0          1
        28        339          0          1
        29        362          0          1
        30        102          0          1
        31         59          0          1
        32         45          0          1
        33         60          1          1
        34        236          0          1
        35        149          0          1
        36        223          0          1
        37         75          1          1
        38         51          0          1
        39         32          0          1
        40        188          0          1
        41        259          0          1
        42        222          0          1
        43        129          0          1
        44        225          0          1
        45         80          0          1
        46        132          0          1
        47        310          0          1
        48        110          0          1
        49        383          0          1
        50        183          0          1
        51        281          0          1
        52        192          0          1
        53        144          0          1
        54        381          0          1
        55        139          0          1
        56        140          0          1
        57        255          0          1
        58        252          1          1
        59         25          0          1
        60        323          0          1
        61        196          0          1
        62        167          1          1
        63         70          0          1
        64        258          0          1
        65          1          0          1
        66         30          0          1
        67        350          0          1
        68        133          0          1
        69        273          0          1
        70         27          0          1
        71        342          0          1
        72        354          0          1
        73         92          0          1
        74        292          0          1
        75        320          0          1
        76        385          1          1
        77        348          0          1
        78        153          0          1
        79        322          1          1
        80        380          0          1
        81         16          1          1
        82         89          0          1
        83        287          0          1
        84        113          1          1
        85        313          0          1
        86        246          1          1
        87         64          0          1
        88        304          1          1
        89         12          0          1
        90         83          1          1
        91        221          0          1
        92        152          0          1
        93        275          0          1
        94        169          0          1
        95        278          0          1
        96        253          0          1
        97          6          1          1
        98         77          0          1
        99        244          0          1
       100        202          0          1
       101        127          0          1
       102        226          0          1
       103        397          0          1
       104        237          0          1
       105        130          0          1
       106        308          0          1
       107        269          1          1
       108        263          0          1
       109        262          1          1
       110        176          0          1
       111         33          1          1
       112        212          0          1
       113        357          0          1
       114        306          1          1
       115        121          0          1
       116         95          0          1
       117         56          0          1
       118        185          1          1
       119         88          0          1
       120        261          1          1
       121        285          0          1
       122        341          0          1
       123         24          0          1
       124         49          0          1
       125        377          1          1
       126         52          0          1
       127        234          0          1
       128        240          1          1
       129        200          0          1
       130        120          0          1
       131        172          0          1
       132        351          0          1
       133         15          1          1
       134         84          0          1
       135         62          0          1
       136         82          0          1
       137        128          0          1
       138        125          0          1
       139          3          0          1
       140        340          0          1
       141        204          1          1
       142        332          0          1
       143         96          0          1
       144        156          0          1
       145         23          0          1
       146        224          0          1
       147        122          1          1
       148        276          0          1
       149        242          0          1
       150        219          0          1
       151        166          1          1
       152        220          0          1
       153        298          0          1
       154        233          0          1
       155         87          1          1
       156        174          0          1
       157          9          0          1
       158         73          0          1
       159         22          1          1
       160        290          0          1
       161        358          0          1
       162         57          1          1
       163         39          0          1
       164         54          1          1
       165        187          0          1
       166        178          1          1
       167         78          0          1
       168        181          0          1
       169        116          0          1
       170        199          0          1
       171        360          0          1
       172        145          0          1
       173        245          0          1
       174        299          0          1
       175         76          0          1
       176        378          0          1
       177         47          0          1
       178        164          0          1
       179         34          0          1
       180         71          1          1
       181        359          0          1
       182        317          0          1
       183          4          0          1
       184         53          0          1
       185         58          0          1
       186        279          0          1
       187         20          0          1
       188          7          1          1
       189        126          0          1
       190        238          1          1
       191         43          0          1
       192        232          1          1
       193        143          0          1
       194         66          1          1
       195         11          0          1
       196         31          0          1
       197        206          0          1
       198        257          0          1
       199        335          1          1
       200        272          0          1
       201        312          0          1
       202        330          0          1
       203        109          0          1
       204        161          1          1
       205        325          0          1
       206        270          0          1
       207         40          1          1
       208        302          0          1
       209         38          0          1
       210        296          0          1
       211        195          0          1
       212        266          0          1
       213        193          0          1
       214        197          0          1
       215        105          0          1
       216        382          0          1
       217        189          0          1
       218         63          0          1
       219        277          0          1
       220        208          1          1
       221        190          0          1
       222        344          0          1
       223         50          0          1
       224        168          0          1
       225        147          0          1
       226         90          0          1
       227        230          0          1
       228        349          1          1
       229        345          0          1
       230        154          0          1
       231        250          0          1
       232         61          0          1
       233        148          0          1
       234        111          0          1
       235        314          1          1
       236        239          0          1
       237        214          0          1
       238        390          1          1
       239        213          0          1
       240        337          0          1
       241        319          1          1
       242        355          0          1
       243        135          1          1
       244        366          0          1
       245        248          0          1
       246        160          1          1
       247        347          0          1
       248        367          0          1
       249        179          0          1
       250        387          0          1
       251        291          0          1
       252        386          0          1
       253        333          1          1
       254         81          0          1
       255        369          0          1
       256        191          1          1
       257        247          0          1
       258         21          0          1
       259        353          1          1
       260         97          0          1
       261         35          0          1
       262        260          0          1
       263         94          0          1
       264        321          1          1
       265        201          0          1
       266        107          0          1
       267        215          0          1
       268        300          0          1
       269        227          0          1
       270        327          0          1
       271        112          0          1
       272        209          1          1
       273        289          0          1
       274         29          0          1
       275        271          0          1
       276        363          0          1
       277        205          0          1
       278        294          0          1
       279        137          0          1
       280        228          0          1
       281        229          0          1
       282        283          0          1
       283        131          1          1
       284        274          0          1
       285        400          0          1
       286        268          0          1
       287        186          0          1
       288        388          0          1
       289        370          0          1
       290        372          0          1
       291        182          0          1
       292        254          0          1
       293         85          0          1
       294         99          0          1
       295        256          0          1
       296        104          0          1
       297        198          0          1
       298        301          1          1
       299         48          0          1
       300         72          0          1
       301        315          0          1
       302        210          1          1
       303        165          0          1
       304        336          1          1
       305        163          0          1
       306         98          0          1
       307        389          0          1
       308        146          0          1
       309        356          0          1
       310        384          0          1
       311        392          0          1
       312        106          0          1
       313         55          0          1
       314        243          0          1
       315        326          1          1
       316        316          0          1
       317        207          0          1
       318         68          0          1
       319         93          1          1
       320        343          0          1
       321        217          0          1
       322        142          0          1
       323        155          1          1
       324        346          0          1
       325        249          0          1
       326        162          1          1
       327         18          0          1
       328        379          1          1
       329        331          0          1
       330        235          0          1
       331        288          0          1
       332        159          1          1
       333        374          0          1
       334         37          1          1
       335        251          0          1
       336        141          0          1
       337        373          1          1
       338        293          0          1
       339        328          0          1
       340        338          0          1
       341        307          0          1
       342          5          0          1
       343        371          0          1
       344         14          1          1
       345         28          0          1
       346        318          0          1
       347         26          1          1
       348        393          0          1
       349        119          1          1
       350        231          0          1
       351        376          1          1
       352         44          0          1
       353        151          1          1
       354        368          0          1
       355        297          0          1
       356        180          1          1
       357        177          0          1
       358        396          0          1
       359        114          0          1
       360        138          1          1
       361         41          0          1
       362         36          0          1
       363         65          0          1
       364        334          0          1
       365         42          0          1
       366        399          0          1
       367        136          0          1
       368        123          1          1
       369        309          0          1
       370         69          0          1
       371         19          0          1
       372        365          1          1
       373        264          0          1
       374        115          0          1
       375        158          1          1
       376        286          0          1
       377        124          1          1
       378        134          0          1
       379        352          0          1
       380        203          0          1
       381        375          1          1
       382        101          0          1
       383        361          0          1
       384         10          0          1
       385         17          1          1
       386        175          0          1
       387        117          1          1
       388        100          0          1
       389        394          0          1
       390         79          0          1
       391        364          1          1
       392        295          0          1
       393        280          1          1
       394        218          0          1
       395         13          0          1
       396        305          0          1
       397         74          0          1
       398        398          0          1
       399        241          1          1
       400         67          0          1
                1592
configuration                    4                15000         7.6729893860831022E-01         2.9800000000000000E+02         2.0000000000000001E-01
         1         93          1          1
         2        236          0          1
         3        256          0          1
         4        306          0          1
         5        147          1          1
         6         53          0          1
         7        350          0          1
         8         22          0          1
         9         61          1          1
        10        101          0          1
        11        231          1          1
        12        232          0          1
        13        186          0          1
        14        347          0          1
        15        274          1          1
        16         66          0          1
        17        104          0          1
        18        400          0          1
        19        322          1          1
        20         54          0          1
        21        397          0          1
        22        246          0          1
        23        244          0          1
        24        105          0          1
        25        371          0          1
        26         92          1          1
        27        343          0          1
        28        252          1          1
        29        268          0          1
        30         60          0          1
        31        125          0          1
        32        284          0          1
        33        118          0          1
        34         48          0          1
        35        345          0          1
        36        130          0          1
        37        206          0          1
        38        395          0          1
        39        137          0          1
        40        313          0          1
        41         25          1          1
        42         44          0          1
        43         95          1          1
        44        175          0          1
        45        367          1          1
        46         77          0          1
        47        143          1          1
        48        316          0          1
        49         75          1          1
        50         32          0          1
        51         30          1          1
        52        383          1          1
        53        102          0          1
        54        107          0          1
        55         51          0          1
        56        204          1          1
        57        358          0          1
        58        177          0          1
        59        285          0          1
        60        286          0          1
        61        226          0          1
        62        112          0          1
        63        334          0          1
        64         84          0          1
        65        364          0          1
        66        196          0          1
        67        229          0          1
        68         81          0          1
        69        382          0          1
        70          2          0          1
        71        344          0          1
        72        164          0          1
        73        279          1          1
        74        276          0          1
        75        212          0          1
        76        260          0          1
        77        228          1          1
        78        267          0          1
        79        165          1          1
        80        294          0          1
        81        369          1          1
        82        155          0          1
        83        292          0          1
        84        362          0          1
        85        386          0          1
        86         42          0          1
        87         87          0          1
        88        159          0          1
        89         40          0          1
        90         28          0          1
        91         62          0          1
        92         79          0          1
        93        385          0          1
        94        341          1          1
        95        317          0          1
        96        375          0          1
        97        311          0          1
        98        387          1          1
        99        249          0          1
       100          5          0          1
       101        216          0          1
       102         16          0          1
       103        144          0          1
       104        300          1          1
       105         12          0          1
       106         94          1          1
       107        116          0          1
       108         72          0          1
       109        262          0          1
       110        394          1          1
       111         78          0          1
       112        309          0          1
       113        348          0          1
       114        134          0          1
       115         36          0          1
       116        167          0          1
       117        271          1          1
       118         49          0          1
       119        158          0          1
       120        377          1          1
       121        100          0          1
       122         90          1          1
       123        240          0          1
       124        202          0          1
       125        126          1          1
       126         63          0          1
       127        392          0          1
       128        192          0          1
       129        220          1          1
       130        161          0          1
       131        149          0          1
       132         45          0          1
       133        270          0          1
       134         15          1          1
       135        278          0          1
       136         46          0          1
       137        152          0          1
       138        352          0          1
       139        264          1          1
       140        248          0          1
       141        201          0          1
       142        132          0          1
       143        360          1          1
       144        269          0          1
       145          8          0          1
       146        275          0          1
       147        197          0          1
       148        121          1          1
       149        209          0          1
       150         24          0          1
       151        388          0          1
       152         41          0          1
       153        191          1          1
       154        109          0          1
       155        331          0          1
       156        336          0          1
       157         27          1          1
       158         59          0          1
       159        224          0          1
       160         80          1          1
       161        195          0          1
       162         37          0          1
       163        368          0          1
       164         56          0          1
       165        349          1          1
       166        370          0          1
       167         83          0          1
       168        169          0          1
       169        295          1          1
       170        326          0          1
       171         99          0          1
       172        180          1          1
       173        302          0          1
       174        255          0          1
       175        218          0          1
       176        277          1          1
       177        123          0          1
       178        373          0          1
       179          3          0          1
       180         91          0          1
       181         52          0          1
       182        131          0          1
       183        141          0          1
       184        119          0          1
       185         20          0          1
       186        390          1          1
       187        178          0          1
       188         97          0          1
       189        353          0          1
       190        365          1          1
       191         21          0          1
       192        173          0          1
       193        393          1          1
       194        138          0          1
       195        247          1          1
       196        328          0          1
       197        304          0          1
       198         18          0          1
       199        280          1          1
       200        318          0          1
       201        259          0          1
       202        363          0          1
       203        189          0          1
       204        214          0          1
       205        146          0          1
       206        335          0          1
       207        366          0          1
       208        238          1          1
       209        296          0          1
       210        312          0          1
       211        251          0          1
       212        325          0          1
       213        332          0          1
       214        324          0          1
       215        333          0          1
       216        320          0          1
       217        128          0          1
       218        396          0          1
       219         88          0          1
       220        199          0          1
       221        193          0          1
       222        282          1          1
       223        188          0          1
       224        327          0          1
       225         68          0          1
       226        342          1          1
       227        133          0          1
       228         38          0          1
       229        283          1          1
       230        384          0          1
       231        374          1          1
       232        136          0          1
       233         76          0          1
       234        265          1          1
       235        234          0          1
       236        337          0          1
       237        242          0          1
       238        233          1          1
       239        378          0          1
       240        211          0          1
       241         35          1          1
       242        361          0          1
       243        200          0          1
       244        114          0          1
       245        288          0          1
       246        330          0          1
       247         50          0          1
       248        287          0          1
       249        139          0          1
       250        281          0          1
       251        172          0          1
       252        389          0          1
       253        171          0          1
       254         71          1          1
       255        111          0          1
       256        145          1          1
       257        354          0          1
       258         14          0          1
       259        340          0          1
       260        187          0          1
       261        150          0          1
       262         85          1          1
       263          9          0          1
       264         58          1          1
       265        243          0          1
       266        261          0          1
       267        237          0          1
       268        185          0          1
       269        115          0          1
       270         11          1          1
       271        183          0          1
       272        359          0          1
       273         82          0          1
       274        156          0          1
       275        235          0          1
       276         98          0          1
       277        254          1          1
       278        319          0          1
       279        293          1          1
       280        122          0          1
       281        299          0          1
       282        380          0          1
       283        203          0          1
       284        168          0          1
       285        106          0          1
       286         73          0          1
       287        357          0          1
       288        258          0          1
       289        148          1          1
       290        241          0          1
       291         65          0          1
       292        135          1          1
       293        314          0          1
       294        291          1          1
       295        213          0          1
       296        198          0          1
       297        113          0          1
       298        355          1          1
       299         96          0          1
       300        372          1          1
       301        351          0          1
       302          4          0          1
       303        174          0          1
       304         34          0          1
       305        253          0          1
       306         70          0          1
       307        117          1          1
       308        381          0          1
       309        154          0          1
       310         13          1          1
       311        162          0          1
       312        338          0          1
       313         55          0          1
       314        303          0          1
       315        245          0          1
       316         86          0          1
       317        321          0          1
       318         89          0          1
       319        273          0          1
       320        182          0          1
       321         64          1          1
       322         43          0          1
       323        376          0          1
       324          1          0          1
       325          6          0          1
       326        108          0          1
       327        170          0          1
       328        215          0          1
       329        323          0          1
       330        160          0          1
       331        308          0          1
       332         74          0          1
       333        219          0          1
       334        346          0          1
       335        298          0          1
       336        227          0          1
       337        124          0          1
       338        250          0          1
       339        239          0          1
       340        176          0          1
       341        307          0          1
       342        315          0          1
       343         29          0          1
       344        205          0          1
       345        257          0          1
       346        181          1          1
       347        290          0          1
       348         23          0          1
       349        153          0          1
       350         47          0          1
       351        207          0          1
       352        179          1          1
       353        230          0          1
       354        140          0          1
       355        151          0          1
       356        272          1          1
       357         10          0          1
       358        157          1          1
       359        297          0          1
       360        399          0          1
       361         31          0          1
       362        184          1          1
       363         57          0          1
       364        263          0          1
       365        210          0          1
       366        142          0          1
       367        398          0          1
       368         17          0          1
       369        163          0          1
       370        166          0          1
       371        379          0          1
       372        301          0          1
       373        221          0          1
       374        329          1          1
       375        356          0          1
       376         26          0          1
       377        266          0          1
       378          7          0          1
       379        129          0          1
       380        190          0          1
       381        127          0          1
       382        217          0          1
       383        310          0          1
       384        339          0          1
       385        120          0          1
       386        103          0          1
       387        194          1          1
       388         69          0          1
       389        110          0          1
       390         33          1          1
       391        289          0          1
       392        223          0          1
       393         67          0          1
       394         39          0          1
       395        222          0          1
       396        208          0          1
       397         19          1          1
       398        305          0          1
       399        391          0          1
       400        225          0          1
                2389
configuration                    5                20000         1.0311560279024006E+00         2.9800000000000000E+02         1.3877787807814457E-17
         1         71          0          1
         2         78          0          1
         3         23          0          1
         4        294          0          1
         5        392          0          1
         6        358          1          1
         7          5          0          1
         8        119          1          1
         9        340          0          1
        10        146          0          1
        11        133          0          1
        12        259          0          1
        13        117          0          1
        14        296          0          1
        15        330          0          1
        16        168          0          1
        17        369          0          1
        18        184          0          1
        19        115          0          1
        20        226          0          1
        21         79          0          1
        22        104          0          1
        23        349          0          1
        24        135          0          1
        25         28          0          1
        26         93          0          1
        27        377          0          1
        28        363          0          1
        29         76          0          1
        30        162          0          1
        31         77          1          1
        32         19          0          1
        33        278          0          1
        34        270          0          1
        35         21          1          1
        36        399          0          1
        37        301          0          1
        38         82          0          1
        39        373          0          1
        40        255          0          1
        41        293          1          1
        42        169          0          1
        43        284          0          1
        44         70          0          1
        45        241          0          1
        46        342          0          1
        47        129          1          1
        48        345          0          1
        49         69          0          1
        50        312          0          1
        51         45          0          1
        52        172          1          1
        53         60          0          1
        54        112          0          1
        55        249          0          1
        56        260          1          1
        57         26          0          1
        58        328          1          1
        59         20          0          1
        60        101          0          1
        61        181          0          1
        62        370          0          1
        63         59          0          1
        64         84          0          1
        65         75          1          1
        66         48          0          1
        67        344          0          1
        68        388          0          1
        69         72          0          1
        70        210          0          1
        71        326          1          1
        72        253          0          1
        73        113          0          1
        74        346          0          1
        75         42          0          1
        76        107          0          1
        77         63          0          1
        78        123          0          1
        79        376          0          1
        80        360          1          1
        81        334          1          1
        82        199          0          1
        83        231          1          1
        84        134          0          1
        85        327          0          1
        86        262          0          1
        87         92          1          1
        88         98          0          1
        89         33          0          1
        90        209          1          1
        91         94          0          1
        92        372          0          1
        93        367          1          1
        94         90          0          1
        95        192          0          1
        96         66          1          1
        97        333          0          1
        98        299          0          1
        99        132          0          1
       100          6          0          1
       101        224          0          1
       102        165          0          1
       103        219          0          1
       104         55          0          1
       105        222          1          1
       106         73          0          1
       107        384          0          1
       108        266          0          1
       109        371          1          1
       110        149          0          1
       111        142          0          1
       112          3          0          1
       113        114          0          1
       114        110          0          1
       115        338          1          1
       116         81          0          1
       117        250          0          1
       118        246          0          1
       119        195          0          1
       120        287          0          1
       121        211          1          1
       122        106          0          1
       123        174          1          1
       124        274          0          1
       125        220          0          1
       126        309          0          1
       127         38          0          1
       128        166          1          1
       129        337          0          1
       130        280          0          1
       131        143          0          1
       132        196          0          1
       133        281          0          1
       134        271          0          1
       135        273          0          1
       136        128          0          1
       137        237          0          1
       138        197          0          1
       139        381          1          1
       140         49          0          1
       141        306          0          1
       142        302          1          1
       143        214          0          1
       144         36          1          1
       145        228          0          1
       146        324          0          1
       147        359          0          1
       148         91          0          1
       149        161          0          1
       150         85          0          1
       151        343          1          1
       152        173          0          1
       153        348          0          1
       154         57          0          1
       155        396          0          1
       156        130          0          1
       157        314          0          1
       158        157          1          1
       159        336          0          1
       160        352          1          1
       161        379          0          1
       162         14          0          1
       163        194          0          1
       164        233          0          1
       165        247          0          1
       166        364          0          1
       167        127          0          1
       168         56          0          1
       169        163          1          1
       170        215          0          1
       171        395          0          1
       172        105          1          1
       173        238          0          1
       174        122          0          1
       175        218          0          1
       176         30          0          1
       177         31          0          1
       178        368          0          1
       179        286          0          1
       180        335          0          1
       181        353          0          1
       182        164          0          1
       183        108          0          1
       184        111          0          1
       185         16          1          1
       186        282          0          1
       187         74          0          1
       188        357          1          1
       189        385          0          1
       190        141          0          1
       191        356          0          1
       192         67          0          1
       193        100          1          1
       194        138          0          1
       195        236          1          1
       196        131          0          1
       197        290          0          1
       198        382          1          1
       199         10          0          1
       200        175          0          1
       201        176          0          1
       202        225          0          1
       203         95          1          1
       204         29          0          1
       205        383          0          1
       206          4          0          1
       207         39          0          1
       208        158          0          1
       209        200          0          1
       210        124          1          1
       211        365          0          1
       212        234          0          1
       213        267          0          1
       214        397          0          1
       215        232          0          1
       216         41          1          1
       217        378          0          1
       218        185          0          1
       219         89          0          1
       220        205          1          1
       221        347          0          1
       222        150          1          1
       223        120          0          1
       224        156          0          1
       225         46          0          1
       226        198          1          1
       227         44          0          1
       228        202          0          1
       229        248          0          1
       230        229          0          1
       231          1          0          1
       232          9          1          1
       233         40          0          1
       234        303          1          1
       235        244          0          1
       236        264          0          1
       237         52          0          1
       238        183          0          1
       239        177          0          1
       240        144          0          1
       241        350          0          1
       242        339          0          1
       243          8          0          1
       244        227          1          1
       245        390          0          1
       246        235          0          1
       247         27          1          1
       248        292          0          1
       249        167          1          1
       250        308          0          1
       251         87          0          1
       252        283          0          1
       253        153          0          1
       254        341          0          1
       255         43          1          1
       256        315          0          1
       257        148          0          1
       258        257          0          1
       259        179          0          1
       260        323          0          1
       261        116          1          1
       262        240          0          1
       263        366          0          1
       264        320          0          1
       265        331          0          1
       266        285          0          1
       267        187          0          1
       268        118          0          1
       269         61          0          1
       270        137          0          1
       271        213          1          1
       272        288          0          1
       273        310          0          1
       274        393          0          1
       275         53          0          1
       276        291          0          1
       277         12          0          1
       278        207          0          1
       279        217          0          1
       280        140          0          1
       281         37          0          1
       282        319          0          1
       283        316          1          1
       284        186          0          1
       285        126          0          1
       286         54          0          1
       287        311          1          1
       288        254          0          1
       289        245          1          1
       290        242          0          1
       291         65          0          1
       292         32          0          1
       293        139          0          1
       294        136          0          1
       295         34          0          1
       296         80          1          1
       297        152          0          1
       298        145          1          1
       299        204          0          1
       300         11          0          1
       301        251          0          1
       302        351          1          1
       303        265          0          1
       304         22          0          1
       305        362          0          1
       306        221          0          1
       307        230          0          1
       308         86          1          1
       309        279          0          1
       310        400          1          1
       311        394          0          1
       312        272          0          1
       313          7          0          1
       314        239          0          1
       315          2          1          1
       316        203          0          1
       317        212          0          1
       318         13          0          1
       319         47          1          1
       320         15          0          1
       321        297          0          1
       322        263          0          1
       323        295          1          1
       324        304          0          1
       325        256          0          1
       326        329          0          1
       327         88          0          1
       328         58          0          1
       329        354          0          1
       330        201          0          1
       331         64          1          1
       332        170          0          1
       333        289          0          1
       334        275          0          1
       335        171          0          1
       336        398          0          1
       337        154          0          1
       338        321          0          1
       339        322          0          1
       340        268          0          1
       341        386          1          1
       342        125          0          1
       343        216          0          1
       344        374          0          1
       345        191          0          1
       346         96          0          1
       347        276          1          1
       348         17          0          1
       349        317          1          1
       350        208          0          1
       351         68          0          1
       352        391          0          1
       353         50          0          1
       354         83          1          1
       355        298          0          1
       356         97          1          1
       357        160          0          1
       358        305          0          1
       359        147          0          1
       360        155          0          1
       361        261          0          1
       362         62          0          1
       363         99          1          1
       364        307          0          1
       365        182          0          1
       366        189          0          1
       367        180          0          1
       368        109          1          1
       369        269          0          1
       370        355          0          1
       371        300          0          1
       372         25          1          1
       373        325          0          1
       374        178          0          1
       375        190          0          1
       376        380          0          1
       377        332          0          1
       378        206          1          1
       379        193          0          1
       380         51          0          1
       381        258          0          1
       382        389          1          1
       383        387          0          1
       384         35          0          1
       385        188          1          1
       386        375          0          1
       387        102          0          1
       388        318          0          1
       389        252          0          1
       390        103          0          1
       391        159          1          1
       392        151          0          1
       393        223          1          1
       394        277          0          1
       395        313          0          1
       396        361          1          1
       397        121          0          1
       398        243          0          1
       399         24          0          1
       400         18          1          1
                3148
configuration                    6                25000         1.2959908468372410E+00         2.9800000000000000E+02         1.0000000000000002E-01
         1        169          0          1
         2         95          0          1
         3        347          0          1
         4         13          0          1
         5        337          0          1
         6        100          0          1
         7        307          0          1
         8        360          0          1
         9        251          0          1
        10         22          0          1
        11        351          0          1
        12        133          0          1
        13         16          0          1
        14         12          1          1
        15        381          0          1
        16        243          0          1
        17        367          0          1
        18        366          1          1
        19        278          0          1
        20        149          1          1
        21        363          0          1
        22        155          0          1
        23        303          0          1
        24        190          0          1
        25         52          0          1
        26        137          0          1
        27         34          1          1
        28        250          0          1
        29        389          1          1
        30        170          0          1
        31        345          0          1
        32        399          0          1
        33        256          0          1
        34        372          0          1
        35        194          1          1
        36        199          0          1
        37        235          0          1
        38         15          0          1
        39        175          1          1
        40         41          0          1
        41        317          1          1
        42         31          0          1
        43        238          0          1
        44        395          0          1
        45        292          1          1
        46         23          0          1
        47        334          0          1
        48         26          1          1
        49        219          0          1
        50        138          0          1
        51        295          0          1
        52        369          1          1
        53         89          0          1
        54         58          0          1
        55          3          0          1
        56        301          0          1
        57        207          0          1
        58        210          0          1
        59        226          0          1
        60        178          0          1
        61        221          0          1
        62        192          1          1
        63        264          0          1
        64         28          0          1
        65          7          0          1
        66        245          0          1
        67         80          0          1
        68        284          0          1
        69        260          0          1
        70        323          1          1
        71        394          0          1
        72        217          0          1
        73        321          0          1
        74        195          0          1
        75        122          0          1
        76        288          0          1
        77         30          0          1
        78         83          0          1
        79        277          0          1
        80        151          1          1
        81        397          1          1
        82        359          0          1
        83        355          0          1
        84         93          0          1
        85        287          0          1
        86        113          1          1
        87        224          0          1
        88        181          0          1
        89        118          1          1
        90        141          0          1
        91         44          0          1
        92         50          0          1
        93        311          0          1
        94        216          1          1
        95        205          0          1
        96        268          0          1
        97        318          1          1
        98         11          0          1
        99        176          0          1
       100         10          0          1
       101        374          0          1
       102        244          1          1
       103         19          0          1
       104        223          0          1
       105        324          0          1
       106        229          0          1
       107        383          0          1
       108        255          0          1
       109        218          0          1
       110        130          0          1
       111         96          1          1
       112        159          0          1
       113        206          0          1
       114        232          0          1
       115        123          0          1
       116        257          1          1
       117        313          0          1
       118        174          0          1
       119          9          1          1
       120        263          0          1
       121        171          1          1
       122        358          0          1
       123         32          0          1
       124          4          0          1
       125        231          1          1
       126        279          0          1
       127        154          0          1
       128         99          0          1
       129        339          1          1
       130         57          0          1
       131        197          0          1
       132         77          0          1
       133        320          0          1
       134         59          0          1
       135        119          1          1
       136         98          0          1
       137        246          0          1
       138        150          1          1
       139        132          0          1
       140         49          0          1
       141        160          0          1
       142         55          1          1
       143        213          0          1
       144        315          0          1
       145        266          0          1
       146         70          0          1
       147        349          0          1
       148        179          1          1
       149         45          0          1
       150        326          0          1
       151        364          1          1
       152        305          0          1
       153         20          0          1
       154        145          0          1
       155         90          0          1
       156        227          0          1
       157        156          1          1
       158        134          0          1
       159         78          1          1
       160        188          0          1
       161        172          0          1
       162        105          0          1
       163         66          0          1
       164        344          0          1
       165         29          1          1
       166        343          0          1
       167        340          1          1
       168         91          0          1
       169        165          0          1
       170        299          1          1
       171        120          0          1
       172        249          0          1
       173        254          0          1
       174        236          0          1
       175        104          0          1
       176         48          0          1
       177        234          0          1
       178         75          1          1
       179        168          0          1
       180        101          1          1
       181        106          1          1
       182        269          0          1
       183        373          0          1
       184        258          1          1
       185        376          0          1
       186        348          1          1
       187        396          0          1
       188        114          0          1
       189        124          1          1
       190        332          0          1
       191        228          0          1
       192        183          0          1
       193        314          0          1
       194        115          0          1
       195        342          1          1
       196         71          0          1
       197        209          0          1
       198        142          0          1
       199        306          0          1
       200        294          0          1
       201        325          0          1
       202        304          0          1
       203         40          0          1
       204         46          0          1
       205        346          1          1
       206        329          0          1
       207         94          0          1
       208         24          0          1
       209        203          0          1
       210        182          0          1
       211        117          0          1
       212        144          1          1
       213        271          0          1
       214        386          0          1
       215         74          0          1
       216        225          0          1
       217        270          0          1
       218        353          1          1
       219        103          0          1
       220        241          1          1
       221        140          0          1
       222        265          0          1
       223        240          0          1
       224        377          0          1
       225         64          0          1
       226        365          0          1
       227        153          1          1
       228        371          0          1
       229        286          0          1
       230        310          0          1
       231        289          0          1
       232          1          0          1
       233         54          0          1
       234        102          0          1
       235        116          0          1
       236         35          0          1
       237        261          1          1
       238        111          0          1
       239        167          0          1
       240        121          0          1
       241        128          0          1
       242        184          0          1
       243        290          1          1
       244        368          0          1
       245        220          1          1
       246        135          0          1
       247         53          0          1
       248         69          0          1
       249        362          0          1
       250        185          0          1
       251        273          0          1
       252        146          1          1
       253         17          0          1
       254         86          0          1
       255        204          0          1
       256        148          0          1
       257         92          0          1
       258        328          1          1
       259        196          0          1
       260        354          1          1
       261         81          0          1
       262        262          0          1
       263        293          0          1
       264        330          1          1
       265        388          0          1
       266        352          0          1
       267         21          1          1
       268        291          0          1
       269         61          0          1
       270        319          1          1
       271        131          0          1
       272        309          0          1
       273         43          0          1
       274        110          1          1
       275        237          0          1
       276        281          0          1
       277         76          0          1
       278        107          0          1
       279        186          1          1
       280         25          0          1
       281        331          0          1
       282         56          1          1
       283        208          0          1
       284        312          0          1
       285         39          0          1
       286        242          0          1
       287        302          0          1
       288         37          0          1
       289        338          1          1
       290         14          0          1
       291        391          0          1
       292         79          1          1
       293        177          0          1
       294        308          0          1
       295         63          0          1
       296        233          0          1
       297        275          0          1
       298        350          1          1
       299          6          0          1
       300         67          0          1
       301        166          0          1
       302        189          0          1
       303        247          0          1
       304        300          0          1
       305         18          0          1
       306        335          0          1
       307         82          0          1
       308        385          0          1
       309         84          0          1
       310         72          0          1
       311         97          0          1
       312        398          0          1
       313        387          1          1
       314        109          0          1
       315        163          1          1
       316        212          0          1
       317        143          0          1
       318        327          0          1
       319         60          1          1
       320        108          0          1
       321        356          0          1
       322        382          0          1
       323        112          1          1
       324        370          0          1
       325         33          0          1
       326        139          0          1
       327         88          0          1
       328        239          1          1
       329         27          0          1
       330        384          0          1
       331        400          1          1
       332        214          1          1
       333        211          0          1
       334        274          0          1
       335        161          0          1
       336         47          0          1
       337        202          1          1
       338         87          0          1
       339        285          0          1
       340        125          1          1
       341        200          0          1
       342        375          0          1
       343        298          0          1
       344        393          1          1
       345        280          0          1
       346        380          0          1
       347        333          1          1
       348        230          0          1
       349        283          0          1
       350        157          1          1
       351         42          0          1
       352         85          0          1
       353         36          0          1
       354        272          0          1
       355        357          1          1
       356        276          0          1
       357        222          0          1
       358         73          0          1
       359        282          1          1
       360        147          0          1
       361        173          0          1
       362         65          1          1
       363        392          0          1
       364        322          0          1
       365        164          0          1
       366        248          0          1
       367        390          0          1
       368        193          0          1
       369        296          0          1
       370        215          0          1
       371        187          0          1
       372        201          0          1
       373        127          1          1
       374        253          0          1
       375        152          0          1
       376        267          1          1
       377        129          0          1
       378        126          0          1
       379        378          0          1
       380          5          0          1
       381          8          0          1
       382        191          0          1
       383        361          0          1
       384        341          1          1
       385        180          0          1
       386        297          0          1
       387         38          0          1
       388         68          0          1
       389        336          0          1
       390         51          0          1
       391        158          0          1
       392        136          0          1
       393         62          0          1
       394        252          0          1
       395        379          0          1
       396        162          0          1
       397          2          1          1
       398        316          0          1
       399        198          0          1
       400        259          0          1
                3922
configuration                    7                30000         1.5591147378940182E+00         2.9800000000000000E+02         1.3877787807814457E-17
         1        381          0          1
         2         48          1          1
         3        348          0          1
         4        376          0          1
         5        299          0          1
         6        195          1          1
         7          4          0          1
         8        177          0          1
         9        287          1          1
        10         17          0          1
        11        351          0          1
        12        257          0          1
        13        295          0          1
        14        189          1          1
        15        118          0          1
        16        214          1          1
        17        185          0          1
        18         87          0          1
        19        398          0          1
        20        155          0          1
        21        379          0          1
        22        337          0          1
        23         70          0          1
        24        175          1          1
        25         54          0          1
        26        267          0          1
        27        270          0          1
        28        116          1          1
        29        133          0          1
        30         66          0          1
        31         31          1          1
        32        253          0          1
        33        207          0          1
        34         57          0          1
        35          8          0          1
        36        104          0          1
        37        161          1          1
        38         32          0          1
        39        266          1          1
        40        370          0          1
        41        125          0          1
        42         86          0          1
        43        330          0          1
        44        263          0          1
        45        208          0          1
        46        360          0          1
        47        163          0          1
        48        320          0          1
        49        224          1          1
        50         43          0          1
        51        228          0          1
        52        187          1          1
        53        371          0          1
        54         52          1          1
        55          2          0          1
        56        336          0          1
        57        308          0          1
        58        272          0          1
        59        268          0          1
        60        106          0          1
        61        101          1          1
        62        276          0          1
        63         59          1          1
        64        231          0          1
        65         16          0          1
        66         19          0          1
        67         85          0          1
        68        243          0          1
        69         44          0          1
        70         12          0          1
        71        377          0          1
        72         49          0          1
        73        289          0          1
        74         56          0          1
        75        240          0          1
        76        209          0          1
        77        135          1          1
        78        285          0          1
        79        147          0          1
        80         21          0          1
        81        331          0          1
        82        306          0          1
        83         72          0          1
        84        143          1          1
        85        342          0          1
        86        196          0          1
        87         36          1          1
        88         97          0          1
        89        343          0          1
        90        365          0          1
        91        265          0          1
        92        309          1          1
        93        311          0          1
        94        313          1          1
        95        387          0          1
        96         93          1          1
        97        140          0          1
        98         76          0          1
        99        326          1          1
       100        338          0          1
       101        168          1          1
       102        111          0          1
       103        122          0          1
       104        102          0          1
       105        132          0          1
       106        233          0          1
       107        166          0          1
       108        277          1          1
       109        352          0          1
       110        282          0          1
       111         14          1          1
       112        124          0          1
       113         61          0          1
       114         47          0          1
       115         15          0          1
       116        119          0          1
       117        188          0          1
       118        120          0          1
       119        393          0          1
       120        281          0          1
       121        210          0          1
       122        190          0          1
       123         39          0          1
       124        383          1          1
       125        227          0          1
       126        137          0          1
       127         53          1          1
       128         84          0          1
       129        373          0          1
       130        165          0          1
       131        319          0          1
       132        385          0          1
       133        245          1          1
       134        238          0          1
       135        294          0          1
       136        271          0          1
       137        167          0          1
       138        395          0          1
       139        361          1          1
       140        242          0          1
       141         98          0          1
       142        317          0          1
       143        215          0          1
       144        112          0          1
       145         69          1          1
       146         11          0          1
       147        148          0          1
       148        150          1          1
       149        152          0          1
       150        358          0          1
       151        367          0          1
       152        249          1          1
       153        157          0          1
       154        105          1          1
       155        304          0          1
       156         13          0          1
       157        391          1          1
       158        250          0          1
       159        114          0          1
       160        345          1          1
       161        222          1          1
       162        286          0          1
       163        259          0          1
       164        203          1          1
       165        327          0          1
       166        260          1          1
       167        156          0          1
       168        220          0          1
       169        171          0          1
       170        123          0          1
       171        353          1          1
       172        174          0          1
       173        164          1          1
       174        170          0          1
       175         78          0          1
       176          7          1          1
       177        234          0          1
       178        151          0          1
       179        280          0          1
       180         42          0          1
       181        256          0          1
       182        269          0          1
       183        212          0          1
       184         81          0          1
       185        246          1          1
       186         80          0          1
       187        113          0          1
       188         41          0          1
       189        340          1          1
       190        254          0          1
       191        109          0          1
       192        108          1          1
       193        300          0          1
       194        264          0          1
       195         96          0          1
       196         18          0          1
       197        366          0          1
       198        298          0          1
       199        290          0          1
       200        335          0          1
       201        274          1          1
       202         65          0          1
       203         88          0          1
       204        364          0          1
       205        328          0          1
       206        375          1          1
       207        183          0          1
       208        241          1          1
       209        194          0          1
       210         63          0          1
       211         38          1          1
       212        162          0          1
       213        129          0          1
       214        247          0          1
       215         27          0          1
       216        221          0          1
       217        117          0          1
       218         46          0          1
       219        200          1          1
       220        201          0          1
       221        322          0          1
       222        350          0          1
       223         33          1          1
       224        169          0          1
       225        154          0          1
       226         82          0          1
       227        186          0          1
       228         92          0          1
       229        239          0          1
       230        173          0          1
       231         79          0          1
       232        303          1          1
       233        399          0          1
       234        400          1          1
       235        158          0          1
       236        179          0          1
       237        296          0          1
       238         10          1          1
       239        344          0          1
       240         89          0          1
       241        312          0          1
       242        301          1          1
       243        389          0          1
       244        302          0          1
       245        293          0          1
       246        357          1          1
       247        199          0          1
       248        229          1          1
       249        323          0          1
       250        139          0          1
       251        126          1          1
       252        346          0          1
       253        252          1          1
       254        100          0          1
       255        211          1          1
       256        176          0          1
       257        232          1          1
       258        359          0          1
       259         71          0          1
       260        341          0          1
       261        181          0          1
       262        324          0          1
       263        334          0          1
       264        127          0          1
       265        219          1          1
       266        244          0          1
       267        223          1          1
       268        378          0          1
       269        159          0          1
       270         95          0          1
       271        205          0          1
       272        291          0          1
       273        305          0          1
       274         73          1          1
       275          5          0          1
       276        372          1          1
       277        144          0          1
       278          6          0          1
       279        386          0          1
       280        230          0          1
       281         20          0          1
       282        368          1          1
       283        193          0          1
       284        339          1          1
       285         45          0          1
       286        310          1          1
       287          3          0          1
       288         77          0          1
       289        261          1          1
       290        178          0          1
       291        182          0          1
       292        218          0          1
       293         55          0          1
       294        134          0          1
       295         67          0          1
       296          9          0          1
       297        225          0          1
       298        160          1          1
       299        292          0          1
       300         35          0          1
       301        191          0          1
       302         90          0          1
       303        275          0          1
       304         30          0          1
       305        392          1          1
       306        356          0          1
       307        382          0          1
       308        396          0          1
       309        145          0          1
       310        288          0          1
       311        390          0          1
       312        237          0          1
       313        362          0          1
       314        374          0          1
       315        283          1          1
       316         58          0          1
       317        363          0          1
       318        138          0          1
       319         64          0          1
       320        318          0          1
       321        226          0          1
       322         68          0          1
       323        355          0          1
       324        110          0          1
       325        369          0          1
       326        394          0          1
       327         51          0          1
       328         91          0          1
       329        279          0          1
       330         60          1          1
       331         75          0          1
       332        206          1          1
       333         28          0          1
       334        216          1          1
       335        149          0          1
       336        198          0          1
       337        217          0          1
       338        262          1          1
       339        103          0          1
       340        314          1          1
       341        192          0          1
       342         99          0          1
       343         83          1          1
       344        146          0          1
       345        349          1          1
       346        142          0          1
       347        236          0          1
       348        153          0          1
       349        130          0          1
       350        121          0          1
       351         24          0          1
       352        316          0          1
       353        273          1          1
       354        347          0          1
       355        384          1          1
       356         40          0          1
       357          1          0          1
       358        397          0          1
       359        380          1          1
       360        329          0          1
       361        131          0          1
       362        197          0          1
       363         62          0          1
       364        172          0          1
       365        213          0          1
       366         25          0          1
       367         26          0          1
       368         22          0          1
       369        278          0          1
       370        136          1          1
       371        255          0          1
       372        333          0          1
       373        321          0          1
       374        141          1          1
       375        128          0          1
       376        180          0          1
       377        388          0          1
       378        235          0          1
       379        107          0          1
       380         29          0          1
       381         74          0          1
       382        184          0          1
       383         94          1          1
       384        307          0          1
       385        204          1          1
       386        297          0          1
       387        325          0          1
       388        332          0          1
       389         37          0          1
       390        202          0          1
       391        284          0          1
       392         23          0          1
       393        258          1          1
       394        251          0          1
       395         34          1          1
       396        315          0          1
       397        115          0          1
       398         50          0          1
       399        248          0          1
       400        354          1          1
                4708
configuration                    8                35000         1.8235581155281639E+00         2.9800000000000000E+02         2.0000000000000001E-01
         1        203          0          1
         2         36          0          1
         3        204          0          1
         4        285          1          1
         5        138          0          1
         6        293          1          1
         7         43          0          1
         8        122          1          1
         9        105          0          1
        10        162          0          1
        11         24          1          1
        12        126          0          1
        13        164          0          1
        14        109          0          1
        15        150          1          1
        16         92          0          1
        17        241          0          1
        18        335          1          1
        19        261          0          1
        20        153          0          1
        21         47          0          1
        22        365          0          1
        23         71          0          1
        24         14          0          1
        25        361          0          1
        26        286          0          1
        27         16          1          1
        28        275          0          1
        29        386          0          1
        30        219          1          1
        31        125          0          1
        32        215          0          1
        33         31          1          1
        34         90          0          1
        35        295          0          1
        36        157          1          1
        37         80          0          1
        38        141          0          1
        39        350          0          1
        40         98          0          1
        41        281          0          1
        42         20          0          1
        43        188          0          1
        44         18          0          1
        45         32          0          1
        46        319          0          1
        47        127          0          1
        48         22          0          1
        49        354          0          1
        50        128          0          1
        51        396          0          1
        52        112          0          1
        53        348          0          1
        54          9          1          1
        55        170          0          1
        56        270          0          1
        57        213          0          1
        58        207          0          1
        59        108          1          1
        60        185          0          1
        61        267          1          1
        62        277          0          1
        63        220          0          1
        64        310          0          1
        65        399          0          1
        66        167          1          1
        67        121          0          1
        68         41          0          1
        69        218          0          1
        70        231          0          1
        71        235          0          1
        72        355          0          1
        73        333          1          1
        74        142          0          1
        75        166          0          1
        76        253          0          1
        77        250          0          1
        78         38          1          1
        79        305          0          1
        80        193          0          1
        81         95          0          1
        82        264          0          1
        83        351          0          1
        84        186          0          1
        85        300          0          1
        86        385          0          1
        87        330          1          1
        88        175          0          1
        89        322          1          1
        90         97          0          1
        91        199          0          1
        92        274          0          1
        93        123          0          1
        94         82          0          1
        95        328          1          1
        96         99          0          1
        97        342          1          1
        98        302          0          1
        99         35          0          1
       100          1          1          1
       101        379          0          1
       102        327          0          1
       103         55          0          1
       104        378          1          1
       105        182          0          1
       106        191          1          1
       107         37          0          1
       108        134          1          1
       109        339          0          1
       110        234          0          1
       111        184          1          1
       112         61          0          1
       113        251          1          1
       114        309          0          1
       115        268          0          1
       116         45          1          1
       117        338          0          1
       118         49          0          1
       119        244          0          1
       120          6          0          1
       121        221          0          1
       122        229          0          1
       123        336          1          1
       124        236          0          1
       125         72          0          1
       126        173          0          1
       127        316          1          1
       128        222          0          1
       129        102          0          1
       130         13          0          1
       131        152          0          1
       132        358          0          1
       133         87          0          1
       134        306          1          1
       135        397          0          1
       136        113          0          1
       137        154          0          1
       138        226          0          1
       139         54          0          1
       140        279          0          1
       141        174          0          1
       142        224          0          1
       143        176          0          1
       144        228          0          1
       145        195          0          1
       146        230          1          1
       147        194          0          1
       148         67          1          1
       149        317          0          1
       150        201          0          1
       151        353          0          1
       152         44          0          1
       153        345          1          1
       154         91          0          1
       155        158          0          1
       156        360          0          1
       157        223          0          1
       158         56          0          1
       159        200          0          1
       160        104          0          1
       161        384          0          1
       162         93          0          1
       163        278          0          1
       164        383          0          1
       165        118          0          1
       166        120          0          1
       167         50          0          1
       168        371          0          1
       169         78          1          1
       170        172          0          1
       171        139          1          1
       172        237          0          1
       173          4          0          1
       174         25          0          1
       175        349          1          1
       176         84          0          1
       177        308          0          1
       178         60          0          1
       179        387          1          1
       180         57          0          1
       181        326          1          1
       182        366          0          1
       183        400          1          1
       184        144          0          1
       185        103          1          1
       186        254          0          1
       187        389          0          1
       188        252          0          1
       189        210          0          1
       190        238          1          1
       191        225          0          1
       192        284          0          1
       193         73          0          1
       194         48          1          1
       195        271          0          1
       196          2          0          1
       197        347          0          1
       198        211          0          1
       199        280          0          1
       200        320          0          1
       201        190          0          1
       202        346          0          1
       203        136          0          1
       204        372          1          1
       205        352          0          1
       206        388          1          1
       207         19          0          1
       208        362          0          1
       209        343          0          1
       210        198          0          1
       211         68          0          1
       212          7          0          1
       213        304          0          1
       214        373          0          1
       215        325          0          1
       216        297          1          1
       217         58          0          1
       218         81          0          1
       219        273          0          1
       220        212          0          1
       221        331          0          1
       222         94          1          1
       223        376          0          1
       224         75          0          1
       225        248          0          1
       226        208          0          1
       227        287          0          1
       228        245          0          1
       229        197          0          1
       230        288          0          1
       231         79          0          1
       232         86          0          1
       233        232          0          1
       234        145          1          1
       235         64          0          1
       236        344          0          1
       237        171          0          1
       238         70          0          1
       239         40          0          1
       240         83          1          1
       241        247          0          1
       242        132          0          1
       243        323          1          1
       244        239          0          1
       245         74          0          1
       246         85          0          1
       247        183          1          1
       248         27          0          1
       249        168          0          1
       250        394          0          1
       251        146          0          1
       252        179          0          1
       253         28          0          1
       254        307          0          1
       255        129          0          1
       256        131          1          1
       257        181          0          1
       258        357          1          1
       259         29          0          1
       260        341          0          1
       261        282          0          1
       262          8          0          1
       263         39          0          1
       264        315          0          1
       265         30          0          1
       266        255          0          1
       267        313          0          1
       268         10          0          1
       269        149          1          1
       270         59          0          1
       271         65          1          1
       272        155          0          1
       273        318          0          1
       274        258          0          1
       275         89          0          1
       276        262          0          1
       277        324          0          1
       278         88          0          1
       279        272          1          1
       280        117          0          1
       281         63          0          1
       282        143          0          1
       283        156          0          1
       284        263          0          1
       285        298          0          1
       286        301          0          1
       287        391          0          1
       288         96          0          1
       289        137          0          1
       290        192          0          1
       291        266          0          1
       292         77          0          1
       293        299          0          1
       294        135          1          1
       295        151          1          1
       296        312          0          1
       297         51          0          1
       298          3          0          1
       299        269          0          1
       300        260          1          1
       301         17          0          1
       302        265          0          1
       303        189          1          1
       304        289          1          1
       305        332          0          1
       306        159          0          1
       307        292          1          1
       308        377          0          1
       309        246          0          1
       310        169          0          1
       311        276          0          1
       312        217          0          1
       313         66          1          1
       314        334          0          1
       315        392          0          1
       316        178          0          1
       317        111          1          1
       318         76          0          1
       319        367          0          1
       320        114          0          1
       321        116          0          1
       322        242          1          1
       323        148          0          1
       324        100          0          1
       325        256          0          1
       326        133          0          1
       327        259          0          1
       328        311          1          1
       329         26          0          1
       330         34          1          1
       331        196          0          1
       332        233          1          1
       333        294          0          1
       334        206          0          1
       335        364          0          1
       336         11          1          1
       337        205          0          1
       338        368          1          1
       339        321          0          1
       340         15          0          1
       341         52          0          1
       342        370          0          1
       343        115          0          1
       344        290          0          1
       345        395          0          1
       346        303          0          1
       347        240          1          1
       348         23          0          1
       349        390          0          1
       350        101          0          1
       351        106          1          1
       352        249          0          1
       353        382          0          1
       354        380          0          1
       355         21          0          1
       356        107          0          1
       357          5          0          1
       358         53          0          1
       359        314          1          1
       360        257          0          1
       361        329          0          1
       362        110          1          1
       363         33          0          1
       364        243          0          1
       365        187          0          1
       366        180          1          1
       367        161          0          1
       368        214          0          1
       369        369          0          1
       370        216          0          1
       371        119          0          1
       372        124          0          1
       373        209          0          1
       374        140          0          1
       375        130          1          1
       376        398          0          1
       377        356          1          1
       378        163          0          1
       379         42          0          1
       380         62          0          1
       381         12          1          1
       382        291          0          1
       383        227          0          1
       384        147          0          1
       385        393          1          1
       386         69          0          1
       387        374          0          1
       388        340          0          1
       389        363          0          1
       390        375          1          1
       391        283          0          1
       392        296          0          1
       393        202          1          1
       394        359          0          1
       395         46          0          1
       396        165          0          1
       397        177          0          1
       398        381          0          1
       399        337          0          1
       400        160          0          1
                5452
configuration                    9                40000         2.0873731580848678E+00         2.9800000000000000E+02         1.0000000000000002E-01
         1         46          0          1
         2        300          1          1
         3        357          0          1
         4        340          0          1
         5         20          0          1
         6        162          0          1
         7         96          0          1
         8         63          0          1
         9        236          0          1
        10        315          0          1
        11        133          0          1
        12          2          0          1
        13        120          0          1
        14        222          1          1
        15        331          0          1
        16        299          0          1
        17        150          0          1
        18        226          0          1
        19        265          0          1
        20        400          0          1
        21        239          0          1
        22        152          0          1
        23        244          0          1
        24        264          0          1
        25        188          1          1
        26         42          0          1
        27        148          1          1
        28        158          0          1
        29        113          1          1
        30        272          0          1
        31        217          1          1
        32        233          0          1
        33        144          0          1
        34        321          0          1
        35        335          1          1
        36        204          0          1
        37        260          0          1
        38         79          1          1
        39        180          0          1
        40         68          0          1
        41        336          0          1
        42        161          1          1
        43        345          0          1
        44        237          0          1
        45         25          0          1
        46         29          0          1
        47        166          0          1
        48         23          0          1
        49         16          0          1
        50        273          0          1
        51        181          0          1
        52        318          1          1
        53        348          0          1
        54        102          1          1
        55        109          0          1
        56        205          0          1
        57         47          0          1
        58         83          0          1
        59        309          0          1
        60        323          0          1
        61        218          1          1
        62        350          0          1
        63        343          0          1
        64        176          1          1
        65        127          0          1
        66         51          1          1
        67        167          0          1
        68         15          0          1
        69        282          0          1
        70         86          1          1
        71        278          0          1
        72        376          0          1
        73        142          0          1
        74        328          0          1
        75        122          0          1
        76        259          1          1
        77         84          0          1
        78        255          0          1
        79        156          1          1
        80        365          0          1
        81        157          0          1
        82         45          0          1
        83         43          1          1
        84        370          0          1
        85        271          0          1
        86        270          0          1
        87         71          1          1
        88         93          0          1
        89        192          1          1
        90        117          0          1
        91        353          0          1
        92        277          0          1
        93        398          1          1
        94        261          0          1
        95        170          0          1
        96        366          0          1
        97         18          0          1
        98        296          0          1
        99        247          0          1
       100        266          0          1
       101        137          0          1
       102        234          1          1
       103        139          0          1
       104        154          0          1
       105        339          0          1
       106         67          1          1
       107         28          0          1
       108        257          0          1
       109        319          0          1
       110         52          0          1
       111        151          0          1
       112        378          1          1
       113        317          0          1
       114        268          0          1
       115        341          0          1
       116        230          0          1
       117        118          0          1
       118        246          1          1
       119        355          0          1
       120         78          0          1
       121        330          0          1
       122        211          0          1
       123         21          0          1
       124         61          0          1
       125        173          0          1
       126        274          0          1
       127        182          1          1
       128        389          0          1
       129         88          1          1
       130        269          0          1
       131         59          0          1
       132        327          0          1
       133        134          1          1
       134        200          0          1
       135        178          1          1
       136        310          0          1
       137        131          0          1
       138        377          1          1
       139        115          0          1
       140        210          0          1
       141        276          0          1
       142        119          0          1
       143        172          0          1
       144        301          0          1
       145          1          0          1
       146         90          0          1
       147        101          0          1
       148        258          0          1
       149        209          0          1
       150        326          0          1
       151         49          0          1
       152         41          0          1
       153        358          0          1
       154        344          0          1
       155         66          0          1
       156        171          0          1
       157        238          0          1
       158        399          0          1
       159        346          0          1
       160        165          1          1
       161        374          0          1
       162          4          0          1
       163         70          0          1
       164        116          0          1
       165        189          0          1
       166        307          0          1
       167        197          0          1
       168         27          1          1
       169        251          0          1
       170        243          0          1
       171        227          1          1
       172        316          0          1
       173         22          0          1
       174        104          0          1
       175        397          0          1
       176        207          0          1
       177         58          1          1
       178        279          0          1
       179        369          1          1
       180        324          0          1
       181        283          0          1
       182        349          1          1
       183        303          0          1
       184         62          0          1
       185         11          1          1
       186         87          0          1
       187        138          1          1
       188        183          0          1
       189         13          0          1
       190        164          0          1
       191        229          0          1
       192         50          1          1
       193        290          0          1
       194         39          1          1
       195        284          0          1
       196        194          1          1
       197        308          0          1
       198        149          0          1
       199        187          0          1
       200         92          0          1
       201         44          0          1
       202        175          0          1
       203        231          0          1
       204        141          0          1
       205         35          0          1
       206         55          0          1
       207        360          0          1
       208        362          1          1
       209        322          0          1
       210        129          0          1
       211        394          1          1
       212        302          0          1
       213         12          0          1
       214        305          0          1
       215        242          0          1
       216        395          0          1
       217        224          0          1
       218         80          0          1
       219        361          0          1
       220        177          1          1
       221         95          0          1
       222        379          0          1
       223         31          1          1
       224        203          0          1
       225        292          0          1
       226        281          0          1
       227        253          0          1
       228        382          0          1
       229         72          1          1
       230        108          0          1
       231        245          0          1
       232          5          0          1
       233        388          0          1
       234        380          0          1
       235        289          0          1
       236        368          1          1
       237        185          0          1
       238         98          0          1
       239         19          0          1
       240         82          0          1
       241        250          0          1
       242        213          1          1
       243        124          0          1
       244        240          0          1
       245        383          0          1
       246        220          0          1
       247        216          0          1
       248        186          1          1
       249        337          0          1
       250        381          0          1
       251        169          1          1
       252        179          0          1
       253        254          0          1
       254        386          0          1
       255        392          0          1
       256        114          0          1
       257         48          1          1
       258         77          0          1
       259        143          1          1
       260        294          0          1
       261          3          1          1
       262        201          0          1
       263        232          1          1
       264        351          0          1
       265        312          1          1
       266        111          0          1
       267        225          0          1
       268        191          0          1
       269        367          0          1
       270        147          0          1
       271        235          0          1
       272        297          0          1
       273         99          1          1
       274        334          0          1
       275        228          0          1
       276         24          0          1
       277        107          0          1
       278        263          0          1
       279         75          0          1
       280        249          0          1
       281        110          0          1
       282        184          0          1
       283        174          0          1
       284        140          1          1
       285          7          0          1
       286        375          0          1
       287         33          1          1
       288         91          0          1
       289        190          1          1
       290        121          0          1
       291        105          0          1
       292        215          1          1
       293         10          0          1
       294        168          0          1
       295        364          0          1
       296        295          1          1
       297        314          0          1
       298        130          0          1
       299         54          0          1
       300        126          0          1
       301        195          1          1
       302        298          0          1
       303        311          0          1
       304        198          0          1
       305        306          0          1
       306        212          1          1
       307        373          0          1
       308        287          0          1
       309        325          0          1
       310         26          0          1
       311        103          1          1
       312         69          0          1
       313         65          0          1
       314        163          0          1
       315         64          0          1
       316        100          0          1
       317        145          1          1
       318         53          0          1
       319        393          1          1
       320        214          0          1
       321        160          0          1
       322         89          0          1
       323         17          0          1
       324        153          1          1
       325        256          0          1
       326        291          0          1
       327         81          0          1
       328        106          0          1
       329         40          0          1
       330         36          1          1
       331         85          0          1
       332         14          0          1
       333         60          0          1
       334        286          1          1
       335         74          0          1
       336        159          0          1
       337        384          0          1
       338        354          1          1
       339        262          0          1
       340        202          0          1
       341        123          0          1
       342        371          1          1
       343        356          0          1
       344        352          0          1
       345        208          0          1
       346        387          1          1
       347         34          0          1
       348        193          0          1
       349        223          1          1
       350        125          0          1
       351        333          0          1
       352          9          0          1
       353        112          0          1
       354        219          0          1
       355        132          0          1
       356         97          0          1
       357        275          0          1
       358        390          0          1
       359        372          0          1
       360        252          0          1
       361        320          1          1
       362        329          0          1
       363        313          1          1
       364        136          0          1
       365        206          0          1
       366        267          0          1
       367        288          1          1
       368        391          0          1
       369        293          0          1
       370         76          0          1
       371         38          0          1
       372        359          0          1
       373        280          0          1
       374        241          0          1
       375         30          0          1
       376         57          0          1
       377         94          0          1
       378        221          0          1
       379        285          0          1
       380        146          0          1
       381        135          0          1
       382        347          0          1
       383          8          0          1
       384        385          0          1
       385        396          1          1
       386        342          0          1
       387        332          0          1
       388        128          1          1
       389         37          0          1
       390        363          0          1
       391         32          0          1
       392         56          0          1
       393        338          1          1
       394        196          0          1
       395        199          1          1
       396         73          0          1
       397          6          1          1
       398        155          0          1
       399        248          0          1
       400        304          0          1
                6196
configuration                   10                45000         2.3435885867388206E+00         2.9800000000000000E+02         2.0000000000000001E-01
         1         85          0          1
         2        112          0          1
         3        369          1          1
         4         56          0          1
         5         45          0          1
         6        237          0          1
         7        132          0          1
         8        149          0          1
         9        330          0          1
        10        355          0          1
        11         97          0          1
        12        115          0          1
        13        228          0          1
        14         68          0          1
        15        319          0          1
        16        198          0          1
        17         80          0          1
        18        290          1          1
        19        398          1          1
        20        341          0          1
        21        323          1          1
        22        182          0          1
        23        307          0          1
        24         92          0          1
        25        113          1          1
        26        202          0          1
        27          5          1          1
        28        181          0          1
        29        162          0          1
        30         75          0          1
        31        292          0          1
        32        264          0          1
        33         65          0          1
        34        339          1          1
        35         29          0          1
        36        218          0          1
        37        114          1          1
        38        276          0          1
        39        157          0          1
        40        206          0          1
        41        378          0          1
        42        393          1          1
        43         17          0          1
        44        118          1          1
        45          9          0          1
        46        226          0          1
        47         91          0          1
        48        187          0          1
        49        196          0          1
        50        256          1          1
        51        136          0          1
        52         49          0          1
        53        258          0          1
        54         72          0          1
        55         35          0          1
        56        263          0          1
        57        348          0          1
        58        322          0          1
        59        280          0          1
        60        332          1          1
        61        134          0          1
        62         22          0          1
        63        354          0          1
        64         95          0          1
        65        242          1          1
        66        180          0          1
        67        128          0          1
        68        225          1          1
        69        214          0          1
        70         73          0          1
        71        107          0          1
        72        176          0          1
        73        203          0          1
        74        386          0          1
        75        108          1          1
        76         57          0          1
        77        125          0          1
        78         33          1          1
        79         31          0          1
        80        351          0          1
        81        163          0          1
        82        155          0          1
        83        345          0          1
        84         88          1          1
        85        106          0          1
        86         94          0          1
        87         79          0          1
        88        268          0          1
        89        239          0          1
        90        350          1          1
        91        299          0          1
        92         83          1          1
        93        252          0          1
        94        312          1          1
        95        300          0          1
        96         24          0          1
        97         14          0          1
        98        247          0          1
        99         51          0          1
       100        245          0          1
       101        124          1          1
       102        116          0          1
       103        257          0          1
       104        146          0          1
       105         27          0          1
       106        103          1          1
       107        184          0          1
       108        141          0          1
       109        314          0          1
       110        399          0          1
       111        279          0          1
       112        375          0          1
       113        295          1          1
       114        238          0          1
       115        298          0          1
       116        308          0          1
       117         34          0          1
       118        251          0          1
       119        284          0          1
       120        374          0          1
       121        192          0          1
       122        117          1          1
       123        317          0          1
       124        174          1          1
       125        282          0          1
       126        177          0          1
       127        275          0          1
       128         23          0          1
       129        161          0          1
       130         66          0          1
       131        304          0          1
       132        143          0          1
       133        195          0          1
       134        325          0          1
       135        160          0          1
       136        305          1          1
       137        255          0          1
       138         55          1          1
       139        278          0          1
       140        207          0          1
       141        169          1          1
       142        144          0          1
       143         10          1          1
       144        123          0          1
       145        254          0          1
       146         11          0          1
       147        343          1          1
       148        188          0          1
       149        246          1          1
       150        154          0          1
       151        328          0          1
       152        223          0          1
       153        249          1          1
       154        197          0          1
       155        389          0          1
       156         87          0          1
       157         84          1          1
       158         12          0          1
       159        150          1          1
       160        338          0          1
       161         46          0          1
       162         62          0          1
       163        209          0          1
       164         13          1          1
       165        349          0          1
       166        213          0          1
       167         67          0          1
       168        168          0          1
       169        367          0          1
       170         71          0          1
       171         69          1          1
       172        104          0          1
       173        101          0          1
       174        229          0          1
       175          8          0          1
       176         28          0          1
       177        364          0          1
       178        121          0          1
       179        243          0          1
       180         74          0          1
       181        230          0          1
       182        137          0          1
       183        302          0          1
       184        390          0          1
       185        377          0          1
       186        110          0          1
       187        120          1          1
       188        277          0          1
       189         54          0          1
       190        147          0          1
       191        190          0          1
       192        262          0          1
       193        316          1          1
       194         38          0          1
       195        261          0          1
       196        396          0          1
       197        220          0          1
       198        288          0          1
       199        159          0          1
       200        167          0          1
       201        272          0          1
       202        193          1          1
       203        281          0          1
       204         43          0          1
       205         16          1          1
       206        148          0          1
       207        361          0          1
       208         82          0          1
       209        158          0          1
       210        266          0          1
       211        200          0          1
       212        293          0          1
       213        346          0          1
       214         98          1          1
       215         61          0          1
       216        119          0          1
       217        138          1          1
       218         77          0          1
       219        253          0          1
       220        273          1          1
       221         25          0          1
       222        183          0          1
       223        376          0          1
       224        126          0          1
       225        359          0          1
       226        333          0          1
       227        100          0          1
       228         44          0          1
       229        204          0          1
       230        221          0          1
       231        170          0          1
       232        335          0          1
       233        331          1          1
       234        248          0          1
       235          6          0          1
       236        244          0          1
       237        287          0          1
       238        260          0          1
       239        309          0          1
       240        189          0          1
       241         20          1          1
       242        379          0          1
       243        289          0          1
       244        394          0          1
       245        153          0          1
       246        380          0          1
       247        164          0          1
       248         50          0          1
       249        381          0          1
       250         42          0          1
       251        324          0          1
       252        234          0          1
       253         40          0          1
       254        105          0          1
       255         32          0          1
       256        165          1          1
       257         63          0          1
       258        236          1          1
       259        363          0          1
       260         89          0          1
       261        231          0          1
       262         70          0          1
       263         99          0          1
       264        283          0          1
       265        353          0          1
       266         19          0          1
       267        383          0          1
       268          2          0          1
       269         39          0          1
       270        232          0          1
       271         26          0          1
       272        385          1          1
       273          7          0          1
       274        152          0          1
       275        334          0          1
       276        340          0          1
       277        131          1          1
       278        199          0          1
       279         90          1          1
       280        224          0          1
       281        127          0          1
       282        388          1          1
       283        227          0          1
       284        297          1          1
       285        286          0          1
       286         15          0          1
       287         30          0          1
       288        171          1          1
       289        129          0          1
       290         48          0          1
       291        365          1          1
       292        360          0          1
       293        372          0          1
       294        269          0          1
       295        313          0          1
       296        274          0          1
       297         58          0          1
       298         64          0          1
       299         52          0          1
       300        391          0          1
       301        191          0          1
       302        387          0          1
       303         37          0          1
       304         53          0          1
       305         59          0          1
       306        368          0          1
       307        315          1          1
       308        382          0          1
       309        370          1          1
       310        142          0          1
       311        166          0          1
       312        216          0          1
       313        135          0          1
       314        173          0          1
       315        384          0          1
       316         47          1          1
       317        250          0          1
       318        306          0          1
       319        259          0          1
       320        130          1          1
       321        321          0          1
       322        122          0          1
       323        175          1          1
       324        336          0          1
       325        356          0          1
       326        344          1          1
       327        212          0          1
       328        240          1          1
       329         96          0          1
       330        357          1          1
       331        265          0          1
       332        337          1          1
       333        362          0          1
       334        210          0          1
       335        233          1          1
       336        366          0          1
       337        329          1          1
       338        342          0          1
       339        285          1          1
       340          1          0          1
       341        400          1          1
       342          3          0          1
       343         78          0          1
       344        185          1          1
       345        133          0          1
       346        327          0          1
       347         93          1          1
       348        172          0          1
       349        326          1          1
       350        211          0          1
       351        395          0          1
       352        267          0          1
       353        294          0          1
       354        347          0          1
       355        320          0          1
       356        201          1          1
       357        156          0          1
       358         21          1          1
       359         81          0          1
       360        205          1          1
       361         18          0          1
       362        186          1          1
       363        151          0          1
       364        301          0          1
       365         36          0          1
       366          4          0          1
       367        140          0          1
       368        271          1          1
       369        217          0          1
       370        311          0          1
       371        178          0          1
       372        102          1          1
       373        352          0          1
       374        241          0          1
       375         41          0          1
       376        222          0          1
       377        318          0          1
       378        397          0          1
       379        109          1          1
       380        145          0          1
       381         86          0          1
       382        208          0          1
       383        358          0          1
       384        139          1          1
       385        270          0          1
       386        291          0          1
       387        194          1          1
       388        303          0          1
       389        371          1          1
       390        111          0          1
       391        215          0          1
       392        310          0          1
       393         76          1          1
       394        179          0          1
       395        219          1          1
       396        296          0          1
       397         60          1          1
       398        373          0          1
       399        392          0          1
       400        235          0          1
                6961
configuration                   11                50000         2.6027262434974934E+00         2.9800000000000000E+02         1.3877787807814457E-17
         1        208          1          1
         2        112          0          1
         3        349          0          1
         4        122          0          1
         5        252          0          1
         6         13          0          1
         7        103          0          1
         8        201          0          1
         9        400          0          1
        10        211          0          1
        11        212          0          1
        12         92          0          1
        13        308          0          1
        14        116          0          1
        15        123          0          1
        16         71          0          1
        17        382          0          1
        18         59          0          1
        19         58          1          1
        20        136          0          1
        21        394          0          1
        22         33          1          1
        23        346          0          1
        24        151          0          1
        25        305          0          1
        26         91          0          1
        27        391          0          1
        28         55          0          1
        29        245          0          1
        30        154          0          1
        31        299          1          1
        32        307          0          1
        33        183          0          1
        34         80          0          1
        35        390          0          1
        36        213          1          1
        37        189          0          1
        38        272          0          1
        39        282          0          1
        40        135          0          1
        41        246          0          1
        42         39          0          1
        43        300          0          1
        44        363          1          1
        45         67          0          1
        46        373          0          1
        47        173          1          1
        48         61          0          1
        49        137          1          1
        50        309          0          1
        51        343          0          1
        52        256          0          1
        53        353          0          1
        54        107          1          1
        55         96          0          1
        56        244          0          1
        57         18          0          1
        58        328          0          1
        59        147          0          1
        60        167          0          1
        61        186          0          1
        62        269          0          1
        63        303          0          1
        64        235          0          1
        65         35          0          1
        66        285          0          1
        67        178          0          1
        68          4          0          1
        69        286          0          1
        70        378          1          1
        71        124          0          1
        72         43          0          1
        73        132          1          1
        74        304          0          1
        75        267          1          1
        76         63          0          1
        77        276          0          1
        78        166          0          1
        79        196          0          1
        80        265          0          1
        81        170          1          1
        82         60          0          1
        83        233          0          1
        84        372          1          1
        85        207          0          1
        86        126          1          1
        87         68          0          1
        88        236          0          1
        89        379          1          1
        90        243          0          1
        91         77          0          1
        92         32          1          1
        93         83          0          1
        94        340          1          1
        95        180          0          1
        96        366          0          1
        97         37          1          1
        98        295          0          1
        99        138          0          1
       100         82          0          1
       101        335          0          1
       102        142          0          1
       103        290          0          1
       104         97          0          1
       105        268          1          1
       106        359          0          1
       107         34          0          1
       108        117          0          1
       109        348          0          1
       110        367          0          1
       111        255          0          1
       112        169          0          1
       113        259          1          1
       114        133          0          1
       115        214          0          1
       116        325          1          1
       117          8          0          1
       118        159          0          1
       119        297          1          1
       120        146          0          1
       121        371          0          1
       122        355          1          1
       123        174          0          1
       124        291          0          1
       125        121          0          1
       126        275          0          1
       127        228          1          1
       128        337          0          1
       129        115          0          1
       130         53          1          1
       131        128          0          1
       132        198          0          1
       133        140          0          1
       134        131          0          1
       135        336          1          1
       136        329          0          1
       137        162          1          1
       138        193          0          1
       139          1          0          1
       140        388          0          1
       141        338          0          1
       142        261          0          1
       143        141          0          1
       144        260          0          1
       145        314          0          1
       146         56          1          1
       147        306          0          1
       148        339          0          1
       149         12          1          1
       150        358          0          1
       151        280          0          1
       152        205          0          1
       153        344          1          1
       154        288          0          1
       155        195          0          1
       156         89          0          1
       157         95          0          1
       158        351          1          1
       159         54          0          1
       160         27          0          1
       161         26          0          1
       162        226          0          1
       163        318          0          1
       164        127          1          1
       165         31          0          1
       166         23          0          1
       167        219          0          1
       168         24          0          1
       169        387          0          1
       170        393          0          1
       171        192          0          1
       172        310          0          1
       173        274          0          1
       174        380          1          1
       175        395          0          1
       176        332          1          1
       177         22          0          1
       178        357          0          1
       179        386          0          1
       180         74          0          1
       181        264          0          1
       182         52          0          1
       183        113          0          1
       184        104          0          1
       185        352          1          1
       186        334          0          1
       187        156          0          1
       188        250          0          1
       189        184          0          1
       190        263          0          1
       191          2          0          1
       192        181          0          1
       193        360          0          1
       194        396          0          1
       195        216          0          1
       196        377          0          1
       197        347          0          1
       198        296          0          1
       199        158          1          1
       200         75          0          1
       201        230          0          1
       202        111          0          1
       203         44          0          1
       204        215          0          1
       205        247          0          1
       206         40          0          1
       207        389          0          1
       208        356          0          1
       209        321          1          1
       210         20          0          1
       211        108          0          1
       212        253          1          1
       213         38          0          1
       214        277          0          1
       215         93          0          1
       216        350          0          1
       217        301          1          1
       218        248          0          1
       219        319          0          1
       220        365          1          1
       221          5          0          1
       222        283          0          1
       223        109          1          1
       224        399          0          1
       225         73          1          1
       226        292          0          1
       227        203          1          1
       228        218          0          1
       229         17          0          1
       230        176          0          1
       231        234          1          1
       232        385          0          1
       233         36          1          1
       234        210          0          1
       235        381          0          1
       236        361          0          1
       237         90          0          1
       238        220          0          1
       239        289          1          1
       240        209          0          1
       241        182          0          1
       242        190          0          1
       243        227          0          1
       244        217          1          1
       245         46          0          1
       246          7          0          1
       247        102          0          1
       248         51          0          1
       249        320          1          1
       250        105          0          1
       251        279          0          1
       252        145          1          1
       253        149          0          1
       254        224          1          1
       255        164          0          1
       256        273          1          1
       257         28          0          1
       258        120          1          1
       259         42          0          1
       260        392          0          1
       261        241          1          1
       262         70          0          1
       263        313          0          1
       264          3          0          1
       265        222          1          1
       266        327          0          1
       267        254          1          1
       268         85          0          1
       269         21          0          1
       270        139          1          1
       271        362          0          1
       272         11          0          1
       273        177          1          1
       274         14          0          1
       275        118          0          1
       276        171          0          1
       277        398          0          1
       278        237          0          1
       279        298          0          1
       280         99          0          1
       281        240          0          1
       282        330          0          1
       283        221          1          1
       284          6          0          1
       285        278          0          1
       286        364          1          1
       287         15          0          1
       288        293          0          1
       289         47          0          1
       290        114          0          1
       291        231          1          1
       292         88          0          1
       293        168          0          1
       294        187          0          1
       295        229          0          1
       296        266          0          1
       297         69          1          1
       298        315          0          1
       299        326          0          1
       300         84          0          1
       301         94          1          1
       302        100          0          1
       303        179          0          1
       304         81          0          1
       305        284          1          1
       306         64          0          1
       307        375          0          1
       308        119          0          1
       309         30          0          1
       310        294          1          1
       311        150          0          1
       312        110          1          1
       313        199          0          1
       314          9          0          1
       315        223          0          1
       316         79          1          1
       317        281          0          1
       318         41          1          1
       319        191          0          1
       320        397          0          1
       321         25          0          1
       322        202          0          1
       323        185          0          1
       324        129          0          1
       325        302          0          1
       326        225          0          1
       327        341          0          1
       328        271          0          1
       329        206          1          1
       330        172          0          1
       331        148          1          1
       332        188          0          1
       333        163          1          1
       334        333          0          1
       335        165          1          1
       336         66          0          1
       337        161          1          1
       338         72          0          1
       339        370          0          1
       340        106          0          1
       341        249          0          1
       342         10          0          1
       343         78          0          1
       344        376          1          1
       345        354          0          1
       346        175          0          1
       347        317          0          1
       348        153          0          1
       349         19          0          1
       350        152          0          1
       351        331          0          1
       352         86          1          1
       353        130          0          1
       354        345          0          1
       355        270          0          1
       356        368          0          1
       357        134          0          1
       358        374          0          1
       359        257          1          1
       360        239          0          1
       361         98          0          1
       362         49          0          1
       363        143          1          1
       364        194          0          1
       365        232          0          1
       366         57          0          1
       367        384          0          1
       368         16          0          1
       369        324          0          1
       370        342          0          1
       371         48          0          1
       372         65          0          1
       373        383          1          1
       374        262          0          1
       375         45          1          1
       376        101          0          1
       377         29          0          1
       378         62          1          1
       379        160          0          1
       380        155          0          1
       381         50          0          1
       382        323          0          1
       383        242          0          1
       384         87          0          1
       385        238          0          1
       386        316          1          1
       387        200          0          1
       388        144          1          1
       389        204          0          1
       390         76          0          1
       391        157          1          1
       392        369          0          1
       393        197          0          1
       394        251          1          1
       395        258          0          1
       396        287          0          1
       397        311          1          1
       398        312          0          1
       399        125          0          1
       400        322          0          1
                7745
configuration                   12                55000         2.8627583805759720E+00         2.9800000000000000E+02         1.3877787807814457E-17
         1         20          0          1
         2        173          1          1
         3        324          0          1
         4        395          1          1
         5         70          0          1
         6        118          0          1
         7        188          1          1
         8        191          0          1
         9        116          1          1
        10        370          0          1
        11        353          0          1
        12        355          0          1
        13        107          0          1
        14        371          0          1
        15        162          0          1
        16        148          0          1
        17        387          0          1
        18        365          1          1
        19        244          0          1
        20        319          0          1
        21        283          0          1
        22        146          0          1
        23        374          1          1
        24        295          0          1
        25        253          1          1
        26        378          0          1
        27        326          0          1
        28         66          0          1
        29        149          0          1
        30        389          1          1
        31        393          0          1
        32        369          1          1
        33         52          0          1
        34        220          0          1
        35        344          0          1
        36        361          0          1
        37        158          0          1
        38        124          0          1
        39         18          1          1
        40        210          0          1
        41        104          0          1
        42        189          0          1
        43        223          0          1
        44        321          0          1
        45        323          0          1
        46        170          0          1
        47        117          1          1
        48        301          0          1
        49        125          1          1
        50        222          0          1
        51          6          0          1
        52        293          0          1
        53        181          0          1
        54         34          0          1
        55        122          0          1
        56        140          0          1
        57        305          1          1
        58        156          0          1
        59        392          0          1
        60        245          0          1
        61        214          1          1
        62        160          0          1
        63         82          0          1
        64        262          1          1
        65        206          0          1
        66        388          0          1
        67         75          0          1
        68        383          0          1
        69         53          0          1
        70        105          0          1
        71         59          1          1
        72         22          0          1
        73        309          0          1
        74        179          1          1
        75        183          0          1
        76        232          0          1
        77         94          0          1
        78        255          0          1
        79        286          0          1
        80         17          0          1
        81        330          0          1
        82         81          1          1
        83         80          0          1
        84        139          0          1
        85        337          0          1
        86         78          0          1
        87         44          1          1
        88        310          0          1
        89         33          0          1
        90        307          1          1
        91         64          0          1
        92         67          0          1
        93        135          0          1
        94         13          0          1
        95        238          0          1
        96        218          0          1
        97        400          1          1
        98        143          0          1
        99        187          1          1
       100         39          0          1
       101        329          1          1
       102        257          0          1
       103        258          0          1
       104        373          0          1
       105        372          0          1
       106         25          1          1
       107        252          0          1
       108        241          0          1
       109        390          1          1
       110         77          0          1
       111        221          1          1
       112         35          0          1
       113         50          0          1
       114        277          0          1
       115        161          1          1
       116        357          0          1
       117          1          0          1
       118        343          0          1
       119        332          0          1
       120        112          0          1
       121         58          0          1
       122        198          0          1
       123        341          0          1
       124         46          0          1
       125        263          0          1
       126         14          0          1
       127        200          0          1
       128         55          0          1
       129        121          0          1
       130        318          0          1
       131         97          0          1
       132        313          0          1
       133        362          0          1
       134        270          1          1
       135        164          0          1
       136        126          0          1
       137        100          1          1
       138        275          0          1
       139         38          1          1
       140        137          0          1
       141         30          0          1
       142        171          0          1
       143        195          0          1
       144        230          0          1
       145        111          0          1
       146        110          0          1
       147        119          1          1
       148        177          0          1
       149         24          0          1
       150         29          0          1
       151        178          0          1
       152         60          1          1
       153         85          0          1
       154        260          0          1
       155        335          1          1
       156        233          0          1
       157        284          0          1
       158        211          0          1
       159        113          0          1
       160        300          0          1
       161        266          0          1
       162        182          1          1
       163        312          0          1
       164        114          0          1
       165        202          1          1
       166        102          0          1
       167          9          0          1
       168        144          0          1
       169        151          0          1
       170         23          0          1
       171         54          0          1
       172        168          0          1
       173        375          0          1
       174        261          0          1
       175        132          0          1
       176        268          1          1
       177        231          0          1
       178        366          0          1
       179        322          0          1
       180        228          0          1
       181        196          1          1
       182          2          0          1
       183        235          1          1
       184        379          0          1
       185        267          0          1
       186         19          0          1
       187         63          0          1
       188        175          0          1
       189         98          0          1
       190        157          0          1
       191        359          1          1
       192         95          0          1
       193        106          0          1
       194         16          0          1
       195         62          1          1
       196        339          0          1
       197         74          1          1
       198        376          0          1
       199         84          0          1
       200          7          0          1
       201        145          0          1
       202          5          1          1
       203        336          0          1
       204         83          0          1
       205        287          0          1
       206        142          0          1
       207        382          0          1
       208        351          0          1
       209        269          0          1
       210        342          0          1
       211        185          0          1
       212        315          0          1
       213         43          1          1
       214        166          0          1
       215        180          0          1
       216        282          0          1
       217        172          0          1
       218        217          0          1
       219        327          1          1
       220        272          0          1
       221        123          0          1
       222        280          0          1
       223        205          1          1
       224        381          0          1
       225        174          0          1
       226        147          0          1
       227        340          0          1
       228        364          1          1
       229        247          0          1
       230        399          0          1
       231         28          0          1
       232        136          1          1
       233        229          0          1
       234         88          1          1
       235        234          0          1
       236        380          0          1
       237        240          0          1
       238        347          0          1
       239        239          0          1
       240        225          0          1
       241        163          1          1
       242         40          0          1
       243        360          0          1
       244        109          1          1
       245        259          0          1
       246         56          0          1
       247        213          1          1
       248        302          0          1
       249         11          0          1
       250          8          0          1
       251        169          0          1
       252        271          0          1
       253        192          1          1
       254        203          0          1
       255        237          1          1
       256        130          0          1
       257         90          1          1
       258        215          0          1
       259        204          0          1
       260        298          0          1
       261        291          0          1
       262         57          1          1
       263        354          0          1
       264        350          0          1
       265        320          0          1
       266        273          0          1
       267        131          0          1
       268        398          1          1
       269        276          0          1
       270        115          0          1
       271        385          0          1
       272        133          0          1
       273        236          0          1
       274         68          1          1
       275        297          0          1
       276        377          1          1
       277        134          0          1
       278        154          0          1
       279        138          1          1
       280         93          0          1
       281        256          0          1
       282        194          0          1
       283        331          1          1
       284        278          0          1
       285        290          0          1
       286         79          1          1
       287        208          0          1
       288         45          0          1
       289        242          0          1
       290        396          1          1
       291         92          0          1
       292        356          1          1
       293        207          0          1
       294        328          0          1
       295         48          0          1
       296        279          0          1
       297        333          0          1
       298        246          0          1
       299        292          0          1
       300        289          0          1
       301        141          1          1
       302        226          0          1
       303         26          0          1
       304        219          0          1
       305        285          0          1
       306        294          0          1
       307         96          1          1
       308        296          0          1
       309        212          0          1
       310        338          0          1
       311        167          0          1
       312          3          0          1
       313         91          1          1
       314        265          0          1
       315        251          0          1
       316        249          1          1
       317        190          0          1
       318        153          1          1
       319        348          0          1
       320        274          0          1
       321         47          0          1
       322        304          0          1
       323        281          0          1
       324        193          0          1
       325        386          0          1
       326        101          1          1
       327        201          0          1
       328         71          0          1
       329         41          0          1
       330         89          0          1
       331        352          0          1
       332        368          0          1
       333        299          0          1
       334         12          1          1
       335        264          0          1
       336         21          0          1
       337        345          1          1
       338        317          0          1
       339        367          0          1
       340         72          0          1
       341         15          0          1
       342        176          1          1
       343         37          0          1
       344          4          0          1
       345        397          1          1
       346        308          0          1
       347        303          1          1
       348        346          0          1
       349        288          0          1
       350        227          0          1
       351        108          0          1
       352        311          0          1
       353        128          1          1
       354        394          0          1
       355         99          0          1
       356        165          0          1
       357        325          0          1
       358        384          0          1
       359         31          1          1
       360        243          0          1
       361        159          0          1
       362        150          0          1
       363        184          1          1
       364         49          0          1
       365        197          0          1
       366         76          1          1
       367        316          0          1
       368        120          0          1
       369        216          0          1
       370         65          0          1
       371         69          1          1
       372         10          0          1
       373         86          0          1
       374        248          1          1
       375         42          0          1
       376        358          0          1
       377         27          0          1
       378         87          1          1
       379         51          0          1
       380         32          0          1
       381        224          1          1
       382        334          0          1
       383        152          0          1
       384        306          0          1
       385        254          1          1
       386        155          0          1
       387        363          0          1
       388        186          0          1
       389        199          0          1
       390        250          0          1
       391        391          0          1
       392        314          0          1
       393        103          1          1
       394         73          0          1
       395        129          0          1
       396        209          0          1
       397         61          0          1
       398        349          0          1
       399        127          1          1
       400         36          0          1
                8516
configuration                   13                60000         3.1229424941503736E+00         2.9800000000000000E+02         1.3877787807814457E-17
         1        376          0          1
         2        137          0          1
         3         21          0          1
         4        367          0          1
         5         61          0          1
         6         81          0          1
         7         79          0          1
         8        148          0          1
         9         63          1          1
        10        370          0          1
        11        266          0          1
        12        354          0          1
        13         19          0          1
        14        144          0          1
        15        398          0          1
        16        348          0          1
        17        313          0          1
        18        280          1          1
        19        319          0          1
        20        272          0          1
        21        298          0          1
        22        134          0          1
        23        361          0          1
        24        357          0          1
        25         60          0          1
        26        314          0          1
        27        182          0          1
        28        311          1          1
        29        394          0          1
        30        368          0          1
        31        276          1          1
        32        239          0          1
        33        190          0          1
        34        360          0          1
        35         90          1          1
        36        350          0          1
        37        235          1          1
        38        373          0          1
        39        206          0          1
        40         64          0          1
        41         70          0          1
        42        140          1          1
        43         89          0          1
        44        307          0          1
        45        267          1          1
        46        185          0          1
        47        109          1          1
        48         62          0          1
        49         26          0          1
        50        291          0          1
        51        212          0          1
        52        371          1          1
        53        392          0          1
        54        293          0          1
        55        238          0          1
        56        282          0          1
        57          6          0          1
        58         65          0          1
        59         24          1          1
        60         87          0          1
        61         31          1          1
        62        300          0          1
        63        232          0          1
        64        191          1          1
        65        218          0          1
        66        285          0          1
        67        225          0          1
        68        228          1          1
        69          3          0          1
        70          5          0          1
        71        337          0          1
        72        383          0          1
        73        288          0          1
        74        254          0          1
        75        196          0          1
        76        104          1          1
        77         30          0          1
        78        224          0          1
        79         94          0          1
        80        380          0          1
        81        121          0          1
        82         47          0          1
        83        193          0          1
        84        194          0          1
        85        365          0          1
        86        305          0          1
        87        186          0          1
        88        160          0          1
        89        142          0          1
        90        303          0          1
        91        379          0          1
        92        270          1          1
        93        174          0          1
        94        281          0          1
        95         46          0          1
        96        341          0          1
        97        269          0          1
        98        132          0          1
        99        257          1          1
       100        364          0          1
       101        352          0          1
       102        141          1          1
       103         49          0          1
       104         96          0          1
       105         84          1          1
       106         43          0          1
       107        378          0          1
       108        168          1          1
       109         71          0          1
       110        245          0          1
       111        117          0          1
       112        184          0          1
       113        363          1          1
       114        213          0          1
       115        264          0          1
       116        153          0          1
       117        248          1          1
       118        215          0          1
       119        203          0          1
       120        183          1          1
       121        170          0          1
       122        133          0          1
       123         42          0          1
       124        118          1          1
       125         32          0          1
       126        178          0          1
       127        105          0          1
       128          9          0          1
       129        112          0          1
       130        301          0          1
       131        396          0          1
       132        273          0          1
       133        347          0          1
       134        321          0          1
       135         98          0          1
       136        384          1          1
       137        152          0          1
       138        129          0          1
       139        333          0          1
       140        241          0          1
       141        102          0          1
       142        226          0          1
       143         80          0          1
       144        329          0          1
       145        151          0          1
       146        188          0          1
       147         73          1          1
       148        310          0          1
       149         48          0          1
       150        271          1          1
       151        399          0          1
       152        192          1          1
       153        139          0          1
       154        268          1          1
       155        351          0          1
       156        195          0          1
       157        169          0          1
       158        107          0          1
       159        278          0          1
       160        325          0          1
       161        304          0          1
       162        261          0          1
       163         23          0          1
       164         55          1          1
       165        136          0          1
       166        322          0          1
       167        156          0          1
       168        362          0          1
       169        385          0          1
       170        154          0          1
       171        336          0          1
       172        252          0          1
       173         58          1          1
       174        179          0          1
       175        328          0          1
       176        318          0          1
       177         29          0          1
       178        209          1          1
       179         45          0          1
       180         56          0          1
       181        202          0          1
       182        353          0          1
       183        256          0          1
       184         91          0          1
       185        390          1          1
       186        295          0          1
       187        131          1          1
       188        219          0          1
       189        338          1          1
       190        150          0          1
       191        128          0          1
       192        246          0          1
       193        274          0          1
       194         57          0          1
       195        166          0          1
       196        189          1          1
       197        124          0          1
       198          7          0          1
       199        324          0          1
       200        316          0          1
       201         50          0          1
       202         95          0          1
       203        236          0          1
       204        171          1          1
       205        223          0          1
       206        125          1          1
       207         40          0          1
       208        162          1          1
       209         34          0          1
       210         41          1          1
       211         93          0          1
       212         92          0          1
       213        159          1          1
       214        391          0          1
       215        283          1          1
       216        143          0          1
       217        211          0          1
       218        289          1          1
       219        326          0          1
       220        259          0          1
       221        161          1          1
       222         39          0          1
       223         25          1          1
       224        393          0          1
       225        306          0          1
       226        317          0          1
       227        327          0          1
       228         85          0          1
       229          8          0          1
       230        177          0          1
       231         53          0          1
       232        242          1          1
       233         17          0          1
       234        221          1          1
       235        349          0          1
       236         36          0          1
       237        103          0          1
       238        101          0          1
       239        275          0          1
       240        113          0          1
       241        227          0          1
       242        400          0          1
       243        230          0          1
       244        176          0          1
       245        231          1          1
       246        116          0          1
       247        374          1          1
       248        359          0          1
       249        217          0          1
       250          4          1          1
       251         78          0          1
       252         72          0          1
       253        309          0          1
       254        395          0          1
       255        296          0          1
       256        323          1          1
       257        180          0          1
       258         97          0          1
       259         54          0          1
       260        119          0          1
       261        138          0          1
       262        386          0          1
       263         16          0          1
       264        302          0          1
       265        158          0          1
       266        197          0          1
       267        344          0          1
       268         22          0          1
       269         83          0          1
       270        207          0          1
       271        284          0          1
       272        346          0          1
       273         86          1          1
       274        240          0          1
       275          1          1          1
       276        388          0          1
       277        120          1          1
       278        312          0          1
       279        287          0          1
       280        244          1          1
       281        146          0          1
       282         37          0          1
       283        358          0          1
       284        115          0          1
       285        222          1          1
       286         66          0          1
       287         67          0          1
       288        233          0          1
       289         18          0          1
       290        234          0          1
       291        126          0          1
       292          2          1          1
       293        205          0          1
       294        165          0          1
       295        340          0          1
       296        332          0          1
       297        356          0          1
       298        155          0          1
       299        237          0          1
       300         88          0          1
       301        250          1          1
       302        342          0          1
       303         38          0          1
       304        208          1          1
       305        372          0          1
       306         10          1          1
       307        294          0          1
       308         33          0          1
       309        122          0          1
       310        265          1          1
       311        164          0          1
       312        214          0          1
       313        210          1          1
       314        110          0          1
       315        130          1          1
       316        369          0          1
       317        163          1          1
       318        216          0          1
       319        175          0          1
       320         20          0          1
       321        355          0          1
       322        330          0          1
       323        173          1          1
       324         44          0          1
       325        157          0          1
       326        334          0          1
       327        201          0          1
       328        262          0          1
       329        145          0          1
       330        253          0          1
       331        339          0          1
       332        251          1          1
       333        331          0          1
       334         51          1          1
       335        335          0          1
       336         13          1          1
       337        279          0          1
       338         75          0          1
       339        366          0          1
       340         11          0          1
       341        377          0          1
       342        106          1          1
       343        187          0          1
       344        167          1          1
       345         14          0          1
       346        149          0          1
       347        147          0          1
       348         76          1          1
       349        343          0          1
       350        299          0          1
       351        297          1          1
       352        387          0          1
       353        389          1          1
       354        255          0          1
       355        123          0          1
       356         28          0          1
       357        111          0          1
       358        220          1          1
       359         69          0          1
       360        260          0          1
       361         77          1          1
       362         68          0          1
       363        315          0          1
       364         82          0          1
       365        181          0          1
       366         12          1          1
       367         99          0          1
       368        345          0          1
       369         27          1          1
       370        247          0          1
       371        292          0          1
       372        397          1          1
       373        249          0          1
       374        127          0          1
       375        277          0          1
       376         52          0          1
       377        263          0          1
       378        286          0          1
       379        258          0          1
       380        199          0          1
       381        204          0          1
       382        243          0          1
       383         74          1          1
       384        375          0          1
       385        172          0          1
       386         59          0          1
       387        382          0          1
       388         35          0          1
       389        229          0          1
       390        200          0          1
       391        114          1          1
       392        308          0          1
       393        290          1          1
       394        381          0          1
       395        100          0          1
       396        198          1          1
       397        135          0          1
       398         15          0          1
       399        320          0          1
       400        108          1          1
                9263
configuration                   14                65000         3.3822988688817937E+00         2.9800000000000000E+02         1.3877787807814457E-17
         1        239          1          1
         2        159          0          1
         3         92          1          1
         4        365          0          1
         5         32          0          1
         6        389          0          1
         7         74          0          1
         8         69          0          1
         9         45          0          1
        10        211          0          1
        11        205          1          1
        12        246          0          1
        13        388          1          1
        14         15          0          1
        15        201          1          1
        16        168          0          1
        17        220          1          1
        18         11          0          1
        19         34          1          1
        20         72          0          1
        21        379          0          1
        22        122          0          1
        23         59          0          1
        24        250          0          1
        25         95          0          1
        26         42          1          1
        27        360          0          1
        28        231          1          1
        29         77          0          1
        30        169          0          1
        31         67          0          1
        32        371          1          1
        33        305          0          1
        34         51          0          1
        35        207          0          1
        36        311          1          1
        37        228          0          1
        38         86          1          1
        39         87          0          1
        40        134          1          1
        41        165          1          1
        42        279          0          1
        43        278          0          1
        44        400          0          1
        45         40          0          1
        46         71          0          1
        47          5          1          1
        48        380          0          1
        49        166          0          1
        50        328          0          1
        51        104          0          1
        52        384          0          1
        53        319          0          1
        54        368          0          1
        55        249          1          1
        56        330          0          1
        57        270          0          1
        58        106          0          1
        59          7          0          1
        60        300          0          1
        61         29          0          1
        62        193          1          1
        63         23          0          1
        64        107          0          1
        65        334          0          1
        66        203          0          1
        67        225          0          1
        68        110          0          1
        69        267          0          1
        70        121          0          1
        71        208          0          1
        72        152          0          1
        73        303          0          1
        74        212          0          1
        75        286          0          1
        76        283          0          1
        77        222          0          1
        78        399          0          1
        79        285          0          1
        80        240          0          1
        81         94          0          1
        82         93          0          1
        83         20          1          1
        84        280          0          1
        85        338          0          1
        86        127          0          1
        87        342          1          1
        88        345          0          1
        89        155          0          1
        90        251          1          1
        91        288          0          1
        92        210          0          1
        93         37          1          1
        94        373          0          1
        95        252          0          1
        96        105          1          1
        97        344          0          1
        98        158          0          1
        99        306          0          1
       100        150          0          1
       101        164          1          1
       102        299          0          1
       103        191          0          1
       104        170          1          1
       105        171          0          1
       106         89          0          1
       107         62          0          1
       108         79          1          1
       109        395          0          1
       110        343          0          1
       111        277          0          1
       112         55          0          1
       113        248          0          1
       114        313          1          1
       115        264          0          1
       116         97          0          1
       117        375          0          1
       118        177          0          1
       119        149          1          1
       120        120          0          1
       121        387          0          1
       122        151          0          1
       123        178          0          1
       124        128          0          1
       125        353          1          1
       126        321          0          1
       127        322          0          1
       128        324          0          1
       129        227          0          1
       130        363          1          1
       131        354          0          1
       132        117          0          1
       133        176          0          1
       134         48          0          1
       135        253          0          1
       136        142          0          1
       137        367          0          1
       138        261          0          1
       139        266          0          1
       140        382          1          1
       141        298          0          1
       142        154          0          1
       143        310          0          1
       144        113          0          1
       145         84          0          1
       146         83          0          1
       147          6          0          1
       148        206          1          1
       149        135          0          1
       150         14          0          1
       151        101          0          1
       152         26          1          1
       153        131          0          1
       154          8          0          1
       155         47          0          1
       156        148          1          1
       157        199          0          1
       158        263          0          1
       159          2          0          1
       160        183          0          1
       161         22          0          1
       162         60          0          1
       163        271          0          1
       164         56          1          1
       165         44          0          1
       166        132          0          1
       167        156          0          1
       168        138          0          1
       169        385          0          1
       170         80          1          1
       171         49          0          1
       172        167          0          1
       173        276          0          1
       174        331          0          1
       175        100          0          1
       176        214          0          1
       177        111          0          1
       178        108          0          1
       179        269          0          1
       180        377          0          1
       181        103          1          1
       182        393          0          1
       183         91          0          1
       184        289          0          1
       185         50          0          1
       186        312          0          1
       187        309          1          1
       188         33          0          1
       189         39          1          1
       190         18          0          1
       191        260          0          1
       192        233          0          1
       193        333          1          1
       194        349          0          1
       195        337          1          1
       196        282          0          1
       197         65          1          1
       198         16          0          1
       199        274          1          1
       200        109          0          1
       201        172          0          1
       202        175          0          1
       203        115          0          1
       204        118          0          1
       205         27          0          1
       206         99          0          1
       207        272          0          1
       208        238          1          1
       209        215          0          1
       210        394          0          1
       211        325          0          1
       212        361          1          1
       213        140          0          1
       214        237          0          1
       215         90          0          1
       216         41          1          1
       217        189          0          1
       218         96          1          1
       219        163          0          1
       220        188          0          1
       221        327          1          1
       222        112          0          1
       223        297          0          1
       224        146          1          1
       225        364          0          1
       226        350          1          1
       227        362          0          1
       228        320          0          1
       229        144          0          1
       230        160          0          1
       231        241          0          1
       232          4          0          1
       233         12          0          1
       234        196          0          1
       235         13          0          1
       236        195          0          1
       237         19          0          1
       238         52          0          1
       239        265          1          1
       240        290          0          1
       241         66          0          1
       242        335          0          1
       243        398          1          1
       244         70          0          1
       245        116          1          1
       246        234          0          1
       247        347          1          1
       248         28          0          1
       249        190          1          1
       250        317          0          1
       251         82          1          1
       252         35          0          1
       253         78          1          1
       254        137          0          1
       255        256          0          1
       256         36          0          1
       257        372          0          1
       258        147          0          1
       259        307          0          1
       260        179          0          1
       261        381          0          1
       262        254          1          1
       263        262          0          1
       264         68          1          1
       265        258          0          1
       266        287          0          1
       267        162          0          1
       268         54          0          1
       269        295          0          1
       270        292          0          1
       271        213          0          1
       272        187          0          1
       273        397          0          1
       274         21          1          1
       275        352          0          1
       276        153          0          1
       277        182          1          1
       278         10          0          1
       279         31          0          1
       280        139          0          1
       281        245          1          1
       282        219          0          1
       283        396          1          1
       284        200          0          1
       285        376          1          1
       286        242          0          1
       287        173          1          1
       288        221          0          1
       289        316          0          1
       290        123          0          1
       291        217          0          1
       292        197          1          1
       293        243          0          1
       294        143          0          1
       295        314          1          1
       296        204          0          1
       297         24          0          1
       298         58          0          1
       299        281          1          1
       300        181          0          1
       301        355          0          1
       302         63          0          1
       303        358          0          1
       304        284          0          1
       305        308          0          1
       306        318          0          1
       307        114          0          1
       308        301          1          1
       309         46          0          1
       310        339          0          1
       311        232          0          1
       312         85          0          1
       313        129          0          1
       314          3          0          1
       315         88          0          1
       316        323          0          1
       317        161          1          1
       318        291          0          1
       319        348          0          1
       320         64          0          1
       321        229          1          1
       322        247          0          1
       323        293          0          1
       324        326          0          1
       325        125          0          1
       326        209          0          1
       327         25          1          1
       328        216          0          1
       329         57          0          1
       330        378          0          1
       331        329          0          1
       332         43          1          1
       333        341          0          1
       334         38          0          1
       335        268          1          1
       336        340          0          1
       337        136          0          1
       338        184          0          1
       339        235          1          1
       340        296          0          1
       341        202          0          1
       342        226          0          1
       343        332          0          1
       344        346          1          1
       345        302          0          1
       346        386          0          1
       347        230          0          1
       348        141          1          1
       349        275          0          1
       350        356          1          1
       351        223          0          1
       352        236          0          1
       353         75          1          1
       354        126          0          1
       355        198          0          1
       356        351          0          1
       357        157          1          1
       358        119          0          1
       359        174          0          1
       360         30          0          1
       361        304          0          1
       362         76          0          1
       363          9          0          1
       364        224          0          1
       365        315          0          1
       366        336          0          1
       367         98          0          1
       368        102          0          1
       369         61          0          1
       370        390          0          1
       371        369          0          1
       372        370          0          1
       373        392          0          1
       374        133          0          1
       375        259          0          1
       376         73          1          1
       377         53          0          1
       378        273          1          1
       379        180          0          1
       380        374          0          1
       381        130          0          1
       382        244          1          1
       383        294          0          1
       384        192          1          1
       385        145          0          1
       386        366          1          1
       387        391          0          1
       388          1          0          1
       389        218          0          1
       390        359          1          1
       391         17          0          1
       392        186          1          1
       393        124          0          1
       394        357          0          1
       395         81          0          1
       396        383          0          1
       397        255          0          1
       398        194          0          1
       399        257          0          1
       400        185          1          1
               10020
configuration                   15                70000         3.6470884570146582E+00         2.9800000000000000E+02         1.3877787807814457E-17
         1        137          0          1
         2        209          0          1
         3        176          0          1
         4        367          0          1
         5        106          0          1
         6        392          0          1
         7        232          0          1
         8        327          1          1
         9          2          0          1
        10        114          0          1
        11        308          0          1
        12         41          0          1
        13        205          0          1
        14         76          1          1
        15        149          0          1
        16        126          1          1
        17        237          0          1
        18        187          0          1
        19        372          1          1
        20        229          0          1
        21        340          0          1
        22        261          1          1
        23         74          0          1
        24        173          0          1
        25         90          0          1
        26        197          1          1
        27        236          0          1
        28        122          0          1
        29        109          1          1
        30        199          0          1
        31        267          0          1
        32          9          0          1
        33        160          0          1
        34        378          0          1
        35        350          0          1
        36        226          0          1
        37         16          0          1
        38        206          0          1
        39        146          0          1
        40         78          1          1
        41         99          1          1
        42         27          0          1
        43         61          0          1
        44        165          0          1
        45        111          0          1
        46        279          0          1
        47        125          0          1
        48        291          0          1
        49        319          0          1
        50         54          0          1
        51         12          1          1
        52        301          0          1
        53        148          0          1
        54        306          0          1
        55         13          0          1
        56        196          1          1
        57        263          0          1
        58         93          0          1
        59        189          0          1
        60         86          0          1
        61        213          0          1
        62         46          0          1
        63         91          1          1
        64        343          0          1
        65        203          0          1
        66        145          0          1
        67        107          0          1
        68        393          0          1
        69        363          0          1
        70        238          0          1
        71        170          0          1
        72        169          0          1
        73        163          0          1
        74        265          1          1
        75        358          0          1
        76          6          0          1
        77        369          1          1
        78        252          0          1
        79        253          0          1
        80        346          0          1
        81        113          0          1
        82        246          0          1
        83        186          0          1
        84        355          0          1
        85        288          0          1
        86        318          0          1
        87        336          0          1
        88        211          0          1
        89        298          0          1
        90        352          1          1
        91        104          0          1
        92         48          0          1
        93        400          0          1
        94        219          0          1
        95         77          0          1
        96        262          1          1
        97         38          0          1
        98        218          1          1
        99         11          0          1
       100         37          1          1
       101        359          0          1
       102        397          0          1
       103        184          0          1
       104         88          0          1
       105        120          0          1
       106        249          1          1
       107        277          0          1
       108        166          1          1
       109        333          0          1
       110        162          0          1
       111        321          0          1
       112        302          0          1
       113        200          0          1
       114        388          0          1
       115        278          1          1
       116        284          0          1
       117        100          0          1
       118        365          0          1
       119        312          0          1
       120        177          0          1
       121        332          0          1
       122        383          1          1
       123        272          0          1
       124         84          0          1
       125        243          0          1
       126        371          0          1
       127        361          0          1
       128        215          0          1
       129        310          1          1
       130         68          0          1
       131        341          1          1
       132        281          0          1
       133        118          0          1
       134        307          1          1
       135        139          0          1
       136        276          0          1
       137         66          1          1
       138         80          0          1
       139         98          1          1
       140        220          0          1
       141        394          1          1
       142        292          0          1
       143        257          0          1
       144        151          0          1
       145        342          0          1
       146        283          0          1
       147        159          1          1
       148        385          0          1
       149         44          0          1
       150         50          1          1
       151        315          0          1
       152        282          1          1
       153        172          0          1
       154        112          0          1
       155         69          0          1
       156        124          0          1
       157         40          0          1
       158         43          0          1
       159        337          0          1
       160         94          0          1
       161        382          0          1
       162        143          0          1
       163         18          0          1
       164        269          0          1
       165         82          1          1
       166         85          0          1
       167        127          0          1
       168        391          0          1
       169        280          1          1
       170         71          0          1
       171        328          1          1
       172        373          0          1
       173        390          1          1
       174        273          0          1
       175        227          1          1
       176        144          0          1
       177        349          0          1
       178         60          0          1
       179        115          0          1
       180        260          0          1
       181        374          0          1
       182        348          0          1
       183        250          1          1
       184        157          0          1
       185         97          0          1
       186        311          0          1
       187        338          1          1
       188        317          0          1
       189        168          0          1
       190        129          1          1
       191        161          0          1
       192        230          0          1
       193        290          0          1
       194        356          0          1
       195         51          0          1
       196        175          0          1
       197        364          1          1
       198          1          0          1
       199        335          0          1
       200        251          1          1
       201        375          1          1
       202        286          0          1
       203         52          0          1
       204         34          0          1
       205        239          0          1
       206        136          0          1
       207        329          0          1
       208        274          1          1
       209        102          0          1
       210        297          0          1
       211         96          0          1
       212        258          1          1
       213         83          0          1
       214         63          0          1
       215        150          1          1
       216         31          0          1
       217        396          0          1
       218        389          0          1
       219        105          1          1
       220        395          0          1
       221        381          0          1
       222          4          1          1
       223        153          0          1
       224        110          0          1
       225        270          0          1
       226        354          0          1
       227         42          1          1
       228        131          0          1
       229        242          0          1
       230        380          1          1
       231        103          0          1
       232        174          0          1
       233        202          0          1
       234        147          0          1
       235         45          0          1
       236        235          1          1
       237        222          0          1
       238        330          1          1
       239        225          0          1
       240        212          1          1
       241         53          1          1
       242        183          0          1
       243        133          0          1
       244        296          0          1
       245        121          0          1
       246        142          0          1
       247          7          0          1
       248        334          0          1
       249        190          1          1
       250        132          0          1
       251         79          0          1
       252        368          1          1
       253        247          0          1
       254         55          1          1
       255         87          0          1
       256        271          0          1
       257        193          0          1
       258        217          0          1
       259        240          0          1
       260         29          0          1
       261         59          0          1
       262        207          0          1
       263        303          0          1
       264        324          0          1
       265         64          1          1
       266        360          0          1
       267        216          0          1
       268         49          1          1
       269        398          0          1
       270        245          0          1
       271        194          0          1
       272        399          0          1
       273        181          0          1
       274        208          0          1
       275         10          1          1
       276         15          0          1
       277        152          0          1
       278        158          1          1
       279        156          0          1
       280         56          0          1
       281        300          0          1
       282        138          1          1
       283        231          0          1
       284         32          0          1
       285          8          0          1
       286         30          0          1
       287        164          0          1
       288        221          0          1
       289         58          0          1
       290        123          0          1
       291         47          0          1
       292        266          0          1
       293        244          0          1
       294        387          1          1
       295        344          0          1
       296         70          0          1
       297        135          0          1
       298        379          0          1
       299         21          0          1
       300        248          1          1
       301        384          0          1
       302        323          0          1
       303        304          1          1
       304        180          0          1
       305        377          0          1
       306        191          1          1
       307        347          0          1
       308        376          0          1
       309        357          0          1
       310        204          0          1
       311        201          0          1
       312        331          0          1
       313        326          0          1
       314         20          0          1
       315        366          0          1
       316         36          0          1
       317         28          0          1
       318        314          0          1
       319        339          1          1
       320        289          0          1
       321         73          0          1
       322        322          1          1
       323        370          0          1
       324        268          0          1
       325        285          1          1
       326        108          0          1
       327        234          1          1
       328        299          0          1
       329        134          0          1
       330        228          0          1
       331          5          1          1
       332        362          0          1
       333        264          0          1
       334        295          0          1
       335         23          1          1
       336         72          0          1
       337        275          0          1
       338        223          0          1
       339        195          0          1
       340        178          0          1
       341         35          1          1
       342        309          0          1
       343        116          0          1
       344        198          1          1
       345        256          0          1
       346        320          1          1
       347        287          0          1
       348        345          0          1
       349        233          0          1
       350        101          0          1
       351        316          0          1
       352        305          0          1
       353         89          1          1
       354         39          0          1
       355        210          0          1
       356         75          1          1
       357        325          0          1
       358         24          1          1
       359        241          0          1
       360        119          0          1
       361          3          0          1
       362        117          0          1
       363         33          0          1
       364        179          0          1
       365        155          0          1
       366         17          0          1
       367        192          0          1
       368        353          0          1
       369        313          0          1
       370         92          0          1
       371        185          1          1
       372        141          0          1
       373         67          0          1
       374         65          1          1
       375        188          0          1
       376         26          0          1
       377         81          0          1
       378        351          0          1
       379        128          0          1
       380        255          1          1
       381         14          0          1
       382        214          1          1
       383        294          0          1
       384        154          0          1
       385        254          0          1
       386        140          0          1
       387        130          1          1
       388        293          0          1
       389        182          0          1
       390         22          0          1
       391        386          0          1
       392         62          1          1
       393         57          0          1
       394         95          0          1
       395        224          1          1
       396        259          0          1
       397         19          1          1
       398         25          0          1
       399        171          0          1
       400        167          0          1
               10798
configuration                   16                75000         3.9080495876103276E+00         2.9800000000000000E+02         1.0000000000000002E-01
         1         36          0          1
         2        150          1          1
         3        375          0          1
         4        277          0          1
         5        237          0          1
         6        149          0          1
         7        298          1          1
         8         11          0          1
         9        142          0          1
        10        223          0          1
        11        389          0          1
        12        315          0          1
        13        152          0          1
        14        371          0          1
        15        224          0          1
        16        240          0          1
        17         49          1          1
        18        210          0          1
        19         20          0          1
        20        147          0          1
        21        207          0          1
        22         41          0          1
        23        342          1          1
        24        198          0          1
        25        313          0          1
        26        229          0          1
        27        137          0          1
        28        390          0          1
        29        219          0          1
        30        200          1          1
        31         88          0          1
        32        215          1          1
        33        341          0          1
        34        378          0          1
        35         78          0          1
        36        393          1          1
        37        322          0          1
        38        263          0          1
        39        385          0          1
        40        368          0          1
        41         23          0          1
        42        392          1          1
        43        268          0          1
        44        302          1          1
        45        103          0          1
        46        247          0          1
        47         45          1          1
        48          8          0          1
        49        206          1          1
        50        343          0          1
        51        204          0          1
        52        330          0          1
        53        130          1          1
        54         54          0          1
        55        116          1          1
        56        319          0          1
        57        235          0          1
        58         90          0          1
        59        175          1          1
        60         25          0          1
        61        287          1          1
        62        395          0          1
        63         56          0          1
        64        239          0          1
        65         94          0          1
        66        275          1          1
        67        285          0          1
        68        180          1          1
        69        324          0          1
        70          6          0          1
        71        372          0          1
        72         33          0          1
        73        388          0          1
        74        266          0          1
        75         50          0          1
        76        257          0          1
        77        199          0          1
        78        156          0          1
        79        340          0          1
        80        170          0          1
        81        160          0          1
        82         82          0          1
        83         10          0          1
        84        120          1          1
        85        320          0          1
        86        303          0          1
        87         38          1          1
        88        222          0          1
        89        314          0          1
        90        336          0          1
        91        248          1          1
        92        297          0          1
        93        387          1          1
        94        174          0          1
        95         62          0          1
        96        172          1          1
        97        364          0          1
        98        227          0          1
        99        187          0          1
       100        138          1          1
       101        134          1          1
       102        157          0          1
       103        212          1          1
       104         60          0          1
       105        259          0          1
       106        228          0          1
       107        282          0          1
       108         87          0          1
       109        226          0          1
       110        273          0          1
       111        325          0          1
       112         91          0          1
       113        373          0          1
       114         77          0          1
       115        194          0          1
       116        278          0          1
       117         40          0          1
       118        139          0          1
       119        352          1          1
       120        188          0          1
       121         86          0          1
       122         28          0          1
       123        193          0          1
       124        321          0          1
       125         93          0          1
       126        397          0          1
       127        161          0          1
       128        345          1          1
       129        182          0          1
       130         30          0          1
       131        308          1          1
       132        398          0          1
       133        288          0          1
       134        112          1          1
       135        270          0          1
       136        264          1          1
       137        267          0          1
       138        153          1          1
       139        307          0          1
       140         58          0          1
       141         22          0          1
       142        391          0          1
       143        358          0          1
       144         61          0          1
       145        111          0          1
       146         89          1          1
       147        117          0          1
       148        189          0          1
       149        317          0          1
       150        274          0          1
       151         12          0          1
       152          7          0          1
       153        203          1          1
       154        292          0          1
       155        382          0          1
       156         35          0          1
       157        311          0          1
       158        357          0          1
       159        234          0          1
       160        328          1          1
       161        216          1          1
       162         44          0          1
       163         81          1          1
       164        233          0          1
       165        269          0          1
       166         63          0          1
       167        114          0          1
       168        284          0          1
       169         15          0          1
       170        163          1          1
       171         32          0          1
       172        326          0          1
       173        118          0          1
       174        244          0          1
       175        132          0          1
       176         71          1          1
       177        241          0          1
       178        162          0          1
       179         83          1          1
       180        148          0          1
       181        359          0          1
       182        399          1          1
       183        305          0          1
       184        344          1          1
       185        168          0          1
       186         65          0          1
       187        255          1          1
       188        377          0          1
       189        123          1          1
       190        363          0          1
       191         96          0          1
       192        349          0          1
       193         24          0          1
       194        254          0          1
       195        280          1          1
       196         75          0          1
       197        158          1          1
       198        361          0          1
       199        362          0          1
       200        306          0          1
       201        256          1          1
       202        351          0          1
       203         84          0          1
       204         37          0          1
       205        334          0          1
       206        374          0          1
       207         79          0          1
       208         13          0          1
       209         26          0          1
       210         99          1          1
       211        173          0          1
       212        195          0          1
       213        164          0          1
       214        295          0          1
       215         51          0          1
       216        347          0          1
       217        146          0          1
       218        376          0          1
       219         42          0          1
       220        381          0          1
       221         31          0          1
       222        196          0          1
       223        135          0          1
       224        251          0          1
       225          5          0          1
       226        122          0          1
       227        329          0          1
       228        177          1          1
       229        231          0          1
       230        312          0          1
       231        201          0          1
       232         59          1          1
       233        217          0          1
       234        102          0          1
       235         64          0          1
       236        141          0          1
       237        127          0          1
       238        369          0          1
       239        323          0          1
       240        171          0          1
       241         39          0          1
       242        101          0          1
       243         68          0          1
       244        386          0          1
       245        126          0          1
       246        221          1          1
       247        379          0          1
       248        108          0          1
       249        355          0          1
       250        299          0          1
       251        366          0          1
       252         92          0          1
       253        245          0          1
       254        124          1          1
       255        291          0          1
       256        286          0          1
       257        143          1          1
       258         17          0          1
       259         95          0          1
       260        218          0          1
       261          3          0          1
       262        243          1          1
       263         53          0          1
       264        205          0          1
       265        131          1          1
       266        185          0          1
       267        333          0          1
       268        370          1          1
       269        100          0          1
       270        365          0          1
       271        262          1          1
       272        304          0          1
       273         98          0          1
       274        230          0          1
       275        211          1          1
       276        300          0          1
       277        202          0          1
       278        293          1          1
       279        214          0          1
       280        384          1          1
       281         67          0          1
       282        106          0          1
       283        181          1          1
       284        346          0          1
       285        337          0          1
       286         18          1          1
       287          1          0          1
       288         66          0          1
       289        213          0          1
       290        367          0          1
       291        265          0          1
       292        105          0          1
       293        252          0          1
       294        258          1          1
       295        383          0          1
       296        250          0          1
       297        125          1          1
       298        190          0          1
       299        279          1          1
       300        246          0          1
       301         27          0          1
       302         57          0          1
       303        133          0          1
       304         69          0          1
       305        238          0          1
       306         80          0          1
       307        119          0          1
       308         34          1          1
       309        179          0          1
       310        184          0          1
       311        236          0          1
       312        113          1          1
       313        169          0          1
       314         76          0          1
       315        316          1          1
       316        144          0          1
       317        301          0          1
       318        353          0          1
       319        155          0          1
       320         43          1          1
       321        159          0          1
       322        107          0          1
       323        261          1          1
       324        225          0          1
       325        283          0          1
       326        290          0          1
       327         48          0          1
       328         74          0          1
       329        318          0          1
       330        271          0          1
       331        396          0          1
       332         55          0          1
       333        294          0          1
       334        296          1          1
       335         85          0          1
       336        272          1          1
       337        400          1          1
       338         21          0          1
       339        332          0          1
       340        178          0          1
       341        276          0          1
       342         14          0          1
       343        110          0          1
       344        191          1          1
       345        183          0          1
       346        348          1          1
       347        356          0          1
       348        360          0          1
       349        232          0          1
       350        338          1          1
       351        260          0          1
       352        104          0          1
       353        129          0          1
       354        165          0          1
       355         52          0          1
       356        281          0          1
       357        197          0          1
       358        380          0          1
       359        394          0          1
       360         47          0          1
       361         16          0          1
       362        331          0          1
       363        309          1          1
       364        220          0          1
       365         70          0          1
       366        109          0          1
       367        128          0          1
       368         29          0          1
       369        115          1          1
       370        121          0          1
       371        140          1          1
       372        289          0          1
       373        339          0          1
       374        335          0          1
       375        242          0          1
       376         73          0          1
       377        166          0          1
       378         97          0          1
       379         19          0          1
       380        209          0          1
       381        186          0          1
       382        151          0          1
       383        350          0          1
       384        167          1          1
       385          4          0          1
       386        253          0          1
       387        208          0          1
       388        192          1          1
       389        145          0          1
       390          2          0          1
       391        354          0          1
       392          9          1          1
       393        154          0          1
       394        310          0          1
       395        176          1          1
       396        327          0          1
       397         72          0          1
       398        136          1          1
       399         46          0          1
       400        249          0          1
               11535
configuration                   17                80000         4.1675955165821943E+00         2.9800000000000000E+02         1.0000000000000002E-01
         1        356          0          1
         2        362          0          1
         3        121          0          1
         4        299          1          1
         5         36          0          1
         6          4          1          1
         7        390          0          1
         8         73          1          1
         9          7          0          1
        10        175          1          1
        11        300          0          1
        12         85          0          1
        13        389          0          1
        14         86          1          1
        15        123          0          1
        16        377          0          1
        17        267          0          1
        18        226          0          1
        19        272          0          1
        20        391          0          1
        21        371          1          1
        22          6          0          1
        23        215          1          1
        24        218          0          1
        25        240          0          1
        26        337          0          1
        27        233          0          1
        28        157          0          1
        29         50          0          1
        30        177          0          1
        31         95          0          1
        32        397          0          1
        33        236          0          1
        34        139          0          1
        35        193          0          1
        36        345          0          1
        37         57          0          1
        38         69          1          1
        39         79          0          1
        40         82          0          1
        41        374          0          1
        42          3          0          1
        43         33          0          1
        44         65          0          1
        45         22          0          1
        46        363          0          1
        47        323          0          1
        48         59          1          1
        49         30          0          1
        50        395          0          1
        51        133          0          1
        52        128          0          1
        53        333          0          1
        54        171          1          1
        55        184          0          1
        56         78          0          1
        57        369          0          1
        58        241          0          1
        59        379          0          1
        60        149          0          1
        61        359          0          1
        62        355          0          1
        63         51          1          1
        64        287          0          1
        65         16          0          1
        66        269          1          1
        67        398          0          1
        68        386          0          1
        69        283          0          1
        70        211          0          1
        71         54          0          1
        72        336          1          1
        73         12          0          1
        74        160          0          1
        75        138          0          1
        76        142          0          1
        77        225          0          1
        78        347          0          1
        79         98          0          1
        80        262          1          1
        81         39          1          1
        82        261          0          1
        83        127          0          1
        84        367          0          1
        85        135          1          1
        86        258          0          1
        87        328          0          1
        88        387          0          1
        89        100          1          1
        90         68          0          1
        91        329          0          1
        92        268          0          1
        93        385          0          1
        94        282          0          1
        95        130          1          1
        96        270          0          1
        97         75          0          1
        98        219          1          1
        99        174          0          1
       100        294          0          1
       101        212          0          1
       102        163          0          1
       103        169          0          1
       104         45          1          1
       105        155          0          1
       106         17          1          1
       107        378          0          1
       108        383          1          1
       109        227          0          1
       110        393          0          1
       111        231          0          1
       112        357          0          1
       113        252          0          1
       114        151          0          1
       115        213          0          1
       116        144          1          1
       117        107          0          1
       118        208          0          1
       119        352          0          1
       120        224          1          1
       121        256          0          1
       122        239          0          1
       123         64          1          1
       124        204          0          1
       125        237          0          1
       126        318          0          1
       127         96          0          1
       128        319          0          1
       129        194          1          1
       130         70          0          1
       131         11          0          1
       132         58          0          1
       133        145          0          1
       134         72          0          1
       135        250          0          1
       136        188          0          1
       137        220          1          1
       138         47          0          1
       139        264          1          1
       140        326          0          1
       141        274          0          1
       142        388          1          1
       143         89          0          1
       144        254          0          1
       145        222          1          1
       146        131          0          1
       147        186          0          1
       148        153          0          1
       149        354          0          1
       150         92          1          1
       151        164          0          1
       152         26          1          1
       153        259          0          1
       154         90          0          1
       155         83          0          1
       156        235          0          1
       157        351          0          1
       158        200          0          1
       159        143          0          1
       160        245          0          1
       161        141          0          1
       162        238          0          1
       163        284          0          1
       164         48          1          1
       165          8          0          1
       166        101          1          1
       167        136          0          1
       168         32          0          1
       169        296          0          1
       170        198          0          1
       171        375          1          1
       172        334          0          1
       173        118          0          1
       174        348          1          1
       175        162          0          1
       176        392          1          1
       177        325          0          1
       178         88          0          1
       179        316          0          1
       180        114          0          1
       181         40          0          1
       182        242          0          1
       183        349          0          1
       184        293          0          1
       185        158          0          1
       186        343          0          1
       187        113          0          1
       188        327          1          1
       189        307          0          1
       190        105          1          1
       191         56          0          1
       192        253          0          1
       193        202          0          1
       194        249          0          1
       195        109          0          1
       196         71          0          1
       197        251          0          1
       198        178          0          1
       199         20          0          1
       200         99          0          1
       201        338          1          1
       202         60          0          1
       203         49          0          1
       204        126          0          1
       205        206          0          1
       206        110          0          1
       207        244          0          1
       208        372          0          1
       209        263          0          1
       210        350          0          1
       211        209          1          1
       212        286          0          1
       213        280          1          1
       214        308          0          1
       215        255          1          1
       216        396          0          1
       217        230          0          1
       218        214          0          1
       219        400          0          1
       220        223          0          1
       221         23          0          1
       222        159          0          1
       223        330          1          1
       224        154          0          1
       225        161          0          1
       226        279          1          1
       227        216          0          1
       228        103          0          1
       229        346          0          1
       230        217          0          1
       231        364          0          1
       232        266          0          1
       233        394          0          1
       234         19          0          1
       235        277          0          1
       236          5          0          1
       237        137          1          1
       238        205          0          1
       239        382          0          1
       240        278          1          1
       241        311          0          1
       242        320          0          1
       243         77          0          1
       244          1          0          1
       245        170          0          1
       246         46          0          1
       247         55          1          1
       248        172          0          1
       249        147          0          1
       250         34          0          1
       251        304          0          1
       252        134          0          1
       253        248          0          1
       254         38          0          1
       255        276          1          1
       256        271          0          1
       257         21          0          1
       258          2          0          1
       259        285          0          1
       260        384          0          1
       261         61          0          1
       262         84          1          1
       263        106          0          1
       264        399          0          1
       265         52          1          1
       266        122          0          1
       267        229          0          1
       268        234          1          1
       269         18          0          1
       270         43          0          1
       271        129          0          1
       272        196          0          1
       273         44          1          1
       274        146          0          1
       275        173          0          1
       276        116          1          1
       277         81          0          1
       278        183          0          1
       279        195          1          1
       280        111          0          1
       281        180          1          1
       282        314          0          1
       283        370          0          1
       284        313          0          1
       285        117          0          1
       286         35          0          1
       287          9          0          1
       288        182          0          1
       289        306          0          1
       290        341          1          1
       291        331          0          1
       292         80          1          1
       293         74          0          1
       294        115          0          1
       295        210          0          1
       296         37          0          1
       297         29          0          1
       298         14          0          1
       299        322          0          1
       300        342          0          1
       301         28          0          1
       302        156          0          1
       303        344          1          1
       304        332          0          1
       305        305          0          1
       306         87          0          1
       307        119          0          1
       308         97          1          1
       309        301          0          1
       310        291          0          1
       311        297          0          1
       312        324          0          1
       313         66          0          1
       314        192          0          1
       315        120          0          1
       316        132          0          1
       317        190          0          1
       318        125          0          1
       319        199          0          1
       320        168          0          1
       321        221          0          1
       322        166          0          1
       323        104          0          1
       324        187          0          1
       325        310          0          1
       326         53          0          1
       327        360          0          1
       328        243          0          1
       329         63          1          1
       330        148          0          1
       331        232          1          1
       332        185          0          1
       333        228          0          1
       334        335          0          1
       335        358          0          1
       336        197          0          1
       337        353          0          1
       338        246          1          1
       339        108          0          1
       340         25          1          1
       341        201          0          1
       342        298          0          1
       343        181          1          1
       344         31          0          1
       345        309          0          1
       346        176          0          1
       347        112          0          1
       348         76          0          1
       349        376          0          1
       350        165          0          1
       351        366          0          1
       352        365          0          1
       353        260          1          1
       354        361          0          1
       355         15          0          1
       356        295          0          1
       357        167          0          1
       358        140          0          1
       359        303          1          1
       360        207          0          1
       361         27          0          1
       362        189          0          1
       363        315          0          1
       364        381          1          1
       365        317          0          1
       366        102          1          1
       367        150          1          1
       368        281          0          1
       369        203          0          1
       370        124          1          1
       371        290          0          1
       372         93          1          1
       373         42          0          1
       374        265          0          1
       375        273          1          1
       376        247          0          1
       377        368          0          1
       378        321          0          1
       379         91          0          1
       380        380          0          1
       381        373          0          1
       382        289          0          1
       383        288          1          1
       384         67          0          1
       385        275          0          1
       386        340          0          1
       387        179          0          1
       388        257          0          1
       389         41          1          1
       390         13          0          1
       391        292          1          1
       392        191          0          1
       393         62          1          1
       394        152          0          1
       395        302          0          1
       396        339          0          1
       397        312          1          1
       398         10          0          1
       399         24          0          1
       400         94          1          1
               12261
configuration                   18                85000         4.4210372572854419E+00         2.9800000000000000E+02         1.0000000000000002E-01
         1        366          1          1
         2        272          0          1
         3        346          0          1
         4         22          1          1
         5        182          0          1
         6        271          0          1
         7        367          0          1
         8        121          1          1
         9        242          0          1
        10        222          0          1
        11        189          0          1
        12        249          0          1
        13         86          1          1
        14          3          0          1
        15        176          0          1
        16        394          0          1
        17         11          0          1
        18          9          1          1
        19        117          0          1
        20         23          0          1
        21        186          0          1
        22        199          0          1
        23        127          0          1
        24        112          0          1
        25          5          0          1
        26         42          0          1
        27        251          0          1
        28         10          0          1
        29        269          0          1
        30        167          0          1
        31        129          1          1
        32        219          0          1
        33        220          0          1
        34        262          0          1
        35        393          1          1
        36        347          0          1
        37        395          0          1
        38        192          0          1
        39         29          0          1
        40        358          1          1
        41        221          0          1
        42        307          0          1
        43        174          0          1
        44        229          1          1
        45        137          0          1
        46         64          1          1
        47        237          0          1
        48        163          0          1
        49         17          0          1
        50        359          1          1
        51        310          0          1
        52        123          1          1
        53        130          0          1
        54        214          1          1
        55        303          0          1
        56        388          0          1
        57         39          1          1
        58         92          0          1
        59        254          1          1
        60         71          0          1
        61        361          0          1
        62        304          0          1
        63        373          1          1
        64        111          0          1
        65         60          0          1
        66        180          0          1
        67         87          1          1
        68         15          0          1
        69        128          0          1
        70        231          0          1
        71        105          1          1
        72        204          0          1
        73         36          1          1
        74        283          0          1
        75        157          0          1
        76        360          0          1
        77        318          0          1
        78        332          1          1
        79        155          0          1
        80        177          0          1
        81        206          1          1
        82        250          0          1
        83        158          0          1
        84         51          1          1
        85        224          0          1
        86        389          1          1
        87        315          0          1
        88        245          0          1
        89        337          0          1
        90        132          0          1
        91         69          0          1
        92        260          1          1
        93        355          0          1
        94        197          0          1
        95        181          1          1
        96        246          0          1
        97         65          1          1
        98         89          0          1
        99          4          1          1
       100        195          0          1
       101        398          0          1
       102        198          0          1
       103        213          0          1
       104        168          0          1
       105        284          0          1
       106          1          0          1
       107        256          0          1
       108         57          0          1
       109        364          1          1
       110        270          0          1
       111        236          0          1
       112         85          0          1
       113        268          0          1
       114        133          0          1
       115        159          0          1
       116         72          0          1
       117        136          0          1
       118        161          0          1
       119        101          0          1
       120        126          0          1
       121        217          1          1
       122         20          0          1
       123         43          0          1
       124        215          0          1
       125        108          0          1
       126         41          0          1
       127        356          0          1
       128        381          1          1
       129          6          0          1
       130        282          0          1
       131        371          0          1
       132        351          0          1
       133        290          0          1
       134        343          0          1
       135        191          0          1
       136         13          0          1
       137        114          0          1
       138         40          0          1
       139        299          0          1
       140        380          0          1
       141         61          0          1
       142        187          1          1
       143        298          0          1
       144        288          1          1
       145        312          0          1
       146        149          1          1
       147        238          0          1
       148        317          0          1
       149        244          1          1
       150        392          0          1
       151        234          0          1
       152        301          0          1
       153        341          0          1
       154        241          1          1
       155        396          0          1
       156        334          0          1
       157        265          0          1
       158        377          0          1
       159         34          0          1
       160        385          0          1
       161        397          1          1
       162          7          0          1
       163        350          1          1
       164        390          0          1
       165        124          0          1
       166          8          0          1
       167        102          0          1
       168        110          0          1
       169         30          1          1
       170        178          0          1
       171        138          1          1
       172        325          0          1
       173         16          0          1
       174        227          0          1
       175        248          0          1
       176        331          0          1
       177        122          0          1
       178        383          0          1
       179         19          0          1
       180        142          0          1
       181        240          0          1
       182         77          1          1
       183         66          0          1
       184        345          0          1
       185        291          1          1
       186         70          0          1
       187        207          0          1
       188         12          0          1
       189        300          0          1
       190        171          0          1
       191        239          0          1
       192        166          0          1
       193        357          0          1
       194        147          0          1
       195        344          1          1
       196        218          0          1
       197         55          1          1
       198        274          0          1
       199        211          0          1
       200        363          0          1
       201        293          1          1
       202        144          0          1
       203         75          0          1
       204        131          1          1
       205         31          0          1
       206        143          0          1
       207         53          0          1
       208        188          0          1
       209        185          0          1
       210        379          0          1
       211         46          0          1
       212        320          0          1
       213        257          1          1
       214         68          0          1
       215        172          0          1
       216        294          0          1
       217        339          0          1
       218         52          1          1
       219         78          0          1
       220        210          0          1
       221        162          0          1
       222        173          0          1
       223        252          1          1
       224        233          0          1
       225        297          0          1
       226         76          0          1
       227        321          0          1
       228        289          0          1
       229        399          0          1
       230        212          0          1
       231         96          0          1
       232         82          0          1
       233        228          0          1
       234        368          1          1
       235        150          0          1
       236        193          1          1
       237         79          0          1
       238        319          0          1
       239         98          0          1
       240        391          1          1
       241        139          0          1
       242        292          0          1
       243         73          0          1
       244        247          0          1
       245         24          0          1
       246        146          0          1
       247        135          0          1
       248         44          0          1
       249        387          0          1
       250         48          0          1
       251        200          0          1
       252        118          0          1
       253        225          1          1
       254         18          0          1
       255        140          1          1
       256        338          0          1
       257        194          0          1
       258         58          0          1
       259        184          0          1
       260        277          0          1
       261        322          0          1
       262        376          0          1
       263        169          0          1
       264        134          1          1
       265        275          0          1
       266        286          0          1
       267        267          1          1
       268        261          0          1
       269        235          0          1
       270        116          1          1
       271        278          0          1
       272        205          0          1
       273        323          0          1
       274        145          1          1
       275         28          0          1
       276         47          0          1
       277        164          0          1
       278        348          0          1
       279         88          1          1
       280        175          0          1
       281        326          0          1
       282        352          0          1
       283        276          1          1
       284        148          0          1
       285         84          0          1
       286        223          0          1
       287        295          0          1
       288         80          0          1
       289        375          1          1
       290        153          0          1
       291        259          1          1
       292        156          0          1
       293        179          0          1
       294        353          0          1
       295        354          0          1
       296        362          0          1
       297        302          1          1
       298         26          0          1
       299         83          0          1
       300         37          0          1
       301        201          0          1
       302        209          1          1
       303         94          0          1
       304         56          0          1
       305        324          0          1
       306         63          0          1
       307        216          0          1
       308        342          0          1
       309        119          0          1
       310        243          0          1
       311        384          0          1
       312        107          0          1
       313         38          0          1
       314         27          0          1
       315        280          0          1
       316        369          0          1
       317        264          0          1
       318         50          1          1
       319        374          0          1
       320        258          0          1
       321        106          0          1
       322        208          0          1
       323        340          0          1
       324        170          0          1
       325        113          0          1
       326        329          0          1
       327        305          0          1
       328        281          1          1
       329         25          0          1
       330        308          1          1
       331        386          0          1
       332         45          0          1
       333         93          0          1
       334        328          0          1
       335        190          0          1
       336        100          0          1
       337        165          0          1
       338        226          0          1
       339        141          0          1
       340        279          1          1
       341         97          0          1
       342         49          0          1
       343        296          0          1
       344         21          1          1
       345        263          0          1
       346         95          1          1
       347        327          0          1
       348        365          0          1
       349        311          0          1
       350        287          0          1
       351        400          0          1
       352         14          0          1
       353        336          0          1
       354        255          0          1
       355        372          0          1
       356        120          0          1
       357        370          0          1
       358         35          1          1
       359        232          0          1
       360        349          0          1
       361         59          1          1
       362        230          0          1
       363        335          0          1
       364        202          0          1
       365        306          0          1
       366        309          0          1
       367        196          0          1
       368        330          0          1
       369        285          0          1
       370        382          0          1
       371        316          0          1
       372         33          1          1
       373         90          0          1
       374         99          0          1
       375        378          0          1
       376         32          0          1
       377        203          0          1
       378         74          0          1
       379        160          0          1
       380         67          0          1
       381        125          0          1
       382        103          0          1
       383         81          1          1
       384         62          0          1
       385        266          0          1
       386          2          1          1
       387         54          0          1
       388        109          0          1
       389        183          0          1
       390         91          1          1
       391        104          0          1
       392        273          0          1
       393        253          0          1
       394        314          0          1
       395        313          1          1
       396        333          0          1
       397        154          0          1
       398        151          0          1
       399        152          1          1
       400        115          0          1
               13049
configuration                   19                90000         4.6827365378976040E+00         2.9800000000000000E+02         1.3877787807814457E-17
         1        205          0          1
         2        245          0          1
         3        338          0          1
         4         28          1          1
         5        384          0          1
         6         57          1          1
         7        201          0          1
         8        191          1          1
         9        287          0          1
        10        269          1          1
        11        220          0          1
        12        385          0          1
        13        375          0          1
        14        147          0          1
        15         11          1          1
        16        196          0          1
        17        380          0          1
        18        216          0          1
        19        333          0          1
        20        321          0          1
        21        187          0          1
        22        363          0          1
        23        309          0          1
        24        395          0          1
        25        274          0          1
        26         81          0          1
        27        369          1          1
        28        276          0          1
        29         92          0          1
        30        348          0          1
        31        132          0          1
        32        317          0          1
        33        232          0          1
        34        270          0          1
        35         19          0          1
        36        231          0          1
        37        325          0          1
        38        116          1          1
        39        229          0          1
        40        215          1          1
        41        188          0          1
        42        383          0          1
        43         70          0          1
        44         63          0          1
        45        386          0          1
        46        180          0          1
        47        103          0          1
        48        133          0          1
        49        183          0          1
        50         87          0          1
        51         53          0          1
        52         13          1          1
        53        305          0          1
        54        293          0          1
        55        354          0          1
        56         48          0          1
        57        158          1          1
        58        128          0          1
        59        172          0          1
        60        109          0          1
        61        105          0          1
        62        359          1          1
        63         82          0          1
        64         45          0          1
        65         29          0          1
        66          2          0          1
        67        239          1          1
        68        194          0          1
        69        113          1          1
        70        397          0          1
        71         26          1          1
        72        241          0          1
        73        148          0          1
        74        174          0          1
        75        126          1          1
        76        210          0          1
        77         76          0          1
        78        310          0          1
        79         35          1          1
        80        343          0          1
        81        193          1          1
        82        251          0          1
        83         49          0          1
        84        378          0          1
        85        150          1          1
        86        290          0          1
        87        324          0          1
        88         77          0          1
        89        151          0          1
        90        179          0          1
        91        297          0          1
        92        280          0          1
        93         94          0          1
        94         41          0          1
        95        102          0          1
        96        159          0          1
        97        240          0          1
        98        288          0          1
        99          4          0          1
       100        364          0          1
       101        153          0          1
       102        117          1          1
       103        357          0          1
       104        390          0          1
       105        326          0          1
       106        112          0          1
       107        104          1          1
       108        182          0          1
       109        145          0          1
       110          6          0          1
       111        257          1          1
       112        394          0          1
       113         79          0          1
       114         65          0          1
       115         55          0          1
       116        396          0          1
       117        332          0          1
       118         72          0          1
       119        140          0          1
       120        387          1          1
       121        331          1          1
       122        248          0          1
       123        313          0          1
       124        336          1          1
       125        235          0          1
       126        144          0          1
       127        212          0          1
       128        206          0          1
       129        334          0          1
       130        341          0          1
       131        176          0          1
       132         66          1          1
       133         56          0          1
       134         38          0          1
       135        163          0          1
       136        155          0          1
       137         73          0          1
       138         37          0          1
       139        320          1          1
       140        304          0          1
       141        388          0          1
       142        107          0          1
       143         39          0          1
       144        273          0          1
       145        371          0          1
       146        300          0          1
       147        141          1          1
       148          8          0          1
       149         34          0          1
       150         90          1          1
       151        226          0          1
       152        275          0          1
       153         95          0          1
       154        177          0          1
       155        260          0          1
       156        327          0          1
       157        350          0          1
       158        389          0          1
       159        213          0          1
       160        279          0          1
       161        314          0          1
       162         99          0          1
       163        214          0          1
       164         89          0          1
       165        149          0          1
       166        157          0          1
       167         75          0          1
       168        340          0          1
       169        250          1          1
       170        330          0          1
       171        203          1          1
       172        285          0          1
       173        207          1          1
       174        265          0          1
       175         51          1          1
       176         93          0          1
       177        209          0          1
       178        344          1          1
       179        169          0          1
       180        101          0          1
       181         23          0          1
       182        311          1          1
       183        119          0          1
       184        307          1          1
       185        392          0          1
       186         60          1          1
       187        294          0          1
       188        266          0          1
       189        238          0          1
       190         50          0          1
       191        281          0          1
       192        261          0          1
       193         46          0          1
       194         59          1          1
       195        323          0          1
       196        308          0          1
       197        173          0          1
       198        393          0          1
       199        118          0          1
       200        345          1          1
       201        259          1          1
       202         30          0          1
       203         88          0          1
       204        170          0          1
       205        398          0          1
       206        190          0          1
       207        318          1          1
       208        218          0          1
       209         69          0          1
       210        346          0          1
       211         97          0          1
       212        373          0          1
       213        351          0          1
       214        181          0          1
       215        291          0          1
       216         86          0          1
       217        199          0          1
       218         17          0          1
       219         25          0          1
       220        195          0          1
       221        256          0          1
       222        227          1          1
       223        272          0          1
       224         44          0          1
       225        110          0          1
       226        271          1          1
       227         68          0          1
       228        316          0          1
       229        349          0          1
       230         85          1          1
       231         80          0          1
       232        243          1          1
       233        137          0          1
       234        252          0          1
       235        355          1          1
       236        164          0          1
       237        108          0          1
       238         84          0          1
       239        399          0          1
       240          1          0          1
       241        368          0          1
       242        367          0          1
       243        377          0          1
       244        358          1          1
       245        135          0          1
       246        233          0          1
       247        312          0          1
       248        247          0          1
       249        224          0          1
       250         83          0          1
       251         40          1          1
       252        211          0          1
       253         96          0          1
       254        242          1          1
       255        143          0          1
       256        370          0          1
       257         36          0          1
       258        298          0          1
       259        283          1          1
       260        328          0          1
       261        234          0          1
       262        217          0          1
       263        267          1          1
       264        138          0          1
       265         74          0          1
       266        168          0          1
       267         33          1          1
       268        306          0          1
       269         31          1          1
       270        124          0          1
       271         24          0          1
       272        342          1          1
       273        246          0          1
       274        289          0          1
       275        171          0          1
       276        136          0          1
       277        198          1          1
       278        192          0          1
       279         58          0          1
       280        322          1          1
       281        278          0          1
       282         61          1          1
       283        302          0          1
       284        347          1          1
       285        197          0          1
       286        223          0          1
       287         12          0          1
       288        268          1          1
       289        236          0          1
       290        339          0          1
       291        146          1          1
       292        254          0          1
       293        360          0          1
       294         98          0          1
       295        204          0          1
       296        365          1          1
       297         67          0          1
       298        165          0          1
       299        178          0          1
       300        319          0          1
       301        131          0          1
       302        222          0          1
       303        115          0          1
       304         10          0          1
       305         18          0          1
       306        362          1          1
       307         91          0          1
       308          9          0          1
       309        286          0          1
       310        202          1          1
       311        225          0          1
       312        123          1          1
       313        282          0          1
       314        255          0          1
       315        253          1          1
       316        175          0          1
       317        376          0          1
       318        111          0          1
       319         22          0          1
       320        391          0          1
       321        400          0          1
       322        295          0          1
       323        353          1          1
       324          7          0          1
       325         14          0          1
       326        249          0          1
       327        382          0          1
       328        284          0          1
       329         54          1          1
       330        154          0          1
       331        100          0          1
       332        366          0          1
       333        162          0          1
       334         15          0          1
       335        120          0          1
       336        122          0          1
       337        263          0          1
       338        237          1          1
       339        335          0          1
       340        244          1          1
       341        277          0          1
       342         47          1          1
       343        258          0          1
       344         27          0          1
       345        134          1          1
       346         20          0          1
       347         64          0          1
       348        129          0          1
       349        361          0          1
       350        301          1          1
       351        167          0          1
       352        379          0          1
       353        186          0          1
       354        374          0          1
       355         42          1          1
       356        264          0          1
       357         21          1          1
       358        352          0          1
       359         52          0          1
       360         16          0          1
       361        121          0          1
       362        230          0          1
       363        189          0          1
       364        296          0          1
       365        303          0          1
       366        299          0          1
       367         43          0          1
       368        315          0          1
       369         32          0          1
       370        130          0          1
       371          5          0          1
       372        381          0          1
       373        156          0          1
       374        142          0          1
       375        228          0          1
       376        139          0          1
       377        184          0          1
       378        337          1          1
       379         71          0          1
       380        166          0          1
       381        200          1          1
       382        262          0          1
       383        292          1          1
       384         62          0          1
       385        221          0          1
       386         78          0          1
       387        152          0          1
       388        106          0          1
       389        329          1          1
       390        114          0          1
       391        161          0          1
       392        219          0          1
       393        160          0          1
       394        185          0          1
       395        372          0          1
       396        208          0          1
       397        127          0          1
       398        356          0          1
       399        125          0          1
       400          3          0          1
               13804
configuration                   20                95000         4.9398483693428341E+00         2.9800000000000000E+02         1.3877787807814457E-17
         1        263          0          1
         2        117          0          1
         3        195          1          1
         4         58          0          1
         5        304          0          1
         6        133          0          1
         7        291          0          1
         8        367          0          1
         9        171          0          1
        10        161          0          1
        11        159          0          1
        12         71          0          1
        13        368          0          1
        14        173          0          1
        15         53          0          1
        16        386          1          1
        17        252          0          1
        18        203          1          1
        19        255          0          1
        20         11          0          1
        21        183          1          1
        22         89          0          1
        23         82          0          1
        24        125          0          1
        25        326          0          1
        26        158          1          1
        27        306          0          1
        28        369          0          1
        29        230          0          1
        30        364          0          1
        31        269          0          1
        32        274          0          1
        33        284          0          1
        34        275          0          1
        35        385          0          1
        36        204          0          1
        37        276          0          1
        38        331          0          1
        39        123          1          1
        40        303          0          1
        41         68          0          1
        42        315          0          1
        43        187          0          1
        44        175          1          1
        45          7          0          1
        46         78          0          1
        47        358          1          1
        48         54          0          1
        49        160          0          1
        50        121          1          1
        51        221          0          1
        52         92          0          1
        53         75          1          1
        54        340          0          1
        55        118          0          1
        56         18          0          1
        57        209          0          1
        58         44          1          1
        59         47          0          1
        60        370          0          1
        61         83          1          1
        62         48          0          1
        63        289          0          1
        64        119          0          1
        65         28          0          1
        66         81          0          1
        67         32          0          1
        68        266          0          1
        69        343          0          1
        70        382          0          1
        71        231          0          1
        72        129          1          1
        73        379          0          1
        74         24          0          1
        75        344          0          1
        76         46          0          1
        77        135          0          1
        78        190          0          1
        79        210          0          1
        80         35          0          1
        81        193          0          1
        82        138          0          1
        83         26          1          1
        84        264          0          1
        85        253          0          1
        86         40          1          1
        87        366          0          1
        88        148          0          1
        89        371          1          1
        90        372          0          1
        91        374          0          1
        92        224          0          1
        93          1          0          1
        94         90          0          1
        95         23          1          1
        96        342          0          1
        97        337          0          1
        98         85          0          1
        99         12          0          1
       100         91          1          1
       101        208          0          1
       102        172          0          1
       103        241          0          1
       104        335          0          1
       105         84          1          1
       106         87          0          1
       107        143          1          1
       108        170          0          1
       109         20          0          1
       110        308          1          1
       111        352          0          1
       112        236          0          1
       113        124          0          1
       114         45          1          1
       115        393          0          1
       116        104          0          1
       117          6          1          1
       118        202          0          1
       119        280          1          1
       120        110          0          1
       121        324          0          1
       122        186          1          1
       123         33          0          1
       124        188          0          1
       125        329          0          1
       126         59          1          1
       127        259          0          1
       128        268          0          1
       129        111          0          1
       130        102          0          1
       131         34          1          1
       132        311          0          1
       133        144          1          1
       134        157          0          1
       135        319          1          1
       136         76          0          1
       137        137          0          1
       138        179          1          1
       139        341          0          1
       140        108          1          1
       141        400          0          1
       142        151          0          1
       143        139          0          1
       144          4          0          1
       145        305          1          1
       146        312          0          1
       147        262          0          1
       148        168          1          1
       149        258          0          1
       150        281          0          1
       151        176          0          1
       152         37          1          1
       153         69          0          1
       154        365          1          1
       155        377          0          1
       156         13          0          1
       157         15          1          1
       158        182          0          1
       159        251          1          1
       160        140          0          1
       161         56          0          1
       162         17          0          1
       163        314          0          1
       164        271          0          1
       165        317          0          1
       166        394          0          1
       167        307          0          1
       168         67          0          1
       169        130          0          1
       170        278          0          1
       171         16          0          1
       172         88          0          1
       173         41          0          1
       174        178          0          1
       175        249          0          1
       176        299          0          1
       177        155          0          1
       178        200          0          1
       179         66          0          1
       180        194          0          1
       181        211          0          1
       182        309          0          1
       183         57          1          1
       184        167          0          1
       185        376          0          1
       186        325          0          1
       187        250          1          1
       188        332          0          1
       189         29          1          1
       190        215          0          1
       191        320          0          1
       192        267          0          1
       193        316          0          1
       194         70          1          1
       195        270          0          1
       196        397          0          1
       197        360          0          1
       198        162          1          1
       199        396          0          1
       200        235          0          1
       201         80          1          1
       202        126          0          1
       203        384          0          1
       204         52          0          1
       205        361          1          1
       206        336          0          1
       207        212          0          1
       208        318          0          1
       209        191          0          1
       210        347          0          1
       211        131          0          1
       212        297          0          1
       213          5          1          1
       214        181          0          1
       215        142          0          1
       216        196          0          1
       217         77          0          1
       218         31          0          1
       219        346          1          1
       220        242          0          1
       221        192          0          1
       222        375          0          1
       223        246          0          1
       224        244          0          1
       225        245          0          1
       226        261          0          1
       227        359          0          1
       228        391          1          1
       229        310          0          1
       230        113          0          1
       231        287          0          1
       232        392          0          1
       233        243          0          1
       234        254          0          1
       235        163          0          1
       236         21          1          1
       237        115          0          1
       238        222          1          1
       239        399          0          1
       240         61          1          1
       241        141          0          1
       242        351          1          1
       243        322          0          1
       244        279          0          1
       245         65          1          1
       246        213          0          1
       247        154          0          1
       248        136          0          1
       249        216          0          1
       250        356          0          1
       251        292          0          1
       252        207          0          1
       253         60          0          1
       254        378          0          1
       255        149          1          1
       256         73          0          1
       257         96          0          1
       258        228          0          1
       259         22          0          1
       260         43          0          1
       261          9          0          1
       262        166          0          1
       263         51          0          1
       264        106          1          1
       265        100          0          1
       266        225          1          1
       267        120          0          1
       268         10          1          1
       269        134          0          1
       270        294          0          1
       271         42          0          1
       272        300          0          1
       273        290          0          1
       274        348          0          1
       275        389          0          1
       276        152          0          1
       277        147          0          1
       278        288          1          1
       279        353          0          1
       280        219          0          1
       281         36          0          1
       282        338          0          1
       283        114          1          1
       284        313          0          1
       285        357          1          1
       286        339          0          1
       287        232          0          1
       288         99          0          1
       289        387          0          1
       290        189          0          1
       291        383          1          1
       292        145          0          1
       293        197          0          1
       294        388          0          1
       295        239          0          1
       296         27          0          1
       297        201          1          1
       298        256          0          1
       299        345          0          1
       300        350          0          1
       301         14          0          1
       302        156          1          1
       303         19          0          1
       304        226          0          1
       305        354          0          1
       306        101          1          1
       307        330          0          1
       308        214          0          1
       309        112          0          1
       310        174          0          1
       311        165          0          1
       312        257          0          1
       313        169          0          1
       314        218          1          1
       315          3          0          1
       316        302          0          1
       317         97          0          1
       318         25          0          1
       319        265          0          1
       320         62          1          1
       321        395          0          1
       322        107          0          1
       323        285          0          1
       324         93          0          1
       325        177          0          1
       326        293          0          1
       327         38          1          1
       328        328          0          1
       329         98          0          1
       330        234          1          1
       331        198          0          1
       332        146          1          1
       333         74          0          1
       334        321          0          1
       335        240          0          1
       336          8          1          1
       337        105          0          1
       338        184          0          1
       339        127          1          1
       340        180          0          1
       341        206          0          1
       342        116          0          1
       343        229          0          1
       344        323          1          1
       345        349          0          1
       346        185          0          1
       347         49          0          1
       348        277          1          1
       349         63          0          1
       350        247          0          1
       351        296          0          1
       352        362          0          1
       353        282          0          1
       354        373          0          1
       355        363          0          1
       356         64          0          1
       357        199          0          1
       358        227          1          1
       359        122          0          1
       360        355          0          1
       361         94          0          1
       362        153          0          1
       363        238          0          1
       364         55          0          1
       365         30          1          1
       366        295          0          1
       367         86          1          1
       368        381          0          1
       369        217          0          1
       370        233          0          1
       371        223          1          1
       372          2          0          1
       373        327          0          1
       374        237          0          1
       375        286          0          1
       376        298          1          1
       377        260          0          1
       378         79          0          1
       379        109          0          1
       380        103          1          1
       381        334          1          1
       382        390          0          1
       383        220          0          1
       384        283          0          1
       385        205          0          1
       386         95          0          1
       387        164          0          1
       388        273          0          1
       389        301          1          1
       390        333          0          1
       391        128          0          1
       392        132          0          1
       393         72          1          1
       394        398          0          1
       395        248          0          1
       396         50          0          1
       397         39          0          1
       398        272          0          1
       399        380          0          1
       400        150          0          1
               14603
