Gas_Species:          H2
Surface_Species:      H*
Simulation_Box:         
           5.5500000000000000E+001           0.0000000000000000E+000
           0.0000000000000000E+000           5.5500000000000000E+001
Site_Types:           StTp1
configuration                    1                    0         0.0000000000000000E+00         2.9800000000000000E+02         0.0000000000000000E+00
         1          1          0          1
         2          2          0          1
         3          3          0          1
         4          4          0          1
         5          5          0          1
         6          6          0          1
         7          7          0          1
         8          8          0          1
         9          9          0          1
        10         10          0          1
        11         11          0          1
        12         12          0          1
        13         13          0          1
        14         14          0          1
        15         15          0          1
        16         16          0          1
        17         17          0          1
        18         18          0          1
        19         19          0          1
        20         20          0          1
        21         21          0          1
        22         22          0          1
        23         23          0          1
        24         24          0          1
        25         25          0          1
        26         26          0          1
        27         27          0          1
        28         28          0          1
        29         29          0          1
        30         30          0          1
        31         31          0          1
        32         32          0          1
        33         33          0          1
        34         34          0          1
        35         35          0          1
        36         36          0          1
        37         37          0          1
        38         38          0          1
        39         39          0          1
        40         40          0          1
        41         41          0          1
        42         42          0          1
        43         43          0          1
        44         44          0          1
        45         45          0          1
        46         46          0          1
        47         47          0          1
        48         48          0          1
        49         49          0          1
        50         50          0          1
        51         51          0          1
        52         52          0          1
        53         53          0          1
        54         54          0          1
        55         55          0          1
        56         56          0          1
        57         57          0          1
        58         58          0          1
        59         59          0          1
        60         60          0          1
        61         61          0          1
        62         62          0          1
        63         63          0          1
        64         64          0          1
        65         65          0          1
        66         66          0          1
        67         67          0          1
        68         68          0          1
        69         69          0          1
        70         70          0          1
        71         71          0          1
        72         72          0          1
        73         73          0          1
        74         74          0          1
        75         75          0          1
        76         76          0          1
        77         77          0          1
        78         78          0          1
        79         79          0          1
        80         80          0          1
        81         81          0          1
        82         82          0          1
        83         83          0          1
        84         84          0          1
        85         85          0          1
        86         86          0          1
        87         87          0          1
        88         88          0          1
        89         89          0          1
        90         90          0          1
        91         91          0          1
        92         92          0          1
        93         93          0          1
        94         94          0          1
        95         95          0          1
        96         96          0          1
        97         97          0          1
        98         98          0          1
        99         99          0          1
       100        100          0          1
       101        101          0          1
       102        102          0          1
       103        103          0          1
       104        104          0          1
       105        105          0          1
       106        106          0          1
       107        107          0          1
       108        108          0          1
       109        109          0          1
       110        110          0          1
       111        111          0          1
       112        112          0          1
       113        113          0          1
       114        114          0          1
       115        115          0          1
       116        116          0          1
       117        117          0          1
       118        118          0          1
       119        119          0          1
       120        120          0          1
       121        121          0          1
       122        122          0          1
       123        123          0          1
       124        124          0          1
       125        125          0          1
       126        126          0          1
       127        127          0          1
       128        128          0          1
       129        129          0          1
       130        130          0          1
       131        131          0          1
       132        132          0          1
       133        133          0          1
       134        134          0          1
       135        135          0          1
       136        136          0          1
       137        137          0          1
       138        138          0          1
       139        139          0          1
       140        140          0          1
       141        141          0          1
       142        142          0          1
       143        143          0          1
       144        144          0          1
       145        145          0          1
       146        146          0          1
       147        147          0          1
       148        148          0          1
       149        149          0          1
       150        150          0          1
       151        151          0          1
       152        152          0          1
       153        153          0          1
       154        154          0          1
       155        155          0          1
       156        156          0          1
       157        157          0          1
       158        158          0          1
       159        159          0          1
       160        160          0          1
       161        161          0          1
       162        162          0          1
       163        163          0          1
       164        164          0          1
       165        165          0          1
       166        166          0          1
       167        167          0          1
       168        168          0          1
       169        169          0          1
       170        170          0          1
       171        171          0          1
       172        172          0          1
       173        173          0          1
       174        174          0          1
       175        175          0          1
       176        176          0          1
       177        177          0          1
       178        178          0          1
       179        179          0          1
       180        180          0          1
       181        181          0          1
       182        182          0          1
       183        183          0          1
       184        184          0          1
       185        185          0          1
       186        186          0          1
       187        187          0          1
       188        188          0          1
       189        189          0          1
       190        190          0          1
       191        191          0          1
       192        192          0          1
       193        193          0          1
       194        194          0          1
       195        195          0          1
       196        196          0          1
       197        197          0          1
       198        198          0          1
       199        199          0          1
       200        200          0          1
       201        201          0          1
       202        202          0          1
       203        203          0          1
       204        204          0          1
       205        205          0          1
       206        206          0          1
       207        207          0          1
       208        208          0          1
       209        209          0          1
       210        210          0          1
       211        211          0          1
       212        212          0          1
       213        213          0          1
       214        214          0          1
       215        215          0          1
       216        216          0          1
       217        217          0          1
       218        218          0          1
       219        219          0          1
       220        220          0          1
       221        221          0          1
       222        222          0          1
       223        223          0          1
       224        224          0          1
       225        225          0          1
       226        226          0          1
       227        227          0          1
       228        228          0          1
       229        229          0          1
       230        230          0          1
       231        231          0          1
       232        232          0          1
       233        233          0          1
       234        234          0          1
       235        235          0          1
       236        236          0          1
       237        237          0          1
       238        238          0          1
       239        239          0          1
       240        240          0          1
       241        241          0          1
       242        242          0          1
       243        243          0          1
       244        244          0          1
       245        245          0          1
       246        246          0          1
       247        247          0          1
       248        248          0          1
       249        249          0          1
       250        250          0          1
       251        251          0          1
       252        252          0          1
       253        253          0          1
       254        254          0          1
       255        255          0          1
       256        256          0          1
       257        257          0          1
       258        258          0          1
       259        259          0          1
       260        260          0          1
       261        261          0          1
       262        262          0          1
       263        263          0          1
       264        264          0          1
       265        265          0          1
       266        266          0          1
       267        267          0          1
       268        268          0          1
       269        269          0          1
       270        270          0          1
       271        271          0          1
       272        272          0          1
       273        273          0          1
       274        274          0          1
       275        275          0          1
       276        276          0          1
       277        277          0          1
       278        278          0          1
       279        279          0          1
       280        280          0          1
       281        281          0          1
       282        282          0          1
       283        283          0          1
       284        284          0          1
       285        285          0          1
       286        286          0          1
       287        287          0          1
       288        288          0          1
       289        289          0          1
       290        290          0          1
       291        291          0          1
       292        292          0          1
       293        293          0          1
       294        294          0          1
       295        295          0          1
       296        296          0          1
       297        297          0          1
       298        298          0          1
       299        299          0          1
       300        300          0          1
       301        301          0          1
       302        302          0          1
       303        303          0          1
       304        304          0          1
       305        305          0          1
       306        306          0          1
       307        307          0          1
       308        308          0          1
       309        309          0          1
       310        310          0          1
       311        311          0          1
       312        312          0          1
       313        313          0          1
       314        314          0          1
       315        315          0          1
       316        316          0          1
       317        317          0          1
       318        318          0          1
       319        319          0          1
       320        320          0          1
       321        321          0          1
       322        322          0          1
       323        323          0          1
       324        324          0          1
       325        325          0          1
       326        326          0          1
       327        327          0          1
       328        328          0          1
       329        329          0          1
       330        330          0          1
       331        331          0          1
       332        332          0          1
       333        333          0          1
       334        334          0          1
       335        335          0          1
       336        336          0          1
       337        337          0          1
       338        338          0          1
       339        339          0          1
       340        340          0          1
       341        341          0          1
       342        342          0          1
       343        343          0          1
       344        344          0          1
       345        345          0          1
       346        346          0          1
       347        347          0          1
       348        348          0          1
       349        349          0          1
       350        350          0          1
       351        351          0          1
       352        352          0          1
       353        353          0          1
       354        354          0          1
       355        355          0          1
       356        356          0          1
       357        357          0          1
       358        358          0          1
       359        359          0          1
       360        360          0          1
       361        361          0          1
       362        362          0          1
       363        363          0          1
       364        364          0          1
       365        365          0          1
       366        366          0          1
       367        367          0          1
       368        368          0          1
       369        369          0          1
       370        370          0          1
       371        371          0          1
       372        372          0          1
       373        373          0          1
       374        374          0          1
       375        375          0          1
       376        376          0          1
       377        377          0          1
       378        378          0          1
       379        379          0          1
       380        380          0          1
       381        381          0          1
       382        382          0          1
       383        383          0          1
       384        384          0          1
       385        385          0          1
       386        386          0          1
       387        387          0          1
       388        388          0          1
       389        389          0          1
       390        390          0          1
       391        391          0          1
       392        392          0          1
       393        393          0          1
       394        394          0          1
       395        395          0          1
       396        396          0          1
       397        397          0          1
       398        398          0          1
       399        399          0          1
       400        400          0          1
                   0
configuration                    2                 5000         3.1675746233631663E-01         2.9800000000000000E+02         1.3877787807814457E-17
         1          8          0          1
         2        261          0          1
         3        389          0          1
         4        211          1          1
         5        156          0          1
         6        107          1          1
         7        337          0          1
         8        313          0          1
         9        256          0          1
        10         20          0          1
        11        217          0          1
        12        305          0          1
        13         60          0          1
        14          2          0          1
        15         90          0          1
        16         99          1          1
        17        300          0          1
        18         80          0          1
        19         68          0          1
        20          6          1          1
        21        102          1          1
        22        303          0          1
        23        362          0          1
        24         38          0          1
        25         26          1          1
        26        103          0          1
        27        272          0          1
        28         14          0          1
        29        232          0          1
        30         92          0          1
        31        293          0          1
        32        264          0          1
        33        259          1          1
        34         43          0          1
        35        213          0          1
        36        210          0          1
        37        221          1          1
        38        159          0          1
        39        229          0          1
        40         25          0          1
        41         27          0          1
        42        381          0          1
        43        380          0          1
        44        166          0          1
        45         61          0          1
        46         30          0          1
        47        181          0          1
        48        143          0          1
        49        394          0          1
        50         41          0          1
        51        382          0          1
        52        157          0          1
        53        167          0          1
        54        249          0          1
        55        145          0          1
        56         45          0          1
        57         87          0          1
        58        188          0          1
        59        169          0          1
        60        236          0          1
        61        281          0          1
        62         21          1          1
        63        269          0          1
        64          5          0          1
        65        233          0          1
        66        141          0          1
        67         59          0          1
        68         17          0          1
        69        335          0          1
        70         76          0          1
        71        270          0          1
        72         36          0          1
        73        295          0          1
        74        304          0          1
        75        111          0          1
        76         24          0          1
        77         22          0          1
        78        192          1          1
        79         81          0          1
        80        195          0          1
        81        265          0          1
        82        372          0          1
        83        144          0          1
        84        357          0          1
        85        118          0          1
        86        280          0          1
        87        390          0          1
        88        346          0          1
        89        396          0          1
        90        196          0          1
        91        325          0          1
        92        291          0          1
        93         16          0          1
        94         70          0          1
        95        132          0          1
        96        194          0          1
        97         28          0          1
        98        348          0          1
        99        174          0          1
       100        197          0          1
       101        106          0          1
       102        152          0          1
       103        334          0          1
       104        110          0          1
       105        302          1          1
       106         55          0          1
       107         97          0          1
       108        150          0          1
       109        279          0          1
       110        139          0          1
       111        109          0          1
       112        326          0          1
       113        199          0          1
       114        296          0          1
       115        308          0          1
       116        297          0          1
       117        219          0          1
       118         75          0          1
       119        358          0          1
       120        104          0          1
       121        384          0          1
       122        376          0          1
       123        227          0          1
       124         15          0          1
       125        163          0          1
       126         72          0          1
       127        148          0          1
       128        133          0          1
       129         18          0          1
       130        331          0          1
       131         52          0          1
       132        243          1          1
       133        108          0          1
       134        222          0          1
       135        193          1          1
       136         85          0          1
       137        140          0          1
       138        385          1          1
       139        240          0          1
       140        369          0          1
       141        336          0          1
       142        387          0          1
       143        146          0          1
       144        242          0          1
       145         74          0          1
       146        350          1          1
       147        258          0          1
       148        311          0          1
       149         95          0          1
       150         40          0          1
       151         83          0          1
       152         94          0          1
       153        228          0          1
       154        312          0          1
       155        271          0          1
       156        388          0          1
       157        255          0          1
       158         96          0          1
       159         31          0          1
       160          7          0          1
       161        361          0          1
       162        277          0          1
       163        339          0          1
       164        239          0          1
       165        320          0          1
       166        377          0          1
       167        247          1          1
       168        371          0          1
       169        172          0          1
       170        116          1          1
       171        383          0          1
       172        368          0          1
       173        130          0          1
       174        207          0          1
       175        168          0          1
       176        395          0          1
       177        356          0          1
       178        214          0          1
       179        162          1          1
       180        120          0          1
       181        273          0          1
       182        142          0          1
       183         54          0          1
       184         13          0          1
       185        299          0          1
       186        260          0          1
       187        121          0          1
       188        253          0          1
       189        306          0          1
       190        224          0          1
       191         78          0          1
       192        290          0          1
       193         65          0          1
       194         23          0          1
       195        310          0          1
       196        274          0          1
       197        328          0          1
       198         29          1          1
       199        183          0          1
       200        292          0          1
       201        100          0          1
       202        114          0          1
       203        366          0          1
       204        393          0          1
       205        287          0          1
       206        129          0          1
       207        397          0          1
       208        105          0          1
       209        137          0          1
       210        185          0          1
       211          1          0          1
       212         77          0          1
       213        153          0          1
       214        149          0          1
       215        230          0          1
       216         42          0          1
       217        400          0          1
       218        212          0          1
       219        351          0          1
       220        379          0          1
       221        203          1          1
       222        319          0          1
       223        323          0          1
       224        205          0          1
       225        234          0          1
       226         71          0          1
       227        349          0          1
       228        363          0          1
       229        171          0          1
       230        238          0          1
       231        321          0          1
       232         82          0          1
       233         58          0          1
       234        190          1          1
       235        399          0          1
       236        135          0          1
       237        340          0          1
       238        318          0          1
       239        126          0          1
       240         66          0          1
       241        315          0          1
       242        177          0          1
       243         34          0          1
       244        244          0          1
       245        200          0          1
       246        392          0          1
       247         57          1          1
       248         44          0          1
       249        252          0          1
       250        175          0          1
       251        251          0          1
       252        282          0          1
       253        276          0          1
       254        187          0          1
       255        113          0          1
       256        223          0          1
       257        327          0          1
       258        151          0          1
       259         73          0          1
       260        298          0          1
       261        353          0          1
       262        367          0          1
       263        370          0          1
       264        289          0          1
       265          4          0          1
       266        220          1          1
       267        341          0          1
       268        343          0          1
       269         63          0          1
       270        123          0          1
       271        158          1          1
       272         35          0          1
       273        218          0          1
       274        285          0          1
       275        216          0          1
       276        164          1          1
       277        122          0          1
       278        180          0          1
       279        191          0          1
       280        266          0          1
       281        101          0          1
       282        176          0          1
       283        127          1          1
       284        134          0          1
       285        128          0          1
       286         67          0          1
       287        314          0          1
       288        117          0          1
       289        284          0          1
       290        170          0          1
       291        364          0          1
       292        245          0          1
       293         19          0          1
       294        365          0          1
       295        268          0          1
       296         33          0          1
       297        257          0          1
       298        112          0          1
       299        317          0          1
       300          9          0          1
       301         48          0          1
       302         89          0          1
       303        209          0          1
       304        278          0          1
       305        322          0          1
       306        178          0          1
       307         79          0          1
       308        204          1          1
       309        184          0          1
       310        125          0          1
       311         86          1          1
       312        189          0          1
       313        329          0          1
       314        182          0          1
       315        342          0          1
       316        198          0          1
       317         32          0          1
       318        398          0          1
       319        263          0          1
       320         10          0          1
       321        345          0          1
       322        179          0          1
       323        201          0          1
       324         37          0          1
       325        155          0          1
       326        165          0          1
       327        316          0          1
       328        373          0          1
       329        324          0          1
       330        124          0          1
       331        283          0          1
       332         50          0          1
       333        352          1          1
       334         91          0          1
       335        208          0          1
       336        246          0          1
       337        359          0          1
       338        378          0          1
       339        374          0          1
       340        288          0          1
       341        248          0          1
       342         47          1          1
       343         39          0          1
       344        330          0          1
       345        161          0          1
       346        186          0          1
       347        254          1          1
       348        138          0          1
       349        173          0          1
       350          3          0          1
       351        386          0          1
       352        147          0          1
       353        307          0          1
       354        237          0          1
       355         98          1          1
       356        294          0          1
       357        332          1          1
       358        344          0          1
       359        338          0          1
       360         53          0          1
       361         62          0          1
       362        262          0          1
       363         64          0          1
       364        250          0          1
       365        119          0          1
       366         46          0          1
       367        235          0          1
       368        131          0          1
       369        286          0          1
       370        355          0          1
       371         11          0          1
       372        215          0          1
       373         93          0          1
       374        206          0          1
       375        267          0          1
       376        275          0          1
       377        115          0          1
       378        347          0          1
       379         84          0          1
       380        225          0          1
       381        391          0          1
       382        241          0          1
       383        360          0          1
       384        354          0          1
       385        154          0          1
       386        136          0          1
       387         12          0          1
       388        375          0          1
       389         56          0          1
       390        301          0          1
       391        202          0          1
       392        309          0          1
       393         88          0          1
       394         69          0          1
       395        231          0          1
       396        226          0          1
       397         51          0          1
       398        333          0          1
       399        160          1          1
       400         49          0          1
                 108
configuration                    3                10000         6.4395215323434585E-01         2.9800000000000000E+02         1.3877787807814457E-17
         1        294          1          1
         2        140          0          1
         3        285          0          1
         4          1          0          1
         5          3          0          1
         6        390          0          1
         7        346          0          1
         8        400          1          1
         9        163          0          1
        10        126          0          1
        11        348          0          1
        12          7          0          1
        13        170          0          1
        14        133          0          1
        15        151          0          1
        16        376          0          1
        17        296          0          1
        18        210          0          1
        19        387          0          1
        20        274          0          1
        21         35          0          1
        22        218          0          1
        23        243          0          1
        24        106          0          1
        25         48          0          1
        26        312          0          1
        27        260          0          1
        28        398          0          1
        29        265          0          1
        30        259          0          1
        31        233          0          1
        32        186          0          1
        33        184          0          1
        34        108          0          1
        35        399          0          1
        36         14          0          1
        37          6          0          1
        38        338          0          1
        39         47          0          1
        40         22          0          1
        41         90          0          1
        42        287          0          1
        43         38          0          1
        44        324          0          1
        45        139          0          1
        46        101          0          1
        47        358          0          1
        48        247          0          1
        49        334          0          1
        50        185          0          1
        51        299          0          1
        52        122          0          1
        53         65          0          1
        54        250          0          1
        55        214          0          1
        56        180          0          1
        57        105          0          1
        58         57          0          1
        59        349          0          1
        60         25          0          1
        61        165          0          1
        62         52          0          1
        63        211          0          1
        64        368          1          1
        65        263          0          1
        66        284          0          1
        67        241          0          1
        68        295          0          1
        69        359          0          1
        70        172          0          1
        71        114          0          1
        72         71          0          1
        73        219          0          1
        74         85          0          1
        75        175          0          1
        76        196          0          1
        77        329          0          1
        78        283          0          1
        79        225          0          1
        80         77          0          1
        81        341          1          1
        82        252          0          1
        83         45          0          1
        84        292          0          1
        85        155          0          1
        86        371          0          1
        87         34          0          1
        88        268          0          1
        89        375          1          1
        90        298          0          1
        91        213          0          1
        92        379          0          1
        93         92          0          1
        94        276          1          1
        95        378          0          1
        96        323          0          1
        97        224          0          1
        98        391          0          1
        99          8          0          1
       100        148          0          1
       101         79          0          1
       102        104          0          1
       103        395          0          1
       104         75          0          1
       105        129          0          1
       106        235          0          1
       107         87          0          1
       108        363          0          1
       109        112          0          1
       110         18          0          1
       111        204          0          1
       112        157          0          1
       113        272          0          1
       114        365          0          1
       115        111          0          1
       116        303          0          1
       117        314          0          1
       118        261          0          1
       119        158          0          1
       120        115          1          1
       121        162          1          1
       122        337          0          1
       123        231          0          1
       124         55          0          1
       125         68          0          1
       126        386          0          1
       127        321          1          1
       128        138          0          1
       129        240          0          1
       130        177          0          1
       131        123          0          1
       132         11          0          1
       133        127          0          1
       134        169          0          1
       135         82          0          1
       136        330          0          1
       137        397          0          1
       138        216          0          1
       139        370          1          1
       140        377          0          1
       141         23          0          1
       142        307          1          1
       143        392          0          1
       144         95          1          1
       145        192          0          1
       146        369          0          1
       147        230          0          1
       148         73          0          1
       149         20          0          1
       150        202          0          1
       151         37          0          1
       152        311          0          1
       153        277          0          1
       154        317          0          1
       155        209          0          1
       156        205          0          1
       157         60          0          1
       158        308          1          1
       159        366          0          1
       160         19          0          1
       161        160          0          1
       162         89          0          1
       163        227          0          1
       164         54          0          1
       165        178          0          1
       166        304          0          1
       167        280          0          1
       168          5          0          1
       169        130          0          1
       170        360          1          1
       171        183          0          1
       172        254          0          1
       173        248          0          1
       174        107          0          1
       175        220          0          1
       176        332          0          1
       177        302          0          1
       178        300          0          1
       179        217          0          1
       180        305          0          1
       181        142          0          1
       182        327          0          1
       183        273          0          1
       184        229          0          1
       185        266          0          1
       186        356          0          1
       187         74          0          1
       188        394          0          1
       189         86          0          1
       190         41          0          1
       191        361          0          1
       192        166          0          1
       193        328          0          1
       194        389          0          1
       195        197          0          1
       196         62          0          1
       197        120          0          1
       198        182          0          1
       199        333          0          1
       200         78          1          1
       201        373          0          1
       202        203          0          1
       203         98          0          1
       204         13          1          1
       205        245          0          1
       206        315          0          1
       207         56          0          1
       208        156          0          1
       209        121          0          1
       210         69          0          1
       211        173          0          1
       212         59          0          1
       213         80          0          1
       214         93          0          1
       215        301          0          1
       216        306          0          1
       217         51          0          1
       218         88          0          1
       219        270          0          1
       220        290          0          1
       221        199          0          1
       222         64          0          1
       223        384          0          1
       224         36          0          1
       225        188          0          1
       226        255          0          1
       227        174          1          1
       228        168          0          1
       229         21          0          1
       230        207          0          1
       231        149          0          1
       232        335          0          1
       233        249          0          1
       234        223          0          1
       235        102          0          1
       236        179          0          1
       237        326          0          1
       238        381          0          1
       239        353          0          1
       240        237          0          1
       241        212          0          1
       242         33          0          1
       243        288          0          1
       244        262          0          1
       245         46          0          1
       246        343          0          1
       247        193          0          1
       248        236          1          1
       249        146          0          1
       250        319          0          1
       251        256          0          1
       252         83          0          1
       253        141          0          1
       254         91          0          1
       255        286          0          1
       256        339          0          1
       257        113          0          1
       258        357          0          1
       259        345          0          1
       260        344          0          1
       261        190          0          1
       262        352          0          1
       263        132          0          1
       264         67          1          1
       265        382          0          1
       266        289          0          1
       267         16          0          1
       268        309          0          1
       269        331          0          1
       270        264          0          1
       271        347          0          1
       272         63          0          1
       273        134          1          1
       274         99          0          1
       275        354          0          1
       276        340          1          1
       277         30          0          1
       278        150          0          1
       279        282          0          1
       280         44          0          1
       281         97          0          1
       282        128          0          1
       283        372          0          1
       284        271          0          1
       285        267          0          1
       286        396          0          1
       287        355          0          1
       288        109          0          1
       289        124          0          1
       290        131          0          1
       291         26          0          1
       292        350          0          1
       293        100          0          1
       294        385          1          1
       295        239          0          1
       296        215          0          1
       297        181          0          1
       298        297          0          1
       299        208          0          1
       300         10          0          1
       301        318          0          1
       302          2          0          1
       303        110          1          1
       304        143          0          1
       305        136          0          1
       306         53          1          1
       307        342          0          1
       308        279          0          1
       309        351          0          1
       310        206          0          1
       311        380          0          1
       312        246          0          1
       313        367          0          1
       314         29          0          1
       315        242          0          1
       316        171          0          1
       317         17          0          1
       318        320          0          1
       319         43          0          1
       320        383          0          1
       321        393          0          1
       322        336          0          1
       323        152          0          1
       324        221          0          1
       325        281          0          1
       326        374          0          1
       327        269          0          1
       328          9          0          1
       329        145          1          1
       330        118          0          1
       331        144          1          1
       332        161          0          1
       333        325          1          1
       334         32          0          1
       335         42          0          1
       336        244          0          1
       337        191          0          1
       338        226          1          1
       339         96          0          1
       340        116          0          1
       341        291          0          1
       342         27          0          1
       343         76          1          1
       344        310          0          1
       345        195          0          1
       346         15          0          1
       347         49          0          1
       348        234          0          1
       349         84          0          1
       350        187          0          1
       351          4          0          1
       352        362          0          1
       353        228          0          1
       354        388          0          1
       355         61          0          1
       356        293          0          1
       357         24          0          1
       358        176          0          1
       359         81          0          1
       360        154          0          1
       361        135          0          1
       362         31          0          1
       363         28          0          1
       364        201          0          1
       365        238          0          1
       366        313          0          1
       367        251          0          1
       368        194          1          1
       369        232          0          1
       370        364          1          1
       371        322          0          1
       372        125          0          1
       373        137          1          1
       374        200          0          1
       375        189          0          1
       376        167          0          1
       377         72          1          1
       378        147          0          1
       379        258          0          1
       380         70          0          1
       381         58          0          1
       382        153          0          1
       383        117          0          1
       384        278          0          1
       385         50          0          1
       386         39          1          1
       387         12          0          1
       388         66          0          1
       389        164          0          1
       390        222          0          1
       391         40          0          1
       392        119          0          1
       393         94          0          1
       394        253          0          1
       395        159          0          1
       396        275          0          1
       397        257          0          1
       398        198          0          1
       399        103          0          1
       400        316          0          1
                 225
configuration                    4                15000         9.6951377146876361E-01         2.9800000000000000E+02         1.3877787807814457E-17
         1         19          0          1
         2        131          0          1
         3        388          1          1
         4        158          0          1
         5        286          0          1
         6        340          1          1
         7        111          0          1
         8        128          0          1
         9        187          0          1
        10         96          1          1
        11        258          0          1
        12         75          0          1
        13        133          0          1
        14        389          0          1
        15        233          0          1
        16        259          0          1
        17        370          1          1
        18         58          0          1
        19        236          0          1
        20        394          1          1
        21        365          0          1
        22        178          0          1
        23         48          0          1
        24         69          0          1
        25        157          0          1
        26        271          0          1
        27        353          0          1
        28        298          1          1
        29        269          0          1
        30        113          0          1
        31        155          0          1
        32        280          0          1
        33         42          1          1
        34        150          0          1
        35        347          0          1
        36         28          0          1
        37        217          0          1
        38        290          1          1
        39        225          0          1
        40        205          0          1
        41         45          0          1
        42         91          0          1
        43        398          0          1
        44        313          0          1
        45        132          0          1
        46        328          0          1
        47        207          1          1
        48        143          0          1
        49         82          0          1
        50        346          0          1
        51         26          0          1
        52         39          1          1
        53        106          0          1
        54        161          0          1
        55        149          1          1
        56        136          0          1
        57        141          0          1
        58         78          0          1
        59        295          0          1
        60        120          0          1
        61         95          1          1
        62        366          0          1
        63        341          0          1
        64         67          0          1
        65        176          0          1
        66         88          1          1
        67        164          0          1
        68         62          0          1
        69        190          0          1
        70          9          1          1
        71        288          0          1
        72        153          0          1
        73        130          0          1
        74        395          0          1
        75        215          0          1
        76        382          0          1
        77        359          0          1
        78         10          1          1
        79        169          0          1
        80        196          0          1
        81        119          0          1
        82        364          0          1
        83        100          0          1
        84         12          0          1
        85        345          0          1
        86         94          0          1
        87        276          0          1
        88        168          0          1
        89        245          0          1
        90        249          0          1
        91        253          0          1
        92         20          0          1
        93        240          0          1
        94        182          0          1
        95         83          0          1
        96         33          0          1
        97        114          0          1
        98        363          0          1
        99         71          0          1
       100        134          1          1
       101          2          0          1
       102        250          0          1
       103        107          0          1
       104        194          0          1
       105        209          0          1
       106        316          0          1
       107         80          0          1
       108        264          1          1
       109        326          0          1
       110        151          0          1
       111        247          0          1
       112        101          0          1
       113        189          1          1
       114        260          0          1
       115        254          1          1
       116        138          0          1
       117        333          0          1
       118        283          0          1
       119        268          0          1
       120        216          0          1
       121        358          0          1
       122        243          1          1
       123         14          0          1
       124         40          0          1
       125        348          0          1
       126        360          0          1
       127        255          0          1
       128        230          0          1
       129         86          0          1
       130        127          0          1
       131        329          0          1
       132        251          0          1
       133        117          0          1
       134        166          0          1
       135        292          0          1
       136        256          0          1
       137        239          0          1
       138         51          0          1
       139         21          0          1
       140         57          1          1
       141        185          0          1
       142        184          0          1
       143        228          0          1
       144        373          0          1
       145         16          0          1
       146        392          0          1
       147        343          0          1
       148        367          0          1
       149        140          0          1
       150         22          0          1
       151        376          0          1
       152        321          0          1
       153        297          1          1
       154        241          0          1
       155        139          0          1
       156        391          0          1
       157         97          0          1
       158        351          0          1
       159        234          0          1
       160         70          0          1
       161        393          0          1
       162        108          0          1
       163        323          0          1
       164        306          0          1
       165        124          0          1
       166        210          0          1
       167          4          0          1
       168        202          0          1
       169        170          0          1
       170        174          0          1
       171         85          0          1
       172        265          0          1
       173        237          0          1
       174        308          0          1
       175         15          0          1
       176        282          0          1
       177         41          0          1
       178        338          0          1
       179        162          0          1
       180        263          0          1
       181        213          0          1
       182         53          0          1
       183         93          0          1
       184        235          0          1
       185        274          0          1
       186        173          0          1
       187        279          0          1
       188        246          1          1
       189        319          0          1
       190        204          0          1
       191        232          0          1
       192        361          0          1
       193        129          0          1
       194        304          0          1
       195        221          0          1
       196         50          1          1
       197        336          0          1
       198        327          0          1
       199        122          0          1
       200         81          0          1
       201         63          1          1
       202         24          0          1
       203         25          1          1
       204        103          0          1
       205        201          0          1
       206        357          0          1
       207        163          0          1
       208        195          0          1
       209        342          0          1
       210        199          0          1
       211        145          0          1
       212        375          0          1
       213        400          0          1
       214        125          0          1
       215        301          0          1
       216        160          0          1
       217        118          0          1
       218        200          1          1
       219        331          0          1
       220        177          0          1
       221         90          0          1
       222         18          0          1
       223        167          0          1
       224        115          0          1
       225         84          0          1
       226        154          0          1
       227          1          0          1
       228         65          0          1
       229        380          0          1
       230        312          1          1
       231        322          0          1
       232          6          1          1
       233        387          0          1
       234        335          0          1
       235        374          0          1
       236        315          0          1
       237        307          0          1
       238        248          0          1
       239        104          0          1
       240         89          0          1
       241         38          0          1
       242        332          0          1
       243         66          0          1
       244        344          0          1
       245        148          0          1
       246        397          0          1
       247        223          0          1
       248        267          0          1
       249        197          0          1
       250        224          0          1
       251        277          0          1
       252         46          0          1
       253        142          0          1
       254        278          0          1
       255        294          0          1
       256        337          0          1
       257        377          0          1
       258         30          0          1
       259         59          0          1
       260        325          0          1
       261        123          0          1
       262        198          0          1
       263        227          0          1
       264        291          0          1
       265        309          0          1
       266         44          0          1
       267        183          0          1
       268        299          0          1
       269        126          0          1
       270        193          0          1
       271        385          1          1
       272        296          0          1
       273        378          0          1
       274        116          0          1
       275        121          0          1
       276          7          0          1
       277         98          0          1
       278          3          0          1
       279         32          1          1
       280        339          0          1
       281          5          0          1
       282        287          1          1
       283         64          0          1
       284         54          0          1
       285         27          0          1
       286        355          0          1
       287        146          0          1
       288        314          0          1
       289        354          1          1
       290        381          0          1
       291        369          0          1
       292        350          1          1
       293        175          0          1
       294        231          0          1
       295        181          0          1
       296         76          0          1
       297         55          0          1
       298         17          0          1
       299        368          0          1
       300        281          0          1
       301        330          0          1
       302        156          0          1
       303         87          0          1
       304         99          0          1
       305        372          0          1
       306        226          0          1
       307        270          0          1
       308          8          0          1
       309        238          0          1
       310        384          0          1
       311        289          1          1
       312         37          0          1
       313        186          0          1
       314         73          0          1
       315        214          0          1
       316        317          0          1
       317        220          0          1
       318        399          0          1
       319        188          1          1
       320        109          0          1
       321         56          0          1
       322        137          0          1
       323         35          0          1
       324        252          0          1
       325        272          0          1
       326        191          0          1
       327        349          0          1
       328        206          0          1
       329        293          0          1
       330        302          1          1
       331        310          0          1
       332        244          0          1
       333         36          0          1
       334         49          0          1
       335         43          1          1
       336        242          0          1
       337        208          0          1
       338         29          1          1
       339         77          0          1
       340        356          0          1
       341        284          0          1
       342        262          0          1
       343        219          0          1
       344        152          0          1
       345        165          0          1
       346         47          0          1
       347        212          0          1
       348         34          0          1
       349        305          0          1
       350        203          0          1
       351        180          0          1
       352         11          0          1
       353        300          1          1
       354         60          0          1
       355        383          0          1
       356        318          0          1
       357        179          1          1
       358        379          0          1
       359        192          0          1
       360        229          0          1
       361        334          0          1
       362        135          0          1
       363         31          0          1
       364        105          0          1
       365         79          0          1
       366        159          1          1
       367         52          0          1
       368        320          0          1
       369        266          0          1
       370         61          0          1
       371        275          0          1
       372         68          0          1
       373        352          0          1
       374        311          0          1
       375        147          0          1
       376        303          0          1
       377        273          0          1
       378         92          0          1
       379        144          0          1
       380        102          0          1
       381        211          0          1
       382        390          0          1
       383        257          0          1
       384        386          0          1
       385        112          0          1
       386        362          0          1
       387        222          1          1
       388        172          0          1
       389        171          0          1
       390        371          0          1
       391         72          1          1
       392         23          0          1
       393        110          0          1
       394        261          0          1
       395        324          0          1
       396        285          0          1
       397        396          0          1
       398        218          0          1
       399         74          0          1
       400         13          0          1
                 366
configuration                    5                20000         1.2960881854910558E+00         2.9800000000000000E+02         1.3877787807814457E-17
         1        104          0          1
         2         33          0          1
         3        282          0          1
         4         84          0          1
         5        110          0          1
         6        396          0          1
         7        116          0          1
         8        399          0          1
         9        114          0          1
        10        137          0          1
        11        358          1          1
        12        222          0          1
        13         22          0          1
        14        209          0          1
        15        311          0          1
        16         68          0          1
        17        325          0          1
        18        290          0          1
        19        386          0          1
        20        193          0          1
        21         43          1          1
        22         97          0          1
        23        119          0          1
        24        198          0          1
        25        189          1          1
        26        368          0          1
        27         93          0          1
        28        274          0          1
        29         85          0          1
        30        267          0          1
        31        165          0          1
        32        232          0          1
        33        185          0          1
        34        212          0          1
        35        228          0          1
        36          1          0          1
        37        175          0          1
        38         30          0          1
        39        172          0          1
        40        206          0          1
        41          7          0          1
        42        102          1          1
        43        194          0          1
        44        248          0          1
        45        247          0          1
        46        220          0          1
        47        323          0          1
        48        256          0          1
        49         34          0          1
        50        159          0          1
        51        392          0          1
        52        289          0          1
        53          2          0          1
        54        373          0          1
        55         38          0          1
        56        157          0          1
        57        100          0          1
        58         82          0          1
        59        216          0          1
        60        400          1          1
        61        362          0          1
        62        140          0          1
        63        128          0          1
        64         27          0          1
        65        171          0          1
        66        330          0          1
        67        203          0          1
        68        293          0          1
        69         11          1          1
        70        360          0          1
        71         64          0          1
        72         59          0          1
        73        168          1          1
        74        219          0          1
        75        348          0          1
        76         10          0          1
        77        106          0          1
        78         91          0          1
        79        318          1          1
        80        313          0          1
        81         61          0          1
        82        143          0          1
        83        121          1          1
        84        277          0          1
        85         13          0          1
        86         23          0          1
        87        142          0          1
        88        261          0          1
        89         70          0          1
        90        205          0          1
        91         55          0          1
        92        208          0          1
        93        178          0          1
        94        308          0          1
        95         65          1          1
        96        314          0          1
        97        378          0          1
        98        251          0          1
        99        283          0          1
       100         18          0          1
       101        317          0          1
       102        147          0          1
       103        268          0          1
       104        167          0          1
       105        190          0          1
       106        146          0          1
       107        226          0          1
       108         88          0          1
       109        300          0          1
       110        158          0          1
       111         94          0          1
       112        118          0          1
       113        176          1          1
       114        132          0          1
       115        297          0          1
       116         37          0          1
       117        374          0          1
       118        107          1          1
       119        240          0          1
       120         87          0          1
       121        264          0          1
       122        195          0          1
       123        108          0          1
       124         48          0          1
       125         58          0          1
       126        349          1          1
       127        242          0          1
       128        339          0          1
       129        354          0          1
       130        101          0          1
       131        150          0          1
       132        215          1          1
       133        281          0          1
       134          8          0          1
       135        180          0          1
       136        211          1          1
       137        286          0          1
       138        236          0          1
       139         79          0          1
       140          5          0          1
       141        332          0          1
       142        352          0          1
       143         44          0          1
       144        184          0          1
       145        249          0          1
       146        186          0          1
       147        257          0          1
       148        275          1          1
       149        266          0          1
       150        384          0          1
       151         96          0          1
       152        122          0          1
       153        285          0          1
       154        199          0          1
       155        129          0          1
       156        345          0          1
       157        306          0          1
       158         21          0          1
       159        204          0          1
       160        287          0          1
       161         29          0          1
       162         25          0          1
       163         51          0          1
       164        149          0          1
       165        156          0          1
       166        177          1          1
       167        383          0          1
       168        312          0          1
       169        154          0          1
       170        331          0          1
       171        131          0          1
       172        369          0          1
       173         47          0          1
       174        336          0          1
       175          6          0          1
       176        237          0          1
       177        346          0          1
       178        151          1          1
       179        342          0          1
       180         24          0          1
       181        280          1          1
       182        213          0          1
       183        269          0          1
       184        130          0          1
       185        394          0          1
       186        192          0          1
       187         63          0          1
       188        218          0          1
       189        170          0          1
       190        304          0          1
       191        305          0          1
       192         20          0          1
       193         49          0          1
       194         77          0          1
       195         81          1          1
       196        299          0          1
       197        321          0          1
       198        162          0          1
       199         12          0          1
       200        221          0          1
       201        210          0          1
       202        245          0          1
       203        320          0          1
       204         54          0          1
       205        361          0          1
       206        233          1          1
       207        235          0          1
       208        253          0          1
       209        181          0          1
       210        270          0          1
       211        169          0          1
       212        123          0          1
       213        379          0          1
       214        365          0          1
       215        347          0          1
       216        225          1          1
       217          4          0          1
       218        322          0          1
       219         50          0          1
       220        296          0          1
       221        200          0          1
       222        230          0          1
       223        141          0          1
       224         83          0          1
       225         80          0          1
       226        382          0          1
       227        303          0          1
       228        356          0          1
       229        152          0          1
       230        340          1          1
       231        370          0          1
       232        126          0          1
       233         42          0          1
       234        231          0          1
       235        350          0          1
       236        109          0          1
       237        366          1          1
       238        241          0          1
       239        385          0          1
       240        244          0          1
       241        246          0          1
       242        259          0          1
       243        328          0          1
       244        391          0          1
       245         39          0          1
       246        214          0          1
       247        395          0          1
       248        276          0          1
       249        291          0          1
       250        372          0          1
       251        294          0          1
       252        254          0          1
       253         45          0          1
       254         89          0          1
       255        103          0          1
       256        377          0          1
       257        174          0          1
       258        398          0          1
       259        197          0          1
       260        390          0          1
       261        112          0          1
       262        326          0          1
       263        334          0          1
       264        363          1          1
       265         57          0          1
       266        258          0          1
       267          3          0          1
       268         71          0          1
       269        164          0          1
       270         28          0          1
       271        238          0          1
       272         75          0          1
       273        327          0          1
       274         86          0          1
       275        136          0          1
       276         41          0          1
       277        124          0          1
       278        278          0          1
       279         69          0          1
       280        272          0          1
       281        229          1          1
       282         36          0          1
       283        250          0          1
       284         74          0          1
       285        364          0          1
       286        367          0          1
       287         73          0          1
       288        292          0          1
       289         90          0          1
       290        371          0          1
       291        397          0          1
       292        262          0          1
       293        113          0          1
       294        279          0          1
       295        271          0          1
       296         32          0          1
       297        161          0          1
       298         16          0          1
       299        301          0          1
       300        329          0          1
       301        341          0          1
       302         98          0          1
       303         56          0          1
       304         52          0          1
       305          9          0          1
       306        201          0          1
       307        387          0          1
       308         53          0          1
       309        239          0          1
       310         60          0          1
       311        207          0          1
       312         19          0          1
       313        133          0          1
       314        120          0          1
       315        307          0          1
       316         35          0          1
       317        148          0          1
       318        196          0          1
       319        111          0          1
       320        115          0          1
       321        173          0          1
       322         62          0          1
       323        357          1          1
       324        316          0          1
       325         26          0          1
       326        265          0          1
       327        333          0          1
       328        310          0          1
       329        227          0          1
       330        202          0          1
       331        375          0          1
       332        273          0          1
       333        163          0          1
       334        359          0          1
       335        335          0          1
       336         92          0          1
       337        260          0          1
       338        135          0          1
       339        144          0          1
       340        138          0          1
       341        351          0          1
       342        166          0          1
       343        388          0          1
       344         76          0          1
       345         66          0          1
       346        263          0          1
       347        315          0          1
       348         17          0          1
       349        338          0          1
       350        183          0          1
       351        187          0          1
       352        284          0          1
       353         15          0          1
       354        125          0          1
       355         46          0          1
       356        153          0          1
       357        155          0          1
       358        337          0          1
       359         78          0          1
       360         99          0          1
       361        223          0          1
       362         40          0          1
       363        298          0          1
       364        224          0          1
       365        355          0          1
       366        145          1          1
       367        309          0          1
       368        353          0          1
       369        191          0          1
       370         14          0          1
       371        182          1          1
       372        389          0          1
       373        344          0          1
       374         31          0          1
       375        319          0          1
       376        139          0          1
       377        343          0          1
       378        393          0          1
       379        255          0          1
       380        302          0          1
       381        179          0          1
       382        380          0          1
       383        188          0          1
       384        252          0          1
       385        160          0          1
       386        234          0          1
       387        243          0          1
       388        105          0          1
       389        288          1          1
       390        127          0          1
       391         95          0          1
       392        295          1          1
       393        376          0          1
       394        117          0          1
       395         72          0          1
       396        324          0          1
       397        134          0          1
       398         67          1          1
       399        381          0          1
       400        217          0          1
                 489
configuration                    6                25000         1.6327562292862723E+00         2.9800000000000000E+02         1.3877787807814457E-17
         1        390          0          1
         2         43          0          1
         3        365          0          1
         4        110          0          1
         5        380          0          1
         6         66          0          1
         7        261          0          1
         8        111          0          1
         9        400          0          1
        10        257          0          1
        11        247          0          1
        12        377          0          1
        13        370          0          1
        14        234          0          1
        15        369          0          1
        16        360          0          1
        17        172          0          1
        18        238          0          1
        19        366          0          1
        20         32          0          1
        21        153          0          1
        22        343          0          1
        23        275          0          1
        24         14          0          1
        25        384          0          1
        26        328          0          1
        27        161          0          1
        28        355          0          1
        29        337          0          1
        30         30          0          1
        31        113          0          1
        32        199          0          1
        33          6          0          1
        34        262          0          1
        35        308          0          1
        36        385          1          1
        37        166          0          1
        38         60          0          1
        39         68          0          1
        40        306          0          1
        41        192          0          1
        42        134          0          1
        43        252          0          1
        44        122          0          1
        45        255          0          1
        46        141          0          1
        47        249          0          1
        48        330          0          1
        49        137          0          1
        50        297          0          1
        51        151          0          1
        52        300          0          1
        53         82          0          1
        54        130          0          1
        55        226          1          1
        56        341          0          1
        57        203          0          1
        58        372          0          1
        59          5          1          1
        60        361          0          1
        61        214          0          1
        62         92          0          1
        63         33          1          1
        64        210          0          1
        65        312          0          1
        66        358          0          1
        67         10          0          1
        68         64          0          1
        69         87          0          1
        70        259          0          1
        71        317          0          1
        72        154          0          1
        73        180          1          1
        74        373          0          1
        75         23          0          1
        76        217          0          1
        77        258          0          1
        78        263          0          1
        79         56          0          1
        80        100          0          1
        81        348          0          1
        82        288          0          1
        83         96          0          1
        84         57          0          1
        85        213          0          1
        86        176          0          1
        87        344          0          1
        88        115          0          1
        89        397          0          1
        90        350          0          1
        91        345          0          1
        92        351          0          1
        93        342          0          1
        94         37          0          1
        95        313          0          1
        96         94          0          1
        97        292          0          1
        98        395          0          1
        99         74          0          1
       100         77          0          1
       101         40          0          1
       102        382          0          1
       103        164          0          1
       104        305          1          1
       105        311          0          1
       106        356          0          1
       107        287          1          1
       108        106          0          1
       109          8          0          1
       110        144          0          1
       111        392          0          1
       112        114          0          1
       113         22          0          1
       114        123          0          1
       115        303          0          1
       116        216          0          1
       117         53          0          1
       118        120          0          1
       119        371          0          1
       120        196          0          1
       121        181          0          1
       122        143          0          1
       123        302          0          1
       124        368          0          1
       125        230          0          1
       126        386          0          1
       127        379          0          1
       128        242          0          1
       129        112          0          1
       130        367          0          1
       131         48          0          1
       132        184          0          1
       133        167          1          1
       134        128          0          1
       135         88          0          1
       136         65          0          1
       137        267          0          1
       138        320          0          1
       139        173          0          1
       140        374          0          1
       141        104          0          1
       142         21          0          1
       143         34          0          1
       144        169          0          1
       145        127          0          1
       146        307          0          1
       147        299          0          1
       148        256          0          1
       149        145          0          1
       150        375          1          1
       151         35          0          1
       152        182          0          1
       153        129          0          1
       154        190          0          1
       155        334          1          1
       156        294          0          1
       157         71          0          1
       158        359          0          1
       159        244          0          1
       160        357          0          1
       161         28          0          1
       162         93          0          1
       163         76          0          1
       164         26          0          1
       165        331          1          1
       166        208          0          1
       167        136          0          1
       168         61          0          1
       169         42          0          1
       170        135          0          1
       171        186          0          1
       172        387          0          1
       173        185          0          1
       174        347          0          1
       175        329          0          1
       176         29          1          1
       177        194          0          1
       178        107          0          1
       179        250          0          1
       180        133          0          1
       181        157          0          1
       182        193          0          1
       183        131          0          1
       184        314          0          1
       185         72          0          1
       186        394          0          1
       187        102          0          1
       188         81          0          1
       189        248          1          1
       190        211          0          1
       191        281          0          1
       192        315          0          1
       193          3          0          1
       194        271          0          1
       195        202          0          1
       196        362          0          1
       197        197          0          1
       198        319          0          1
       199        155          0          1
       200        246          0          1
       201        121          0          1
       202        381          0          1
       203        253          0          1
       204         18          0          1
       205        264          0          1
       206        296          0          1
       207        389          0          1
       208        198          0          1
       209         20          0          1
       210        363          0          1
       211         84          1          1
       212        316          0          1
       213        139          0          1
       214        240          1          1
       215         95          0          1
       216        269          0          1
       217        229          0          1
       218        349          0          1
       219        399          0          1
       220         90          1          1
       221         75          0          1
       222        228          0          1
       223        175          0          1
       224        191          0          1
       225        227          0          1
       226         86          0          1
       227         80          0          1
       228         24          0          1
       229        126          0          1
       230         91          0          1
       231        277          0          1
       232        335          0          1
       233          4          0          1
       234        178          0          1
       235        391          1          1
       236        298          0          1
       237        225          0          1
       238         58          0          1
       239        116          0          1
       240        209          0          1
       241        293          0          1
       242        245          0          1
       243        212          0          1
       244        378          0          1
       245        396          0          1
       246        265          0          1
       247        221          1          1
       248        177          0          1
       249        146          0          1
       250         17          0          1
       251         55          0          1
       252        336          0          1
       253        142          0          1
       254         41          0          1
       255        318          0          1
       256         11          0          1
       257        109          0          1
       258        138          1          1
       259         70          0          1
       260         39          0          1
       261        171          0          1
       262        108          0          1
       263        260          0          1
       264        149          0          1
       265        383          0          1
       266        162          0          1
       267        132          0          1
       268         49          0          1
       269         73          0          1
       270        124          0          1
       271        278          1          1
       272        147          0          1
       273        273          0          1
       274        233          1          1
       275        220          0          1
       276        251          0          1
       277        156          0          1
       278        284          0          1
       279        346          0          1
       280        268          0          1
       281        243          0          1
       282          9          0          1
       283        125          0          1
       284        324          0          1
       285        323          0          1
       286         19          0          1
       287        183          0          1
       288        239          0          1
       289        150          0          1
       290        376          0          1
       291        254          0          1
       292        118          0          1
       293         52          0          1
       294        224          0          1
       295        236          0          1
       296        270          0          1
       297        274          0          1
       298        152          1          1
       299        340          0          1
       300        321          0          1
       301        218          0          1
       302         67          0          1
       303         25          0          1
       304        237          0          1
       305        140          0          1
       306        189          0          1
       307        188          0          1
       308        222          0          1
       309        289          0          1
       310         54          1          1
       311         89          0          1
       312        206          0          1
       313        195          0          1
       314         59          0          1
       315        309          0          1
       316        388          1          1
       317         12          0          1
       318        352          0          1
       319         31          0          1
       320         50          0          1
       321        364          0          1
       322        286          0          1
       323        327          0          1
       324        174          0          1
       325        200          0          1
       326        103          0          1
       327        290          0          1
       328         36          0          1
       329        165          0          1
       330        304          0          1
       331        101          0          1
       332         47          0          1
       333        333          0          1
       334        353          0          1
       335          1          0          1
       336         79          0          1
       337        158          1          1
       338        276          0          1
       339        282          0          1
       340        119          0          1
       341        205          0          1
       342         69          0          1
       343        332          0          1
       344        280          0          1
       345         44          0          1
       346        170          1          1
       347        187          0          1
       348        301          0          1
       349        105          0          1
       350        160          1          1
       351          2          0          1
       352        207          0          1
       353        231          0          1
       354        159          0          1
       355         62          0          1
       356        235          1          1
       357        241          0          1
       358        117          0          1
       359        179          0          1
       360         98          0          1
       361         16          0          1
       362         63          0          1
       363        163          0          1
       364        322          0          1
       365        291          0          1
       366         27          0          1
       367        215          0          1
       368         51          0          1
       369        283          0          1
       370        398          0          1
       371        266          0          1
       372        295          0          1
       373        223          0          1
       374        232          0          1
       375        272          0          1
       376        325          0          1
       377        204          0          1
       378        354          0          1
       379        279          0          1
       380        285          1          1
       381         85          0          1
       382         13          0          1
       383         15          0          1
       384         46          0          1
       385         97          0          1
       386        326          0          1
       387         99          0          1
       388        339          0          1
       389        168          0          1
       390         38          0          1
       391        310          0          1
       392        148          0          1
       393        393          0          1
       394         78          1          1
       395        201          0          1
       396         83          0          1
       397        219          0          1
       398        338          0          1
       399          7          0          1
       400         45          0          1
                 623
configuration                    7                30000         1.9556893346075459E+00         2.9800000000000000E+02         1.3877787807814457E-17
         1        292          0          1
         2         17          0          1
         3        220          1          1
         4        170          0          1
         5        325          0          1
         6        186          1          1
         7        286          0          1
         8         63          0          1
         9         36          0          1
        10        167          0          1
        11        241          1          1
        12        342          0          1
        13        107          0          1
        14         25          0          1
        15        367          0          1
        16        256          0          1
        17        179          0          1
        18        245          0          1
        19        238          0          1
        20        197          1          1
        21        368          0          1
        22        210          0          1
        23         14          0          1
        24        177          0          1
        25        326          0          1
        26         89          0          1
        27         26          0          1
        28        319          0          1
        29         91          0          1
        30        317          0          1
        31        100          0          1
        32        183          0          1
        33        115          0          1
        34        278          0          1
        35        158          0          1
        36        361          0          1
        37        119          0          1
        38        298          0          1
        39         77          0          1
        40         45          0          1
        41         62          0          1
        42         22          0          1
        43        394          0          1
        44        373          0          1
        45        291          0          1
        46         18          0          1
        47        166          0          1
        48        380          1          1
        49        347          0          1
        50        271          0          1
        51         69          0          1
        52         60          0          1
        53         65          0          1
        54        213          0          1
        55        313          0          1
        56        176          0          1
        57        215          0          1
        58        318          0          1
        59        130          0          1
        60        260          0          1
        61        268          0          1
        62        139          0          1
        63        284          0          1
        64        253          0          1
        65        282          0          1
        66         86          0          1
        67        184          0          1
        68        122          0          1
        69        281          0          1
        70        372          0          1
        71        330          0          1
        72        173          0          1
        73        321          0          1
        74        240          0          1
        75        175          0          1
        76        132          0          1
        77         33          0          1
        78        190          0          1
        79         78          0          1
        80        145          0          1
        81        171          0          1
        82        360          0          1
        83        163          0          1
        84        142          0          1
        85        378          0          1
        86         90          0          1
        87        363          0          1
        88         50          0          1
        89        331          0          1
        90        341          0          1
        91        376          0          1
        92        388          1          1
        93         71          0          1
        94        320          0          1
        95        103          0          1
        96        315          0          1
        97        356          0          1
        98        127          0          1
        99        307          0          1
       100         31          0          1
       101        242          0          1
       102        151          0          1
       103        263          0          1
       104        206          0          1
       105        155          0          1
       106        233          0          1
       107        261          0          1
       108         76          0          1
       109        301          0          1
       110        300          0          1
       111        334          0          1
       112        397          0          1
       113        172          0          1
       114        195          0          1
       115        251          0          1
       116         84          0          1
       117        316          0          1
       118          7          0          1
       119        138          0          1
       120        212          0          1
       121        140          0          1
       122        277          0          1
       123        400          1          1
       124        244          0          1
       125        148          0          1
       126        392          0          1
       127        209          0          1
       128        329          0          1
       129        393          0          1
       130         39          0          1
       131        182          1          1
       132         92          0          1
       133         88          0          1
       134        285          0          1
       135        117          0          1
       136         40          0          1
       137        294          0          1
       138        322          0          1
       139         23          0          1
       140        255          0          1
       141        355          0          1
       142         75          1          1
       143        336          0          1
       144        302          1          1
       145         11          0          1
       146        381          0          1
       147        364          1          1
       148        136          0          1
       149        254          1          1
       150        309          0          1
       151        359          0          1
       152        204          0          1
       153         21          0          1
       154        349          0          1
       155        229          0          1
       156        333          0          1
       157        123          0          1
       158        369          0          1
       159        109          1          1
       160        311          0          1
       161        377          0          1
       162        235          0          1
       163        304          0          1
       164         68          0          1
       165        384          0          1
       166        299          0          1
       167        276          0          1
       168        105          0          1
       169        270          0          1
       170         61          0          1
       171        169          0          1
       172        222          0          1
       173        357          0          1
       174         83          0          1
       175         93          0          1
       176        295          0          1
       177        308          0          1
       178        121          0          1
       179        141          0          1
       180         55          0          1
       181        280          0          1
       182          3          0          1
       183        202          0          1
       184        188          0          1
       185        157          0          1
       186        196          0          1
       187        125          0          1
       188        114          1          1
       189        399          0          1
       190          8          0          1
       191        247          0          1
       192        283          0          1
       193        289          0          1
       194         52          0          1
       195          1          0          1
       196        227          0          1
       197         79          0          1
       198         29          0          1
       199        353          0          1
       200         67          1          1
       201        131          0          1
       202        391          0          1
       203         98          0          1
       204         87          0          1
       205        395          0          1
       206         85          0          1
       207         44          0          1
       208         81          0          1
       209        152          0          1
       210        146          0          1
       211        243          0          1
       212         96          0          1
       213        134          0          1
       214         72          0          1
       215        113          1          1
       216        340          0          1
       217        266          0          1
       218         99          0          1
       219        354          0          1
       220        231          0          1
       221         47          1          1
       222         58          0          1
       223        237          0          1
       224        269          0          1
       225         38          0          1
       226        189          0          1
       227        396          0          1
       228        312          0          1
       229        348          0          1
       230        287          0          1
       231        211          0          1
       232        314          0          1
       233        181          1          1
       234         94          0          1
       235        228          0          1
       236        110          0          1
       237        293          0          1
       238        350          0          1
       239         32          0          1
       240        337          0          1
       241        362          0          1
       242         42          0          1
       243         12          0          1
       244         27          0          1
       245        174          0          1
       246        252          1          1
       247        290          0          1
       248        120          0          1
       249        379          0          1
       250         56          0          1
       251        185          0          1
       252        164          0          1
       253        128          0          1
       254         73          0          1
       255        194          0          1
       256         30          0          1
       257        257          1          1
       258        180          0          1
       259        375          0          1
       260        165          0          1
       261          4          0          1
       262        246          0          1
       263         41          1          1
       264        258          0          1
       265        303          0          1
       266        305          0          1
       267        104          0          1
       268         97          0          1
       269        274          0          1
       270        221          0          1
       271        338          0          1
       272        223          0          1
       273        226          0          1
       274        191          0          1
       275        365          0          1
       276        267          0          1
       277        297          0          1
       278        259          0          1
       279        187          0          1
       280        352          0          1
       281        385          0          1
       282        382          0          1
       283         74          0          1
       284        310          0          1
       285        370          0          1
       286        366          0          1
       287        106          0          1
       288        230          0          1
       289        249          1          1
       290        343          0          1
       291        328          0          1
       292        118          0          1
       293        390          0          1
       294        265          0          1
       295         37          0          1
       296         24          0          1
       297         43          0          1
       298         54          0          1
       299        323          0          1
       300        273          0          1
       301        296          0          1
       302        101          0          1
       303        327          0          1
       304        199          1          1
       305        351          0          1
       306        208          0          1
       307         35          0          1
       308        219          0          1
       309         15          0          1
       310        153          0          1
       311         70          0          1
       312        264          0          1
       313        135          0          1
       314        150          0          1
       315        225          0          1
       316        129          0          1
       317        160          0          1
       318         64          0          1
       319        374          0          1
       320        112          0          1
       321        272          0          1
       322        250          0          1
       323        216          0          1
       324        344          0          1
       325        200          0          1
       326        383          0          1
       327        193          0          1
       328        143          0          1
       329        102          0          1
       330         20          0          1
       331        335          1          1
       332         34          0          1
       333        389          0          1
       334        144          0          1
       335        111          0          1
       336        358          0          1
       337          6          0          1
       338         80          0          1
       339        279          0          1
       340         10          0          1
       341         95          0          1
       342        192          0          1
       343         28          0          1
       344        234          0          1
       345        346          0          1
       346        371          0          1
       347        214          0          1
       348         57          0          1
       349        198          0          1
       350        133          0          1
       351        162          0          1
       352        161          0          1
       353        116          0          1
       354        154          0          1
       355        178          1          1
       356        168          0          1
       357         13          0          1
       358        147          0          1
       359        232          0          1
       360        108          1          1
       361         82          0          1
       362         51          0          1
       363        159          0          1
       364        205          1          1
       365        239          0          1
       366        236          0          1
       367        248          0          1
       368        149          0          1
       369          2          0          1
       370        201          0          1
       371          9          0          1
       372        275          0          1
       373         49          0          1
       374        386          0          1
       375        156          0          1
       376         48          0          1
       377        262          0          1
       378        339          0          1
       379        137          0          1
       380        207          0          1
       381        217          1          1
       382        126          0          1
       383         53          0          1
       384         46          0          1
       385        218          0          1
       386        288          0          1
       387         66          0          1
       388         16          0          1
       389        332          0          1
       390        387          0          1
       391         19          0          1
       392        203          0          1
       393        124          0          1
       394        398          0          1
       395        224          0          1
       396         59          0          1
       397          5          0          1
       398        324          0          1
       399        306          0          1
       400        345          0          1
                 763
configuration                    8                35000         2.2882842422403424E+00         2.9800000000000000E+02         1.3877787807814457E-17
         1        333          0          1
         2        267          0          1
         3         47          0          1
         4        191          1          1
         5        195          0          1
         6        136          0          1
         7        179          0          1
         8         65          1          1
         9        117          0          1
        10        188          0          1
        11        152          0          1
        12          1          0          1
        13        181          0          1
        14         72          1          1
        15        319          0          1
        16        367          0          1
        17         39          0          1
        18         86          0          1
        19        307          0          1
        20        356          0          1
        21        218          0          1
        22        254          0          1
        23         23          0          1
        24        297          0          1
        25        110          1          1
        26        210          0          1
        27        335          0          1
        28         57          0          1
        29        215          1          1
        30        111          0          1
        31        378          0          1
        32        105          0          1
        33        269          0          1
        34         96          0          1
        35         26          1          1
        36        225          0          1
        37        222          0          1
        38         94          0          1
        39        339          0          1
        40        161          1          1
        41        336          0          1
        42        133          0          1
        43        192          0          1
        44        373          0          1
        45         21          0          1
        46          4          0          1
        47        177          0          1
        48        248          0          1
        49        137          0          1
        50        358          0          1
        51         44          0          1
        52        304          0          1
        53        189          0          1
        54         53          1          1
        55         68          0          1
        56        238          0          1
        57        150          0          1
        58        235          0          1
        59        113          0          1
        60        125          0          1
        61        244          0          1
        62         76          0          1
        63        299          0          1
        64         81          1          1
        65        178          0          1
        66        186          0          1
        67         31          0          1
        68        383          0          1
        69        200          0          1
        70        213          0          1
        71        221          0          1
        72        174          0          1
        73        160          0          1
        74        182          0          1
        75        229          0          1
        76        393          0          1
        77        279          1          1
        78         90          0          1
        79        106          0          1
        80        214          0          1
        81        344          0          1
        82        130          0          1
        83         48          0          1
        84          9          0          1
        85        346          0          1
        86        275          0          1
        87        135          0          1
        88        340          0          1
        89         41          0          1
        90        315          1          1
        91        253          0          1
        92        257          0          1
        93        294          0          1
        94        272          0          1
        95        172          0          1
        96        357          0          1
        97        327          0          1
        98        236          1          1
        99        166          0          1
       100         34          0          1
       101         19          0          1
       102        302          0          1
       103         54          0          1
       104        364          0          1
       105        285          0          1
       106        400          1          1
       107        171          0          1
       108        157          0          1
       109          5          0          1
       110        124          0          1
       111        196          0          1
       112        355          0          1
       113         61          0          1
       114         95          0          1
       115        145          0          1
       116         79          0          1
       117        241          0          1
       118        347          0          1
       119         24          0          1
       120        204          0          1
       121         55          0          1
       122        250          0          1
       123         11          1          1
       124         35          0          1
       125        155          0          1
       126        338          0          1
       127        168          0          1
       128        115          0          1
       129        173          0          1
       130        165          0          1
       131        122          0          1
       132         38          0          1
       133         45          0          1
       134        392          0          1
       135        379          0          1
       136        332          0          1
       137        348          0          1
       138        386          0          1
       139        303          0          1
       140         60          0          1
       141        109          0          1
       142         13          1          1
       143         22          0          1
       144         80          0          1
       145        263          0          1
       146        320          0          1
       147        206          0          1
       148        227          0          1
       149         25          0          1
       150         64          0          1
       151        321          0          1
       152        121          0          1
       153        363          1          1
       154        260          0          1
       155        273          0          1
       156        334          0          1
       157         82          1          1
       158         32          0          1
       159        237          0          1
       160        246          0          1
       161         16          0          1
       162        163          0          1
       163        322          0          1
       164        362          0          1
       165        153          0          1
       166        167          0          1
       167        376          0          1
       168        352          0          1
       169        240          0          1
       170        183          0          1
       171        232          0          1
       172        382          0          1
       173         74          0          1
       174        139          0          1
       175        387          0          1
       176        399          0          1
       177         33          0          1
       178         63          0          1
       179        226          0          1
       180        170          0          1
       181         52          0          1
       182        249          0          1
       183        350          0          1
       184         93          0          1
       185        208          0          1
       186        193          0          1
       187        310          0          1
       188        112          0          1
       189        185          0          1
       190        103          0          1
       191        280          0          1
       192        264          0          1
       193        385          0          1
       194        372          0          1
       195          6          0          1
       196        217          0          1
       197        391          0          1
       198        207          0          1
       199        324          0          1
       200        245          0          1
       201        296          0          1
       202        395          0          1
       203        370          0          1
       204        259          1          1
       205        286          0          1
       206        252          0          1
       207        132          0          1
       208          7          0          1
       209        190          0          1
       210        326          0          1
       211        278          0          1
       212        262          0          1
       213        328          1          1
       214        325          0          1
       215         29          0          1
       216        142          0          1
       217        162          0          1
       218        123          0          1
       219         50          0          1
       220        293          1          1
       221        377          1          1
       222        345          0          1
       223        140          0          1
       224        104          0          1
       225        317          0          1
       226         69          0          1
       227        292          0          1
       228         10          1          1
       229        198          0          1
       230        131          1          1
       231          8          0          1
       232         89          0          1
       233        141          0          1
       234        143          0          1
       235        390          0          1
       236         15          0          1
       237         17          0          1
       238        398          0          1
       239        128          0          1
       240         42          0          1
       241        388          0          1
       242         84          0          1
       243        397          0          1
       244        276          0          1
       245        349          0          1
       246        228          0          1
       247         92          0          1
       248        216          0          1
       249        219          0          1
       250        351          0          1
       251        311          0          1
       252        126          0          1
       253        375          0          1
       254        300          0          1
       255        187          0          1
       256         71          0          1
       257         87          1          1
       258          2          0          1
       259        201          0          1
       260        298          0          1
       261        148          0          1
       262        134          0          1
       263         77          0          1
       264        176          0          1
       265        314          0          1
       266        270          0          1
       267        337          0          1
       268        384          0          1
       269        396          1          1
       270         88          0          1
       271         12          0          1
       272        169          0          1
       273        247          0          1
       274        180          0          1
       275        256          0          1
       276         14          0          1
       277        312          0          1
       278        194          0          1
       279        158          0          1
       280         37          0          1
       281        149          0          1
       282        284          0          1
       283         46          0          1
       284        102          0          1
       285        354          0          1
       286         43          0          1
       287        151          0          1
       288        359          0          1
       289         67          0          1
       290        129          0          1
       291        323          0          1
       292        118          0          1
       293        353          0          1
       294        394          0          1
       295        329          0          1
       296        301          0          1
       297        243          0          1
       298         30          0          1
       299        290          0          1
       300        234          0          1
       301        330          0          1
       302        282          0          1
       303        164          1          1
       304        255          0          1
       305        308          0          1
       306        212          0          1
       307        268          0          1
       308        271          0          1
       309         56          0          1
       310         91          0          1
       311        265          0          1
       312        281          1          1
       313        202          0          1
       314        365          0          1
       315        295          0          1
       316        380          0          1
       317         98          0          1
       318        343          0          1
       319        277          0          1
       320        175          0          1
       321         59          0          1
       322        231          0          1
       323        289          0          1
       324         49          0          1
       325        154          0          1
       326        220          0          1
       327         28          0          1
       328         97          0          1
       329        144          0          1
       330        119          0          1
       331        331          0          1
       332        361          0          1
       333        224          0          1
       334        242          0          1
       335        258          0          1
       336         73          0          1
       337        374          0          1
       338         18          0          1
       339        147          0          1
       340        371          0          1
       341        309          0          1
       342        230          0          1
       343        101          0          1
       344        223          0          1
       345        318          0          1
       346         78          0          1
       347        360          0          1
       348         75          0          1
       349        211          0          1
       350        100          0          1
       351        146          0          1
       352        313          1          1
       353        288          0          1
       354         40          0          1
       355        108          1          1
       356         58          0          1
       357        156          0          1
       358         66          1          1
       359        159          0          1
       360        306          0          1
       361        239          0          1
       362        138          0          1
       363        233          0          1
       364         83          0          1
       365        341          0          1
       366        199          0          1
       367        366          0          1
       368        283          0          1
       369        369          0          1
       370        266          0          1
       371        305          0          1
       372         20          0          1
       373         36          0          1
       374        127          0          1
       375        184          0          1
       376        274          0          1
       377        107          0          1
       378         70          0          1
       379        120          0          1
       380        114          0          1
       381        368          0          1
       382        381          0          1
       383        316          0          1
       384        287          0          1
       385        291          0          1
       386         99          0          1
       387          3          1          1
       388         62          0          1
       389        389          0          1
       390        116          0          1
       391         85          0          1
       392        197          0          1
       393         51          0          1
       394        205          0          1
       395        342          1          1
       396        261          0          1
       397         27          0          1
       398        209          0          1
       399        251          0          1
       400        203          0          1
                 898
configuration                    9                40000         2.6237023270772273E+00         2.9800000000000000E+02         1.3877787807814457E-17
         1        365          0          1
         2        191          1          1
         3        257          0          1
         4        207          0          1
         5         64          0          1
         6        148          1          1
         7        338          0          1
         8         66          0          1
         9        164          0          1
        10         45          0          1
        11        325          0          1
        12        276          0          1
        13        141          0          1
        14         41          0          1
        15        150          0          1
        16        256          0          1
        17        287          0          1
        18        393          0          1
        19        121          0          1
        20        387          0          1
        21         62          0          1
        22        251          0          1
        23        394          0          1
        24         56          0          1
        25        331          0          1
        26         59          0          1
        27        171          0          1
        28        187          1          1
        29        162          0          1
        30        354          1          1
        31        182          0          1
        32        259          0          1
        33         53          0          1
        34         97          0          1
        35        134          0          1
        36        336          0          1
        37         25          0          1
        38        310          0          1
        39        321          0          1
        40        124          0          1
        41        291          0          1
        42        103          0          1
        43        172          0          1
        44         92          0          1
        45          8          0          1
        46        107          0          1
        47        218          0          1
        48        335          0          1
        49        242          0          1
        50         36          0          1
        51        114          0          1
        52          3          0          1
        53        225          0          1
        54        261          0          1
        55         74          0          1
        56         46          0          1
        57        120          0          1
        58         13          0          1
        59         32          1          1
        60         98          0          1
        61         10          1          1
        62        167          0          1
        63        214          0          1
        64        277          0          1
        65        152          0          1
        66        322          0          1
        67        241          0          1
        68        181          0          1
        69        173          1          1
        70         63          0          1
        71        149          0          1
        72        179          0          1
        73        385          0          1
        74        266          0          1
        75        136          0          1
        76        215          0          1
        77         94          0          1
        78         48          0          1
        79        386          0          1
        80        267          0          1
        81        169          0          1
        82         27          0          1
        83         87          0          1
        84        237          0          1
        85        202          0          1
        86        369          0          1
        87        396          0          1
        88        383          0          1
        89        324          0          1
        90        113          0          1
        91        368          0          1
        92        158          0          1
        93        347          0          1
        94        165          0          1
        95         37          0          1
        96        226          0          1
        97        252          0          1
        98         68          0          1
        99         60          0          1
       100         33          0          1
       101        203          0          1
       102        229          0          1
       103        130          0          1
       104        106          0          1
       105        319          0          1
       106        273          0          1
       107          1          0          1
       108          2          0          1
       109        389          0          1
       110        111          0          1
       111        248          1          1
       112        222          0          1
       113          6          1          1
       114          5          0          1
       115        373          0          1
       116        210          0          1
       117        178          0          1
       118         99          0          1
       119         14          0          1
       120         86          1          1
       121        281          0          1
       122         23          0          1
       123         69          0          1
       124        380          0          1
       125        147          1          1
       126         95          0          1
       127         42          0          1
       128        265          0          1
       129        355          1          1
       130         34          0          1
       131        228          0          1
       132        180          0          1
       133        143          0          1
       134        200          0          1
       135        353          0          1
       136         22          0          1
       137        254          0          1
       138        306          0          1
       139        288          1          1
       140        364          0          1
       141        305          0          1
       142        299          0          1
       143        303          0          1
       144        260          0          1
       145        234          0          1
       146        289          0          1
       147        271          0          1
       148        183          0          1
       149        128          0          1
       150        359          0          1
       151         85          0          1
       152         81          1          1
       153         80          0          1
       154        363          0          1
       155        232          0          1
       156        125          0          1
       157        245          0          1
       158        366          0          1
       159        253          0          1
       160        352          0          1
       161        243          0          1
       162        239          0          1
       163        308          0          1
       164        388          0          1
       165         24          0          1
       166        151          0          1
       167        140          0          1
       168         12          0          1
       169        390          0          1
       170         47          1          1
       171        131          0          1
       172        208          0          1
       173         77          0          1
       174        206          0          1
       175        112          0          1
       176        129          0          1
       177        133          0          1
       178        330          0          1
       179        379          0          1
       180        123          0          1
       181        357          0          1
       182        154          0          1
       183        115          0          1
       184        367          0          1
       185         51          0          1
       186         11          0          1
       187        315          0          1
       188        159          0          1
       189         78          0          1
       190        213          0          1
       191        224          0          1
       192         65          0          1
       193        110          0          1
       194        192          0          1
       195        283          0          1
       196        268          1          1
       197        381          0          1
       198        126          0          1
       199        395          0          1
       200        312          0          1
       201        176          0          1
       202        358          1          1
       203        250          0          1
       204        236          0          1
       205        102          0          1
       206        351          0          1
       207          4          0          1
       208         15          0          1
       209        323          0          1
       210        227          0          1
       211        240          0          1
       212        301          0          1
       213        122          0          1
       214        230          0          1
       215        344          0          1
       216        274          0          1
       217        337          0          1
       218        293          0          1
       219        345          1          1
       220        197          0          1
       221        318          0          1
       222        219          0          1
       223        327          0          1
       224        398          0          1
       225        328          0          1
       226        104          0          1
       227         40          0          1
       228        177          0          1
       229         83          0          1
       230        100          0          1
       231        262          0          1
       232        350          0          1
       233        247          0          1
       234        127          1          1
       235        311          0          1
       236        370          0          1
       237        304          0          1
       238        170          0          1
       239        294          0          1
       240        132          0          1
       241        346          0          1
       242         44          0          1
       243        184          0          1
       244        278          0          1
       245        391          0          1
       246        275          0          1
       247        235          0          1
       248        204          0          1
       249         76          1          1
       250        375          0          1
       251         16          0          1
       252         17          0          1
       253        156          0          1
       254         67          0          1
       255        255          0          1
       256         73          0          1
       257         19          0          1
       258        145          1          1
       259         54          0          1
       260         43          1          1
       261        298          0          1
       262        160          1          1
       263        185          0          1
       264         93          0          1
       265        166          0          1
       266         31          0          1
       267        189          0          1
       268        231          1          1
       269         58          0          1
       270        155          0          1
       271         29          0          1
       272        146          0          1
       273         50          0          1
       274        108          0          1
       275        198          0          1
       276          9          0          1
       277        238          0          1
       278        138          0          1
       279         55          0          1
       280        313          0          1
       281        117          1          1
       282        139          0          1
       283        190          0          1
       284        284          0          1
       285        188          0          1
       286         39          0          1
       287        116          0          1
       288        329          0          1
       289        397          1          1
       290        300          0          1
       291        244          0          1
       292        212          0          1
       293        193          0          1
       294          7          0          1
       295        223          0          1
       296         28          0          1
       297        209          1          1
       298        349          0          1
       299        201          0          1
       300        292          0          1
       301        233          0          1
       302        334          0          1
       303        161          0          1
       304        320          0          1
       305        341          0          1
       306         38          0          1
       307        194          0          1
       308        372          0          1
       309        163          0          1
       310        384          0          1
       311        280          0          1
       312        221          0          1
       313        297          0          1
       314        142          0          1
       315        376          0          1
       316         96          0          1
       317        137          0          1
       318        378          0          1
       319        286          0          1
       320         61          0          1
       321         18          0          1
       322         26          0          1
       323        382          0          1
       324        377          0          1
       325        362          1          1
       326        135          0          1
       327        119          0          1
       328        290          0          1
       329        374          0          1
       330         57          0          1
       331        360          0          1
       332        105          0          1
       333         30          0          1
       334        314          0          1
       335         72          1          1
       336        264          0          1
       337        348          0          1
       338        211          0          1
       339        246          0          1
       340        101          0          1
       341        199          1          1
       342        340          0          1
       343         70          0          1
       344        168          1          1
       345        339          0          1
       346         79          0          1
       347        371          1          1
       348        326          0          1
       349        153          0          1
       350         71          0          1
       351        343          0          1
       352        109          1          1
       353        186          0          1
       354        118          0          1
       355        400          0          1
       356         75          0          1
       357         52          0          1
       358        317          0          1
       359        157          0          1
       360        263          0          1
       361         90          0          1
       362         49          0          1
       363        342          0          1
       364         82          0          1
       365        279          0          1
       366         35          0          1
       367        249          0          1
       368        295          0          1
       369        296          1          1
       370        217          0          1
       371        302          1          1
       372        361          0          1
       373        269          0          1
       374        282          0          1
       375        285          0          1
       376         91          0          1
       377         20          0          1
       378         84          0          1
       379        196          0          1
       380         88          1          1
       381         21          0          1
       382        216          0          1
       383        392          0          1
       384        144          0          1
       385        174          0          1
       386        205          0          1
       387        270          0          1
       388        332          0          1
       389        316          0          1
       390        356          0          1
       391        220          0          1
       392         89          0          1
       393        309          0          1
       394        333          0          1
       395        399          0          1
       396        195          0          1
       397        258          0          1
       398        272          0          1
       399        175          0          1
       400        307          0          1
                1023
configuration                   10                45000         2.9412561943912157E+00         2.9800000000000000E+02         1.3877787807814457E-17
         1        284          0          1
         2         11          0          1
         3        336          0          1
         4        219          0          1
         5         86          0          1
         6        337          0          1
         7         58          0          1
         8        182          0          1
         9        132          0          1
        10        227          0          1
        11         23          0          1
        12        308          0          1
        13        366          0          1
        14        369          0          1
        15        289          0          1
        16        104          0          1
        17        320          0          1
        18        271          0          1
        19        293          0          1
        20        113          0          1
        21         49          0          1
        22        230          0          1
        23        204          0          1
        24        368          0          1
        25        324          0          1
        26        255          0          1
        27        395          0          1
        28        212          0          1
        29        125          0          1
        30        206          0          1
        31          3          0          1
        32        110          0          1
        33        305          0          1
        34        123          0          1
        35         46          0          1
        36         64          0          1
        37         68          0          1
        38        321          0          1
        39        247          1          1
        40        161          0          1
        41        155          0          1
        42        231          0          1
        43         90          0          1
        44        145          1          1
        45        122          0          1
        46        185          0          1
        47        196          0          1
        48        100          0          1
        49        361          0          1
        50         87          1          1
        51        344          0          1
        52        363          1          1
        53        365          0          1
        54        389          1          1
        55          2          0          1
        56        240          0          1
        57        170          0          1
        58        239          0          1
        59        127          0          1
        60        307          0          1
        61        263          0          1
        62        285          0          1
        63        287          0          1
        64        118          0          1
        65        339          0          1
        66        335          0          1
        67         99          0          1
        68         57          0          1
        69        385          0          1
        70         70          0          1
        71        117          0          1
        72        292          0          1
        73        211          0          1
        74        143          0          1
        75        326          0          1
        76         79          0          1
        77        357          0          1
        78        154          0          1
        79         59          0          1
        80         85          0          1
        81        304          0          1
        82        229          0          1
        83         35          0          1
        84          8          0          1
        85        129          0          1
        86        137          0          1
        87        134          0          1
        88        171          0          1
        89        144          0          1
        90         31          1          1
        91         96          0          1
        92        157          1          1
        93        194          0          1
        94         15          0          1
        95        244          0          1
        96         38          0          1
        97        175          0          1
        98        393          1          1
        99        297          0          1
       100        213          0          1
       101        260          0          1
       102         89          0          1
       103         47          0          1
       104        345          0          1
       105        190          0          1
       106        189          0          1
       107        139          0          1
       108         26          0          1
       109        315          0          1
       110        392          0          1
       111        166          0          1
       112        376          0          1
       113        162          0          1
       114        102          0          1
       115        203          0          1
       116        311          0          1
       117        290          0          1
       118         82          0          1
       119         51          0          1
       120        130          0          1
       121         69          0          1
       122        276          0          1
       123        331          0          1
       124        202          0          1
       125        358          0          1
       126        268          0          1
       127         30          0          1
       128         66          0          1
       129        109          0          1
       130         55          0          1
       131         16          0          1
       132        214          0          1
       133        159          0          1
       134         18          0          1
       135        328          0          1
       136         39          0          1
       137         74          0          1
       138         61          0          1
       139        318          0          1
       140        273          1          1
       141        296          0          1
       142         10          0          1
       143        146          0          1
       144        191          0          1
       145        184          1          1
       146         52          0          1
       147        168          1          1
       148        187          0          1
       149        266          1          1
       150        226          0          1
       151         36          0          1
       152        373          0          1
       153        245          0          1
       154         77          0          1
       155        195          0          1
       156        107          0          1
       157         24          0          1
       158        342          0          1
       159        283          0          1
       160         93          0          1
       161        114          0          1
       162        377          0          1
       163        115          0          1
       164        325          0          1
       165        105          0          1
       166        348          0          1
       167        313          0          1
       168        375          0          1
       169        398          0          1
       170        279          0          1
       171        349          0          1
       172        278          0          1
       173        138          0          1
       174        394          0          1
       175        200          1          1
       176        222          0          1
       177         78          0          1
       178        126          0          1
       179        274          0          1
       180        248          0          1
       181         12          0          1
       182        254          1          1
       183        257          0          1
       184        198          0          1
       185        379          0          1
       186         19          1          1
       187        280          0          1
       188        151          0          1
       189        288          0          1
       190        275          0          1
       191        124          0          1
       192        251          0          1
       193        272          0          1
       194        141          0          1
       195         45          0          1
       196        178          0          1
       197        241          0          1
       198         32          0          1
       199        322          0          1
       200        217          0          1
       201        294          0          1
       202        135          0          1
       203        347          0          1
       204        359          1          1
       205        362          0          1
       206        265          0          1
       207        205          1          1
       208        256          0          1
       209        270          0          1
       210        225          1          1
       211         76          0          1
       212        181          0          1
       213        116          0          1
       214        158          0          1
       215        180          1          1
       216        295          0          1
       217        197          0          1
       218        340          0          1
       219        350          0          1
       220        120          0          1
       221         27          0          1
       222        319          0          1
       223        236          0          1
       224        172          0          1
       225        108          0          1
       226        346          0          1
       227        367          0          1
       228        253          0          1
       229        378          0          1
       230        160          0          1
       231         88          0          1
       232        364          0          1
       233        399          0          1
       234        193          0          1
       235         75          0          1
       236        237          0          1
       237        381          0          1
       238        216          0          1
       239        299          0          1
       240        400          1          1
       241         13          0          1
       242         14          0          1
       243        396          0          1
       244         84          0          1
       245        282          0          1
       246         98          0          1
       247         83          0          1
       248        215          0          1
       249        224          0          1
       250        300          0          1
       251         34          0          1
       252        234          0          1
       253        233          0          1
       254        121          0          1
       255        351          0          1
       256         20          0          1
       257         41          0          1
       258        352          1          1
       259        390          0          1
       260        252          0          1
       261        250          0          1
       262         97          0          1
       263        165          0          1
       264        291          0          1
       265         28          0          1
       266        192          0          1
       267         73          0          1
       268        316          1          1
       269        111          0          1
       270        128          1          1
       271          5          0          1
       272        333          0          1
       273        223          0          1
       274        242          0          1
       275          7          0          1
       276        310          0          1
       277          6          0          1
       278        235          0          1
       279         72          0          1
       280        382          0          1
       281         92          0          1
       282         94          0          1
       283         50          0          1
       284        249          0          1
       285        264          0          1
       286        372          0          1
       287        281          0          1
       288        136          0          1
       289        341          0          1
       290        221          0          1
       291        353          0          1
       292         53          1          1
       293        327          0          1
       294        106          0          1
       295        343          1          1
       296        176          0          1
       297         65          0          1
       298        298          1          1
       299        167          0          1
       300        177          0          1
       301        150          0          1
       302         67          0          1
       303        355          0          1
       304         44          0          1
       305         71          0          1
       306        103          0          1
       307        301          0          1
       308        220          1          1
       309        277          0          1
       310        218          0          1
       311        356          0          1
       312        374          0          1
       313         54          0          1
       314        201          0          1
       315          9          0          1
       316        246          0          1
       317        209          1          1
       318        119          0          1
       319        174          0          1
       320         48          0          1
       321         81          1          1
       322        303          0          1
       323        188          0          1
       324        384          0          1
       325        387          0          1
       326        383          0          1
       327        388          0          1
       328        329          0          1
       329        199          0          1
       330        186          0          1
       331        397          0          1
       332         22          0          1
       333         17          0          1
       334        148          0          1
       335        142          0          1
       336        261          0          1
       337        323          0          1
       338        163          0          1
       339          1          0          1
       340        183          0          1
       341        267          0          1
       342        334          0          1
       343        152          0          1
       344        354          0          1
       345        262          0          1
       346        238          1          1
       347        149          0          1
       348        156          0          1
       349         40          0          1
       350        243          1          1
       351        391          0          1
       352        360          0          1
       353        112          0          1
       354        133          0          1
       355        153          0          1
       356        259          0          1
       357         21          0          1
       358        140          0          1
       359        314          0          1
       360         95          0          1
       361         56          0          1
       362         91          1          1
       363        208          0          1
       364        370          0          1
       365         80          0          1
       366        386          0          1
       367         37          0          1
       368        309          0          1
       369        317          0          1
       370        147          0          1
       371         42          0          1
       372        131          0          1
       373        330          0          1
       374        207          0          1
       375         60          0          1
       376        312          0          1
       377         43          0          1
       378         62          0          1
       379        179          0          1
       380        164          0          1
       381        332          0          1
       382         63          0          1
       383        380          0          1
       384        169          0          1
       385        269          0          1
       386        258          0          1
       387        371          0          1
       388        232          0          1
       389        338          0          1
       390         33          0          1
       391        101          0          1
       392        210          0          1
       393          4          0          1
       394         29          0          1
       395        173          0          1
       396        302          1          1
       397         25          0          1
       398        286          1          1
       399        228          0          1
       400        306          0          1
                1175
configuration                   11                50000         3.2634539577219326E+00         2.9800000000000000E+02         1.3877787807814457E-17
         1         37          0          1
         2        175          0          1
         3        101          0          1
         4        391          0          1
         5        218          0          1
         6        164          0          1
         7        243          1          1
         8        127          0          1
         9        386          1          1
        10        255          0          1
        11        160          0          1
        12        222          0          1
        13        190          0          1
        14        256          0          1
        15        295          0          1
        16        230          0          1
        17          6          0          1
        18         86          0          1
        19        342          1          1
        20         14          0          1
        21        227          0          1
        22        259          0          1
        23        289          0          1
        24         15          0          1
        25         81          0          1
        26        370          0          1
        27        286          0          1
        28        378          0          1
        29         17          0          1
        30        357          0          1
        31        306          0          1
        32        367          0          1
        33         20          0          1
        34          8          0          1
        35        316          1          1
        36        123          0          1
        37        383          0          1
        38         77          0          1
        39        377          0          1
        40        274          0          1
        41        187          0          1
        42        349          0          1
        43         96          1          1
        44        395          0          1
        45        266          0          1
        46        254          0          1
        47        221          0          1
        48        192          0          1
        49        137          0          1
        50        293          0          1
        51        162          0          1
        52        285          0          1
        53        335          0          1
        54        369          1          1
        55        209          0          1
        56        351          0          1
        57        159          0          1
        58          1          0          1
        59         68          1          1
        60        242          0          1
        61        334          0          1
        62        321          0          1
        63        332          0          1
        64        114          0          1
        65        339          0          1
        66        277          0          1
        67        147          0          1
        68        282          0          1
        69        143          0          1
        70        236          0          1
        71         64          0          1
        72        180          0          1
        73         39          0          1
        74         95          0          1
        75        393          0          1
        76        153          0          1
        77        350          0          1
        78         72          0          1
        79         16          0          1
        80        297          0          1
        81        152          0          1
        82         84          0          1
        83        301          0          1
        84        312          0          1
        85        280          0          1
        86        344          0          1
        87        171          0          1
        88         87          0          1
        89        197          0          1
        90        273          0          1
        91        139          0          1
        92         70          1          1
        93         29          0          1
        94        298          0          1
        95        400          0          1
        96        132          1          1
        97        276          0          1
        98         66          0          1
        99        361          0          1
       100        320          0          1
       101        191          1          1
       102        104          0          1
       103        317          0          1
       104         50          1          1
       105         67          0          1
       106        270          0          1
       107        358          0          1
       108        167          0          1
       109        214          0          1
       110        156          0          1
       111         30          0          1
       112        131          0          1
       113         98          0          1
       114        144          0          1
       115        399          0          1
       116        198          0          1
       117         42          0          1
       118        324          0          1
       119         38          0          1
       120        296          0          1
       121         21          0          1
       122        347          0          1
       123        196          0          1
       124        126          0          1
       125         73          0          1
       126        233          0          1
       127        247          1          1
       128        281          0          1
       129         13          0          1
       130        124          1          1
       131        304          0          1
       132        310          1          1
       133        389          0          1
       134        333          0          1
       135        174          0          1
       136        307          0          1
       137        264          1          1
       138        140          0          1
       139        284          0          1
       140        323          0          1
       141        246          0          1
       142        396          1          1
       143        244          0          1
       144        116          0          1
       145        169          1          1
       146        300          0          1
       147        142          0          1
       148        185          1          1
       149         58          0          1
       150        208          0          1
       151        217          0          1
       152        279          0          1
       153        133          0          1
       154        371          0          1
       155        309          0          1
       156        248          1          1
       157        356          0          1
       158        225          0          1
       159        327          0          1
       160        177          0          1
       161         75          1          1
       162        168          0          1
       163        368          0          1
       164         31          0          1
       165        157          0          1
       166        150          0          1
       167        343          0          1
       168         10          0          1
       169         26          0          1
       170         74          0          1
       171        360          0          1
       172        314          0          1
       173        374          1          1
       174        130          0          1
       175        117          0          1
       176        206          0          1
       177        341          0          1
       178         44          0          1
       179        231          0          1
       180        145          0          1
       181        319          0          1
       182        224          1          1
       183        165          0          1
       184        302          0          1
       185         34          0          1
       186        326          1          1
       187        148          0          1
       188         91          0          1
       189        268          0          1
       190        120          1          1
       191         59          0          1
       192         49          0          1
       193        387          0          1
       194        108          0          1
       195        215          0          1
       196        329          1          1
       197        313          0          1
       198         36          0          1
       199         41          0          1
       200        111          0          1
       201        305          0          1
       202        388          0          1
       203        340          0          1
       204        172          1          1
       205         48          0          1
       206         33          0          1
       207        189          0          1
       208        271          0          1
       209        265          0          1
       210         40          0          1
       211        135          0          1
       212          9          0          1
       213        348          0          1
       214         57          0          1
       215        151          0          1
       216         19          0          1
       217        272          0          1
       218        260          0          1
       219        103          0          1
       220        308          0          1
       221         88          0          1
       222        188          0          1
       223        278          0          1
       224        394          0          1
       225        211          0          1
       226        303          0          1
       227         46          1          1
       228        161          0          1
       229        207          0          1
       230        158          0          1
       231        100          0          1
       232         43          0          1
       233         93          0          1
       234        176          0          1
       235        193          0          1
       236        315          0          1
       237        204          0          1
       238        318          0          1
       239         24          0          1
       240        179          0          1
       241         11          1          1
       242        398          0          1
       243          4          0          1
       244        201          0          1
       245        375          0          1
       246        181          1          1
       247        291          0          1
       248        330          0          1
       249        216          0          1
       250        223          0          1
       251        240          1          1
       252          5          0          1
       253        149          0          1
       254        122          0          1
       255        337          0          1
       256        210          1          1
       257         76          0          1
       258        134          0          1
       259        232          0          1
       260         78          0          1
       261        290          0          1
       262        205          1          1
       263        345          0          1
       264        228          0          1
       265        109          0          1
       266         51          0          1
       267        372          0          1
       268        257          1          1
       269        262          0          1
       270        118          1          1
       271        292          0          1
       272        346          0          1
       273        250          0          1
       274        125          1          1
       275        258          0          1
       276        311          0          1
       277         52          0          1
       278        328          1          1
       279         90          0          1
       280        107          0          1
       281        178          0          1
       282         94          0          1
       283        212          0          1
       284        385          0          1
       285        220          0          1
       286         83          0          1
       287         56          0          1
       288        110          0          1
       289         28          0          1
       290         60          0          1
       291        235          0          1
       292         32          0          1
       293        336          0          1
       294        294          0          1
       295        362          0          1
       296        234          0          1
       297        325          0          1
       298        353          0          1
       299        184          0          1
       300         63          0          1
       301         97          0          1
       302         69          0          1
       303         35          0          1
       304        322          0          1
       305        146          0          1
       306        112          0          1
       307        263          0          1
       308        251          0          1
       309        241          0          1
       310        195          0          1
       311        105          0          1
       312        261          0          1
       313         89          0          1
       314        129          0          1
       315        155          0          1
       316        238          0          1
       317        283          0          1
       318        379          0          1
       319        373          0          1
       320         22          0          1
       321         27          0          1
       322        390          0          1
       323         55          0          1
       324         54          0          1
       325          7          0          1
       326        194          0          1
       327        163          1          1
       328         65          0          1
       329        113          0          1
       330        199          0          1
       331        269          0          1
       332        237          0          1
       333         92          0          1
       334        384          0          1
       335        183          0          1
       336        203          0          1
       337        288          1          1
       338        219          0          1
       339         18          0          1
       340         80          0          1
       341        154          0          1
       342        397          0          1
       343        380          0          1
       344        128          0          1
       345         62          0          1
       346        119          0          1
       347         53          0          1
       348        106          0          1
       349        364          0          1
       350        252          0          1
       351        115          0          1
       352        365          0          1
       353        202          0          1
       354        381          0          1
       355        182          0          1
       356        166          0          1
       357        382          0          1
       358        102          0          1
       359        275          1          1
       360        267          0          1
       361        299          0          1
       362        363          0          1
       363         79          0          1
       364        226          0          1
       365        141          0          1
       366        186          0          1
       367        136          0          1
       368        249          0          1
       369         61          0          1
       370         25          1          1
       371        121          0          1
       372         47          0          1
       373        245          0          1
       374         45          0          1
       375        287          0          1
       376        338          0          1
       377        170          0          1
       378        359          1          1
       379        392          0          1
       380         12          0          1
       381        352          0          1
       382         99          0          1
       383        354          1          1
       384         71          0          1
       385          2          0          1
       386        200          0          1
       387        239          0          1
       388         82          1          1
       389        213          0          1
       390        355          0          1
       391        229          0          1
       392        376          0          1
       393        366          0          1
       394         85          0          1
       395        173          0          1
       396        253          1          1
       397        331          0          1
       398        138          0          1
       399         23          0          1
       400          3          0          1
                1320
configuration                   12                55000         3.5886028596146744E+00         2.9800000000000000E+02         1.0000000000000002E-01
         1        381          0          1
         2        192          0          1
         3        352          0          1
         4         39          0          1
         5         69          0          1
         6         60          0          1
         7        173          0          1
         8        195          0          1
         9        123          0          1
        10         37          1          1
        11        174          0          1
        12        230          0          1
        13        337          0          1
        14        275          0          1
        15        346          0          1
        16        370          0          1
        17        208          0          1
        18        336          0          1
        19        298          0          1
        20        142          1          1
        21        118          0          1
        22        247          0          1
        23        111          0          1
        24         45          0          1
        25         24          0          1
        26         67          0          1
        27         91          0          1
        28         13          0          1
        29        285          0          1
        30        148          1          1
        31         32          0          1
        32         34          0          1
        33        242          0          1
        34        181          0          1
        35        187          1          1
        36        374          0          1
        37        114          0          1
        38         21          0          1
        39        399          1          1
        40        358          0          1
        41        343          0          1
        42        296          0          1
        43        203          0          1
        44        188          1          1
        45        288          0          1
        46         79          0          1
        47        228          0          1
        48        294          0          1
        49        157          0          1
        50        207          0          1
        51        205          0          1
        52        375          0          1
        53        136          0          1
        54        276          0          1
        55        249          0          1
        56        128          0          1
        57        153          0          1
        58        349          0          1
        59        278          0          1
        60         72          1          1
        61         50          1          1
        62        190          0          1
        63         84          0          1
        64        109          0          1
        65          2          1          1
        66        162          0          1
        67        397          0          1
        68        149          0          1
        69        281          0          1
        70          4          0          1
        71        220          0          1
        72         41          0          1
        73        138          0          1
        74        154          0          1
        75        144          0          1
        76        215          0          1
        77        338          0          1
        78        224          0          1
        79         77          0          1
        80        233          0          1
        81        353          0          1
        82        160          0          1
        83        159          0          1
        84        292          0          1
        85        134          0          1
        86        306          0          1
        87         29          1          1
        88         73          0          1
        89         75          0          1
        90        315          1          1
        91         78          0          1
        92        194          0          1
        93        206          0          1
        94        141          0          1
        95        255          0          1
        96        365          0          1
        97        151          1          1
        98        261          0          1
        99         92          0          1
       100        158          0          1
       101        222          0          1
       102        262          0          1
       103        237          0          1
       104        229          0          1
       105        324          0          1
       106         43          0          1
       107        302          0          1
       108        389          0          1
       109        200          1          1
       110        301          0          1
       111        387          0          1
       112        382          0          1
       113        122          0          1
       114        137          0          1
       115        334          0          1
       116        271          1          1
       117        259          0          1
       118        227          0          1
       119        101          0          1
       120        172          0          1
       121        364          0          1
       122        355          0          1
       123        143          0          1
       124         90          0          1
       125         46          0          1
       126        213          0          1
       127          3          0          1
       128        119          0          1
       129        287          0          1
       130        311          0          1
       131        331          0          1
       132        361          0          1
       133        239          0          1
       134        189          0          1
       135        139          0          1
       136        113          0          1
       137        254          0          1
       138        380          0          1
       139        339          1          1
       140        393          0          1
       141          8          0          1
       142         65          0          1
       143        211          0          1
       144         93          1          1
       145        368          0          1
       146        317          0          1
       147        312          0          1
       148        132          0          1
       149         26          0          1
       150        325          0          1
       151        234          0          1
       152        135          1          1
       153        219          0          1
       154        372          0          1
       155        133          0          1
       156         49          0          1
       157        115          0          1
       158        283          0          1
       159        360          0          1
       160         11          1          1
       161         48          0          1
       162        104          1          1
       163        367          0          1
       164         71          0          1
       165         40          0          1
       166        286          0          1
       167        110          0          1
       168        163          0          1
       169        347          0          1
       170         15          0          1
       171        348          1          1
       172         14          0          1
       173        266          0          1
       174         83          0          1
       175         70          0          1
       176        108          1          1
       177        303          0          1
       178         59          0          1
       179        323          1          1
       180         61          0          1
       181         28          0          1
       182        328          0          1
       183        166          0          1
       184        186          0          1
       185        177          0          1
       186        167          0          1
       187         98          0          1
       188        309          0          1
       189        218          0          1
       190         95          0          1
       191        344          0          1
       192        238          0          1
       193        126          0          1
       194        171          0          1
       195        246          0          1
       196         64          0          1
       197        297          0          1
       198         51          0          1
       199        117          0          1
       200        329          1          1
       201        185          0          1
       202        305          0          1
       203        269          0          1
       204         12          0          1
       205         96          1          1
       206        322          0          1
       207        212          0          1
       208        391          0          1
       209         36          0          1
       210        395          0          1
       211        193          0          1
       212        130          0          1
       213         62          0          1
       214        129          0          1
       215        147          0          1
       216        112          0          1
       217         99          0          1
       218        314          0          1
       219        307          0          1
       220         31          0          1
       221        225          0          1
       222        326          0          1
       223         42          1          1
       224        164          0          1
       225         52          0          1
       226        313          0          1
       227        191          0          1
       228        241          0          1
       229        260          0          1
       230        310          0          1
       231        385          0          1
       232         89          1          1
       233        272          0          1
       234         44          0          1
       235        221          0          1
       236        377          0          1
       237         97          0          1
       238        226          0          1
       239          7          0          1
       240        366          0          1
       241        345          0          1
       242        183          0          1
       243        274          0          1
       244        341          1          1
       245        179          0          1
       246        100          0          1
       247         47          0          1
       248        279          0          1
       249        267          0          1
       250        295          0          1
       251        280          0          1
       252        140          0          1
       253        277          0          1
       254        371          0          1
       255        170          0          1
       256         63          1          1
       257         16          0          1
       258        243          1          1
       259        327          0          1
       260         22          0          1
       261        202          1          1
       262         94          0          1
       263        103          0          1
       264        245          0          1
       265         88          1          1
       266        400          0          1
       267        350          0          1
       268        210          0          1
       269         58          0          1
       270        335          0          1
       271        265          0          1
       272        373          0          1
       273        282          0          1
       274         18          0          1
       275        392          0          1
       276         56          0          1
       277        216          0          1
       278         35          0          1
       279        320          0          1
       280        384          0          1
       281         25          0          1
       282        198          0          1
       283        236          0          1
       284         55          1          1
       285        379          0          1
       286         54          0          1
       287        376          0          1
       288        161          1          1
       289        125          0          1
       290        145          0          1
       291          6          0          1
       292        107          1          1
       293        396          0          1
       294        354          0          1
       295          1          1          1
       296        388          0          1
       297         33          1          1
       298        340          0          1
       299        235          0          1
       300        333          0          1
       301         87          0          1
       302         86          0          1
       303        300          1          1
       304        398          0          1
       305         30          0          1
       306        308          1          1
       307        264          0          1
       308         66          0          1
       309        383          0          1
       310         82          0          1
       311        169          0          1
       312          5          0          1
       313         81          0          1
       314        369          1          1
       315        178          0          1
       316        268          0          1
       317        232          0          1
       318        240          0          1
       319        184          0          1
       320        342          0          1
       321        250          0          1
       322        156          0          1
       323        356          0          1
       324        168          1          1
       325        199          0          1
       326        270          0          1
       327        273          0          1
       328        165          0          1
       329        386          0          1
       330        290          1          1
       331         23          0          1
       332         38          0          1
       333        223          0          1
       334        378          0          1
       335        284          0          1
       336        256          0          1
       337        330          0          1
       338        231          0          1
       339        201          0          1
       340        152          0          1
       341        291          0          1
       342        253          0          1
       343        217          0          1
       344        351          0          1
       345        257          0          1
       346        120          0          1
       347        318          0          1
       348        176          0          1
       349        362          0          1
       350        180          0          1
       351         53          0          1
       352        299          0          1
       353        182          0          1
       354        251          0          1
       355        127          0          1
       356         19          1          1
       357         76          0          1
       358        258          0          1
       359        146          0          1
       360        124          0          1
       361         20          0          1
       362        214          0          1
       363        116          0          1
       364        197          0          1
       365         27          0          1
       366        293          0          1
       367        332          1          1
       368        357          0          1
       369        155          0          1
       370        121          0          1
       371         17          0          1
       372         74          0          1
       373         80          1          1
       374        363          0          1
       375        319          0          1
       376        131          0          1
       377          9          0          1
       378         57          0          1
       379        150          1          1
       380        390          0          1
       381        263          0          1
       382        321          0          1
       383        252          0          1
       384        304          0          1
       385        248          0          1
       386         68          0          1
       387        102          0          1
       388        394          0          1
       389        175          0          1
       390        105          0          1
       391        209          0          1
       392         10          1          1
       393        359          0          1
       394        244          0          1
       395        196          0          1
       396        106          0          1
       397        204          0          1
       398         85          0          1
       399        289          0          1
       400        316          0          1
                1451
configuration                   13                60000         3.9085988523337112E+00         2.9800000000000000E+02         1.3877787807814457E-17
         1        395          0          1
         2        107          0          1
         3        152          0          1
         4          9          0          1
         5        144          0          1
         6        384          0          1
         7        181          0          1
         8         67          0          1
         9        378          0          1
        10        397          0          1
        11         60          0          1
        12          8          0          1
        13        332          1          1
        14        189          0          1
        15        394          0          1
        16        352          1          1
        17        308          0          1
        18         73          0          1
        19        235          0          1
        20        297          0          1
        21        183          0          1
        22        104          0          1
        23         34          1          1
        24         81          0          1
        25         78          1          1
        26        245          0          1
        27          4          0          1
        28         53          0          1
        29        348          0          1
        30        278          0          1
        31          2          0          1
        32        113          0          1
        33        334          0          1
        34        218          0          1
        35        263          0          1
        36        171          0          1
        37        250          0          1
        38        194          0          1
        39         17          1          1
        40        382          0          1
        41         75          0          1
        42         21          0          1
        43        314          0          1
        44        344          0          1
        45         77          0          1
        46         57          0          1
        47        333          0          1
        48        295          0          1
        49         46          0          1
        50         98          0          1
        51        247          0          1
        52        345          0          1
        53        100          0          1
        54         64          0          1
        55        285          1          1
        56        300          0          1
        57         85          0          1
        58        241          0          1
        59        225          0          1
        60         14          0          1
        61        110          0          1
        62        148          0          1
        63        360          0          1
        64         27          0          1
        65        120          0          1
        66        223          1          1
        67        109          0          1
        68         86          0          1
        69         94          0          1
        70        131          0          1
        71        160          0          1
        72        243          0          1
        73         69          0          1
        74        271          0          1
        75        158          0          1
        76        346          1          1
        77        202          0          1
        78        296          0          1
        79        255          0          1
        80        351          0          1
        81         80          0          1
        82        192          1          1
        83        191          0          1
        84        270          0          1
        85        317          0          1
        86        246          0          1
        87        157          0          1
        88         52          0          1
        89         50          0          1
        90        138          0          1
        91        147          0          1
        92        124          0          1
        93        311          0          1
        94         23          0          1
        95        180          0          1
        96        210          0          1
        97        146          0          1
        98        172          0          1
        99        253          1          1
       100        338          0          1
       101         35          0          1
       102         87          0          1
       103        216          0          1
       104        168          0          1
       105        176          0          1
       106         44          1          1
       107         29          0          1
       108         82          0          1
       109        298          0          1
       110        293          0          1
       111        213          0          1
       112        267          0          1
       113        387          0          1
       114         76          0          1
       115        224          0          1
       116        256          0          1
       117        330          0          1
       118        101          0          1
       119         93          0          1
       120         25          1          1
       121         30          0          1
       122        388          0          1
       123         19          0          1
       124         92          0          1
       125        130          0          1
       126        244          0          1
       127        313          1          1
       128        321          0          1
       129        281          0          1
       130        208          0          1
       131        336          0          1
       132        359          0          1
       133        356          0          1
       134        105          1          1
       135        369          0          1
       136        288          0          1
       137        339          0          1
       138         59          0          1
       139          3          0          1
       140        226          0          1
       141        383          1          1
       142         79          0          1
       143         15          0          1
       144        222          1          1
       145        184          0          1
       146         88          0          1
       147        251          0          1
       148        358          0          1
       149        135          0          1
       150        116          0          1
       151        380          0          1
       152        238          0          1
       153        307          0          1
       154        368          0          1
       155         54          0          1
       156        236          0          1
       157        292          0          1
       158        302          0          1
       159        391          0          1
       160        301          0          1
       161         37          0          1
       162        232          0          1
       163        118          0          1
       164        129          0          1
       165        102          0          1
       166        398          0          1
       167         10          0          1
       168        266          0          1
       169         63          0          1
       170        357          0          1
       171        286          0          1
       172         96          0          1
       173         84          0          1
       174         49          0          1
       175        166          1          1
       176        115          0          1
       177        177          1          1
       178        151          0          1
       179        139          0          1
       180         97          0          1
       181        304          0          1
       182        371          1          1
       183        350          0          1
       184        367          0          1
       185        201          0          1
       186        327          0          1
       187        374          0          1
       188        305          0          1
       189        205          0          1
       190        331          0          1
       191        316          0          1
       192        257          0          1
       193        145          0          1
       194        299          0          1
       195        122          0          1
       196         22          0          1
       197        162          0          1
       198         83          0          1
       199        141          0          1
       200          7          0          1
       201        212          0          1
       202        128          0          1
       203        221          0          1
       204        215          0          1
       205         41          0          1
       206         99          0          1
       207        275          0          1
       208        392          1          1
       209         62          0          1
       210        153          1          1
       211         36          0          1
       212        309          0          1
       213         20          0          1
       214        254          0          1
       215        265          0          1
       216        269          0          1
       217         43          0          1
       218        312          0          1
       219        125          0          1
       220        106          0          1
       221        186          0          1
       222         32          0          1
       223        337          1          1
       224        203          0          1
       225        347          0          1
       226        377          0          1
       227        165          0          1
       228        173          0          1
       229        114          0          1
       230        260          0          1
       231        211          0          1
       232         13          0          1
       233        354          1          1
       234        353          0          1
       235         95          0          1
       236        273          0          1
       237         47          0          1
       238         11          0          1
       239         45          0          1
       240        164          0          1
       241        204          0          1
       242        324          0          1
       243        303          0          1
       244        127          1          1
       245        393          0          1
       246        214          0          1
       247        326          0          1
       248        170          1          1
       249        230          0          1
       250        320          0          1
       251        258          0          1
       252        197          0          1
       253        289          0          1
       254        349          0          1
       255        119          0          1
       256         31          0          1
       257         51          0          1
       258        342          1          1
       259        248          0          1
       260         61          0          1
       261         42          0          1
       262        315          0          1
       263        111          0          1
       264        190          0          1
       265        239          0          1
       266        389          1          1
       267        375          0          1
       268         38          0          1
       269        220          0          1
       270        365          0          1
       271        195          0          1
       272        112          0          1
       273        287          0          1
       274        294          0          1
       275        199          0          1
       276        179          0          1
       277        174          0          1
       278        167          0          1
       279         39          0          1
       280        178          0          1
       281        363          1          1
       282        355          0          1
       283        335          0          1
       284        310          0          1
       285        340          0          1
       286        280          0          1
       287        159          0          1
       288        282          1          1
       289        133          0          1
       290        161          0          1
       291        142          0          1
       292        329          0          1
       293        229          0          1
       294        252          0          1
       295        343          0          1
       296        372          1          1
       297         55          0          1
       298        322          0          1
       299        163          0          1
       300        136          0          1
       301        175          0          1
       302         28          0          1
       303         70          0          1
       304        234          0          1
       305          5          0          1
       306         24          0          1
       307        233          0          1
       308        370          0          1
       309         74          0          1
       310        306          0          1
       311        323          0          1
       312        185          0          1
       313        123          0          1
       314        381          1          1
       315        341          0          1
       316        188          0          1
       317         68          0          1
       318        196          0          1
       319        400          0          1
       320        132          0          1
       321        140          0          1
       322        207          0          1
       323         58          0          1
       324        187          0          1
       325        228          1          1
       326        262          0          1
       327        276          0          1
       328        143          0          1
       329        376          0          1
       330         89          1          1
       331        137          0          1
       332        154          0          1
       333        291          0          1
       334        209          0          1
       335        126          1          1
       336        268          0          1
       337        156          0          1
       338         33          0          1
       339        150          0          1
       340        198          0          1
       341        249          0          1
       342        279          0          1
       343        396          0          1
       344        373          0          1
       345        231          0          1
       346         91          0          1
       347        240          0          1
       348        242          0          1
       349        277          0          1
       350        227          0          1
       351         16          0          1
       352        283          0          1
       353         71          0          1
       354         66          0          1
       355        200          0          1
       356        169          0          1
       357        399          0          1
       358         12          0          1
       359        193          0          1
       360         18          0          1
       361        390          1          1
       362        386          0          1
       363        108          0          1
       364         26          0          1
       365        325          0          1
       366        219          0          1
       367        134          0          1
       368         72          0          1
       369        274          0          1
       370          6          0          1
       371        272          0          1
       372        217          0          1
       373        264          0          1
       374         40          1          1
       375        261          0          1
       376        121          0          1
       377        182          0          1
       378         65          0          1
       379        361          0          1
       380        206          0          1
       381        284          0          1
       382        362          0          1
       383        366          0          1
       384         56          0          1
       385        117          0          1
       386        385          0          1
       387        237          0          1
       388        328          0          1
       389        379          0          1
       390        259          1          1
       391        155          0          1
       392        364          0          1
       393        103          0          1
       394        319          0          1
       395        290          0          1
       396         90          0          1
       397         48          0          1
       398        318          1          1
       399        149          0          1
       400          1          0          1
                1580
configuration                   14                65000         4.2346553963684741E+00         2.9800000000000000E+02         1.3877787807814457E-17
         1        150          0          1
         2         35          0          1
         3        137          0          1
         4         95          0          1
         5        117          0          1
         6        190          0          1
         7        268          0          1
         8         26          0          1
         9        202          0          1
        10         28          0          1
        11        263          0          1
        12        163          0          1
        13        197          0          1
        14        293          0          1
        15        286          0          1
        16        332          0          1
        17        113          0          1
        18        336          0          1
        19        218          1          1
        20        230          0          1
        21         12          0          1
        22        103          1          1
        23         71          0          1
        24        126          0          1
        25        237          0          1
        26        323          0          1
        27        355          0          1
        28        203          0          1
        29         85          0          1
        30          6          0          1
        31        391          0          1
        32         66          0          1
        33        185          0          1
        34         73          0          1
        35        305          0          1
        36        359          0          1
        37        313          0          1
        38        241          0          1
        39         83          0          1
        40        282          0          1
        41        292          0          1
        42        382          0          1
        43        387          0          1
        44        226          0          1
        45        347          0          1
        46        352          0          1
        47        180          0          1
        48        354          0          1
        49         18          0          1
        50         98          0          1
        51        339          0          1
        52         46          0          1
        53          8          0          1
        54        235          0          1
        55        143          0          1
        56        325          0          1
        57         90          0          1
        58        370          0          1
        59        195          0          1
        60        346          0          1
        61         19          0          1
        62        211          0          1
        63        287          0          1
        64        213          0          1
        65        385          0          1
        66        111          0          1
        67        256          0          1
        68        221          0          1
        69        178          0          1
        70        219          0          1
        71        187          0          1
        72         75          1          1
        73        147          0          1
        74        366          1          1
        75        140          0          1
        76        192          1          1
        77        322          0          1
        78        177          0          1
        79        368          0          1
        80        306          0          1
        81        141          0          1
        82        128          0          1
        83        303          0          1
        84        194          0          1
        85        139          1          1
        86        308          0          1
        87         74          0          1
        88        273          0          1
        89         79          0          1
        90        148          0          1
        91        161          1          1
        92        302          0          1
        93         64          0          1
        94        132          0          1
        95        174          0          1
        96        189          0          1
        97        206          0          1
        98        367          0          1
        99        275          0          1
       100         94          0          1
       101         56          0          1
       102        341          0          1
       103         51          0          1
       104         43          0          1
       105        112          0          1
       106        376          0          1
       107        363          0          1
       108        223          1          1
       109          9          0          1
       110        329          1          1
       111        318          0          1
       112        136          0          1
       113        314          1          1
       114        394          0          1
       115         78          0          1
       116        200          1          1
       117        181          0          1
       118         30          0          1
       119        262          0          1
       120        159          0          1
       121        215          0          1
       122        342          0          1
       123         17          0          1
       124         92          0          1
       125        327          0          1
       126          5          0          1
       127        145          0          1
       128        115          0          1
       129         70          0          1
       130        392          0          1
       131        246          0          1
       132         48          0          1
       133        120          0          1
       134        328          0          1
       135         61          0          1
       136        238          0          1
       137        205          0          1
       138        242          0          1
       139        270          0          1
       140        253          0          1
       141        225          1          1
       142         47          0          1
       143        167          0          1
       144        138          0          1
       145        350          0          1
       146        134          0          1
       147         68          0          1
       148        361          0          1
       149          3          1          1
       150        176          0          1
       151        227          0          1
       152        398          0          1
       153        351          0          1
       154         25          0          1
       155        175          0          1
       156        400          1          1
       157        362          0          1
       158        333          0          1
       159        214          1          1
       160         36          0          1
       161        204          0          1
       162        369          0          1
       163        377          0          1
       164        365          1          1
       165        248          0          1
       166        247          1          1
       167         49          0          1
       168        156          0          1
       169        334          0          1
       170        353          0          1
       171        312          1          1
       172        291          0          1
       173        201          0          1
       174        168          0          1
       175        395          0          1
       176        337          0          1
       177        208          0          1
       178        379          0          1
       179         14          0          1
       180        356          0          1
       181        304          0          1
       182        158          0          1
       183        357          0          1
       184         88          0          1
       185        191          0          1
       186        311          0          1
       187        106          0          1
       188        169          0          1
       189         45          1          1
       190        186          0          1
       191         34          0          1
       192        320          0          1
       193        345          0          1
       194        249          0          1
       195        131          0          1
       196        228          0          1
       197        375          0          1
       198        240          0          1
       199        373          0          1
       200          2          0          1
       201        299          0          1
       202        105          0          1
       203        157          0          1
       204        154          0          1
       205        149          0          1
       206        222          0          1
       207         39          0          1
       208        173          0          1
       209        259          0          1
       210        388          0          1
       211        279          0          1
       212        284          0          1
       213        257          0          1
       214         20          0          1
       215        160          0          1
       216         76          0          1
       217         65          0          1
       218         55          0          1
       219         11          0          1
       220        335          0          1
       221         87          0          1
       222        324          0          1
       223        269          0          1
       224        280          1          1
       225        123          0          1
       226        264          0          1
       227        196          0          1
       228        127          0          1
       229        124          0          1
       230         72          0          1
       231        390          0          1
       232          4          1          1
       233        271          0          1
       234         96          1          1
       235        315          0          1
       236         15          0          1
       237        344          0          1
       238        155          0          1
       239        301          0          1
       240         67          0          1
       241        101          0          1
       242        326          0          1
       243        389          0          1
       244        110          0          1
       245        107          0          1
       246         31          0          1
       247        343          1          1
       248         81          0          1
       249        151          0          1
       250         38          0          1
       251        217          0          1
       252        340          0          1
       253        171          0          1
       254        276          0          1
       255        309          1          1
       256        255          0          1
       257        300          0          1
       258        261          0          1
       259        234          0          1
       260        266          1          1
       261        146          0          1
       262         52          0          1
       263        338          0          1
       264        330          0          1
       265         63          1          1
       266        258          0          1
       267         21          0          1
       268        188          0          1
       269         42          0          1
       270         10          0          1
       271         99          0          1
       272        144          0          1
       273        133          0          1
       274        135          0          1
       275         60          0          1
       276        285          0          1
       277        210          0          1
       278        142          0          1
       279        374          0          1
       280        310          0          1
       281        108          0          1
       282         24          0          1
       283        216          0          1
       284        100          0          1
       285         58          0          1
       286        319          0          1
       287        296          0          1
       288        307          0          1
       289        220          0          1
       290        251          0          1
       291        119          0          1
       292        212          0          1
       293        288          0          1
       294         77          0          1
       295        348          0          1
       296        393          1          1
       297        397          0          1
       298        360          0          1
       299        118          0          1
       300        182          0          1
       301         86          0          1
       302         91          0          1
       303         57          0          1
       304          7          0          1
       305        358          0          1
       306         97          1          1
       307         80          0          1
       308        183          0          1
       309         13          0          1
       310        383          0          1
       311        317          0          1
       312         23          1          1
       313         82          0          1
       314        396          0          1
       315         27          0          1
       316         33          0          1
       317        130          0          1
       318        114          0          1
       319        372          0          1
       320        207          0          1
       321        294          0          1
       322        281          0          1
       323        252          0          1
       324        170          0          1
       325        116          0          1
       326        381          0          1
       327        378          0          1
       328        232          0          1
       329         53          0          1
       330        274          0          1
       331        102          0          1
       332        260          0          1
       333        198          0          1
       334        162          0          1
       335         59          0          1
       336        229          0          1
       337        371          0          1
       338         69          0          1
       339        164          0          1
       340        283          0          1
       341         84          0          1
       342        153          0          1
       343        364          0          1
       344        122          0          1
       345         41          0          1
       346        233          0          1
       347         89          0          1
       348         22          0          1
       349        239          0          1
       350         54          0          1
       351        386          0          1
       352        384          0          1
       353        277          0          1
       354         16          0          1
       355        243          0          1
       356        272          0          1
       357        245          0          1
       358         37          0          1
       359        321          0          1
       360        152          0          1
       361        179          0          1
       362        290          0          1
       363        331          0          1
       364        165          0          1
       365        224          0          1
       366        193          0          1
       367         40          0          1
       368        125          1          1
       369        236          0          1
       370        121          1          1
       371          1          0          1
       372        399          0          1
       373         29          0          1
       374        199          0          1
       375         62          0          1
       376        295          0          1
       377        209          0          1
       378        278          0          1
       379        172          0          1
       380         44          0          1
       381        104          1          1
       382        250          0          1
       383         93          0          1
       384        231          0          1
       385        267          0          1
       386         50          1          1
       387        289          0          1
       388        129          0          1
       389        316          0          1
       390        109          0          1
       391        380          1          1
       392        349          0          1
       393        298          0          1
       394        297          0          1
       395        166          0          1
       396        184          0          1
       397        254          0          1
       398        244          0          1
       399        265          0          1
       400         32          0          1
                1710
configuration                   15                70000         4.5635989099223631E+00         2.9800000000000000E+02         1.3877787807814457E-17
         1        125          0          1
         2         57          0          1
         3        300          0          1
         4        373          0          1
         5        224          0          1
         6        332          0          1
         7        268          1          1
         8        161          0          1
         9        377          0          1
        10        187          0          1
        11        267          0          1
        12        276          0          1
        13         91          1          1
        14        313          0          1
        15        114          0          1
        16        103          0          1
        17        301          0          1
        18        297          0          1
        19        250          0          1
        20         43          0          1
        21         25          0          1
        22        298          0          1
        23        150          1          1
        24        316          0          1
        25         48          0          1
        26        249          1          1
        27        262          0          1
        28        351          0          1
        29         17          0          1
        30        214          1          1
        31        256          0          1
        32        302          0          1
        33        234          0          1
        34         61          0          1
        35        284          0          1
        36        108          0          1
        37        275          0          1
        38        151          0          1
        39        213          0          1
        40        254          0          1
        41        207          0          1
        42        105          1          1
        43        166          0          1
        44        355          1          1
        45        211          0          1
        46        109          0          1
        47         20          0          1
        48         87          0          1
        49         75          0          1
        50        228          0          1
        51        325          0          1
        52        121          0          1
        53        206          0          1
        54        122          0          1
        55        192          0          1
        56        155          1          1
        57         23          0          1
        58        399          0          1
        59        170          0          1
        60        261          0          1
        61        400          1          1
        62        376          0          1
        63        263          0          1
        64        124          0          1
        65        181          1          1
        66        390          0          1
        67         21          0          1
        68        393          0          1
        69        227          1          1
        70        338          0          1
        71        381          0          1
        72        255          0          1
        73        139          0          1
        74        270          0          1
        75        372          0          1
        76         33          0          1
        77        364          0          1
        78        219          0          1
        79         79          0          1
        80          3          0          1
        81        198          0          1
        82        178          0          1
        83        184          0          1
        84        168          1          1
        85        295          0          1
        86         18          0          1
        87        138          1          1
        88        100          0          1
        89        242          0          1
        90        147          0          1
        91        128          0          1
        92         88          0          1
        93         82          0          1
        94         56          0          1
        95        117          0          1
        96         66          0          1
        97        154          0          1
        98        307          0          1
        99         36          0          1
       100         52          0          1
       101        290          0          1
       102         50          0          1
       103        216          0          1
       104        293          0          1
       105        252          1          1
       106         46          0          1
       107        350          0          1
       108         19          0          1
       109        331          0          1
       110        186          0          1
       111        102          0          1
       112        341          0          1
       113        277          1          1
       114        204          0          1
       115        253          1          1
       116        384          0          1
       117        195          0          1
       118         14          0          1
       119         47          0          1
       120        353          0          1
       121         98          0          1
       122         13          0          1
       123        202          0          1
       124        398          0          1
       125        205          0          1
       126        115          0          1
       127        257          1          1
       128         67          0          1
       129         70          0          1
       130        231          0          1
       131        164          0          1
       132        266          0          1
       133         59          0          1
       134         40          0          1
       135        111          0          1
       136        283          1          1
       137        361          0          1
       138        366          0          1
       139         34          0          1
       140        180          0          1
       141        287          0          1
       142        106          0          1
       143        378          0          1
       144        156          0          1
       145         73          0          1
       146         63          0          1
       147         41          0          1
       148        281          0          1
       149        299          0          1
       150        232          0          1
       151        140          0          1
       152        311          0          1
       153        137          0          1
       154        326          0          1
       155          7          0          1
       156        392          0          1
       157        159          0          1
       158        291          0          1
       159        335          1          1
       160         99          0          1
       161        163          0          1
       162        132          0          1
       163        329          0          1
       164        314          0          1
       165         32          0          1
       166        333          0          1
       167        141          0          1
       168        369          0          1
       169        296          0          1
       170        320          0          1
       171        379          0          1
       172        210          0          1
       173        395          0          1
       174         81          0          1
       175        244          0          1
       176        143          0          1
       177        101          0          1
       178         86          0          1
       179        272          0          1
       180         62          0          1
       181        365          0          1
       182        174          0          1
       183         15          0          1
       184        233          0          1
       185        153          0          1
       186        123          0          1
       187        306          0          1
       188        177          0          1
       189        352          1          1
       190        112          0          1
       191         44          0          1
       192        394          0          1
       193         54          1          1
       194        158          0          1
       195        209          0          1
       196        130          0          1
       197        380          0          1
       198         38          0          1
       199        157          0          1
       200        120          1          1
       201        189          1          1
       202        368          0          1
       203        322          0          1
       204        363          1          1
       205        245          0          1
       206         53          0          1
       207        308          0          1
       208        188          1          1
       209        385          0          1
       210        292          0          1
       211        237          0          1
       212         24          0          1
       213        310          0          1
       214        173          0          1
       215         11          0          1
       216        258          0          1
       217        191          1          1
       218          8          0          1
       219        203          0          1
       220         26          0          1
       221          6          0          1
       222        370          0          1
       223         72          0          1
       224          2          0          1
       225         60          0          1
       226        152          0          1
       227        356          0          1
       228        396          0          1
       229         65          0          1
       230        248          0          1
       231        397          0          1
       232        260          0          1
       233          4          1          1
       234        131          0          1
       235        318          0          1
       236         71          0          1
       237        144          0          1
       238        303          0          1
       239        375          0          1
       240        118          0          1
       241        294          0          1
       242        176          0          1
       243         12          0          1
       244        324          0          1
       245        330          0          1
       246        167          0          1
       247         94          0          1
       248        119          0          1
       249        199          1          1
       250        146          0          1
       251         45          0          1
       252        113          0          1
       253        229          0          1
       254        389          0          1
       255        362          0          1
       256        337          0          1
       257        217          0          1
       258        196          0          1
       259        309          0          1
       260        169          0          1
       261        110          0          1
       262        342          0          1
       263         10          0          1
       264        354          0          1
       265        328          0          1
       266        116          0          1
       267        148          0          1
       268        323          0          1
       269        126          0          1
       270        172          0          1
       271          9          0          1
       272        359          0          1
       273          1          0          1
       274        285          0          1
       275        104          0          1
       276        162          0          1
       277        239          0          1
       278        289          0          1
       279        334          0          1
       280         76          0          1
       281        336          0          1
       282         74          0          1
       283        340          0          1
       284        391          0          1
       285        241          1          1
       286        367          0          1
       287         27          0          1
       288        165          0          1
       289        319          0          1
       290        317          0          1
       291         92          0          1
       292        259          0          1
       293        273          0          1
       294        225          1          1
       295        346          0          1
       296        200          0          1
       297         78          0          1
       298        133          1          1
       299        321          0          1
       300        179          1          1
       301         68          0          1
       302        135          0          1
       303        347          0          1
       304         28          0          1
       305         83          0          1
       306         80          0          1
       307         93          0          1
       308        278          0          1
       309        183          0          1
       310        212          0          1
       311         85          0          1
       312          5          0          1
       313        280          0          1
       314         95          0          1
       315        343          0          1
       316         69          0          1
       317        339          1          1
       318        220          0          1
       319         30          0          1
       320         42          0          1
       321        142          0          1
       322        240          0          1
       323        201          0          1
       324        226          0          1
       325        305          0          1
       326         89          0          1
       327        175          0          1
       328         55          1          1
       329        349          0          1
       330         29          1          1
       331        251          0          1
       332        345          0          1
       333        358          0          1
       334         97          0          1
       335        247          0          1
       336        185          0          1
       337        269          0          1
       338        136          0          1
       339        171          0          1
       340        315          0          1
       341        312          0          1
       342         96          0          1
       343        357          0          1
       344        382          0          1
       345        304          0          1
       346        271          0          1
       347        208          0          1
       348        193          0          1
       349        327          0          1
       350        360          0          1
       351        386          0          1
       352        215          0          1
       353        274          0          1
       354         22          0          1
       355         39          0          1
       356         77          0          1
       357        264          0          1
       358         90          0          1
       359        243          1          1
       360         51          0          1
       361        383          0          1
       362        246          0          1
       363        371          0          1
       364        127          0          1
       365        194          0          1
       366        218          0          1
       367        230          0          1
       368         31          0          1
       369        190          0          1
       370        282          0          1
       371         64          0          1
       372        145          0          1
       373        236          1          1
       374        388          0          1
       375        221          0          1
       376        197          0          1
       377         58          0          1
       378        222          0          1
       379        387          0          1
       380        265          0          1
       381        344          0          1
       382        134          0          1
       383        182          0          1
       384        149          0          1
       385         16          0          1
       386        374          0          1
       387        286          0          1
       388         84          0          1
       389        348          0          1
       390        107          0          1
       391        238          1          1
       392        279          0          1
       393        223          0          1
       394        288          1          1
       395         35          0          1
       396        160          0          1
       397         49          0          1
       398        235          1          1
       399         37          0          1
       400        129          0          1
                1865
configuration                   16                75000         4.8995964330012178E+00         2.9800000000000000E+02         1.3877787807814457E-17
         1        125          1          1
         2        116          0          1
         3         81          0          1
         4        101          0          1
         5        341          0          1
         6        146          0          1
         7        334          0          1
         8        356          0          1
         9        129          0          1
        10        236          0          1
        11        387          0          1
        12        294          0          1
        13        348          0          1
        14         82          0          1
        15         84          1          1
        16        110          0          1
        17        376          0          1
        18        271          0          1
        19        263          0          1
        20         20          0          1
        21        300          0          1
        22         12          1          1
        23        120          0          1
        24        118          0          1
        25         87          0          1
        26        280          1          1
        27         42          0          1
        28        240          0          1
        29        151          0          1
        30        148          0          1
        31        314          0          1
        32        245          0          1
        33        200          0          1
        34        359          0          1
        35        166          0          1
        36        231          0          1
        37        119          0          1
        38        302          0          1
        39        354          0          1
        40        112          1          1
        41        393          0          1
        42        338          0          1
        43        259          1          1
        44        174          0          1
        45        391          1          1
        46        160          0          1
        47        243          0          1
        48        337          0          1
        49         52          0          1
        50        360          1          1
        51        258          0          1
        52          5          0          1
        53        207          0          1
        54        225          1          1
        55         33          0          1
        56        144          0          1
        57        189          0          1
        58        135          0          1
        59        252          0          1
        60        221          0          1
        61        137          0          1
        62        261          0          1
        63        170          0          1
        64        307          0          1
        65         10          0          1
        66        241          0          1
        67         54          0          1
        68         96          1          1
        69        222          0          1
        70        288          0          1
        71        400          1          1
        72        123          0          1
        73        168          0          1
        74        284          0          1
        75        217          0          1
        76        350          0          1
        77         83          0          1
        78        153          0          1
        79        285          0          1
        80        281          0          1
        81        238          0          1
        82        205          0          1
        83        108          0          1
        84        296          0          1
        85         16          0          1
        86          7          0          1
        87        299          0          1
        88        149          0          1
        89        353          0          1
        90        115          0          1
        91         37          0          1
        92        130          0          1
        93        156          0          1
        94        394          0          1
        95        182          0          1
        96        199          0          1
        97         29          0          1
        98          9          0          1
        99        178          0          1
       100         19          0          1
       101        357          0          1
       102        320          0          1
       103        107          0          1
       104        202          0          1
       105        203          0          1
       106         22          0          1
       107         38          0          1
       108         39          0          1
       109        351          0          1
       110        212          0          1
       111        264          0          1
       112        292          0          1
       113        318          0          1
       114        254          0          1
       115        332          0          1
       116          6          0          1
       117        216          0          1
       118         36          0          1
       119        237          0          1
       120        193          0          1
       121         45          0          1
       122        127          0          1
       123        215          0          1
       124         17          0          1
       125        273          0          1
       126        272          0          1
       127        122          0          1
       128        104          0          1
       129        368          0          1
       130        234          0          1
       131         90          0          1
       132        185          0          1
       133        244          0          1
       134        155          0          1
       135         35          0          1
       136         95          0          1
       137         51          0          1
       138         64          0          1
       139        383          0          1
       140         77          0          1
       141         60          0          1
       142        325          0          1
       143        209          0          1
       144        352          0          1
       145        230          0          1
       146         75          1          1
       147        375          0          1
       148        164          0          1
       149        301          0          1
       150        102          0          1
       151        399          0          1
       152         94          0          1
       153        370          0          1
       154        358          0          1
       155        218          0          1
       156        333          0          1
       157        173          0          1
       158        249          0          1
       159        140          0          1
       160         55          0          1
       161        346          0          1
       162         23          0          1
       163        228          0          1
       164        114          0          1
       165        324          0          1
       166        390          0          1
       167        134          0          1
       168        191          0          1
       169        395          0          1
       170        227          0          1
       171        311          0          1
       172        316          0          1
       173        169          0          1
       174        145          0          1
       175        363          0          1
       176        365          0          1
       177        187          0          1
       178         44          0          1
       179        349          0          1
       180        195          0          1
       181        210          0          1
       182        186          0          1
       183        247          0          1
       184         67          0          1
       185        204          0          1
       186        277          0          1
       187        293          1          1
       188        270          0          1
       189        175          1          1
       190        312          0          1
       191        257          0          1
       192        305          0          1
       193        255          0          1
       194        382          0          1
       195        158          1          1
       196        152          0          1
       197        278          0          1
       198        251          0          1
       199         62          0          1
       200        328          0          1
       201         53          0          1
       202         71          0          1
       203        291          1          1
       204         74          0          1
       205         73          0          1
       206        219          0          1
       207        355          0          1
       208        295          0          1
       209        171          0          1
       210         32          1          1
       211        242          0          1
       212        380          0          1
       213        223          0          1
       214        287          1          1
       215        117          0          1
       216        126          1          1
       217        372          0          1
       218        103          1          1
       219          4          0          1
       220        286          0          1
       221        246          0          1
       222        157          0          1
       223        206          0          1
       224        139          0          1
       225        165          1          1
       226         76          0          1
       227        275          0          1
       228        220          0          1
       229         26          0          1
       230         92          0          1
       231        322          1          1
       232        179          0          1
       233          1          0          1
       234         72          0          1
       235        290          0          1
       236        378          0          1
       237        297          0          1
       238        326          0          1
       239         65          0          1
       240        384          1          1
       241        374          0          1
       242        347          0          1
       243        184          0          1
       244        344          0          1
       245         78          0          1
       246          3          0          1
       247        267          0          1
       248         49          0          1
       249        289          0          1
       250        266          0          1
       251         25          0          1
       252        381          0          1
       253         50          0          1
       254         43          0          1
       255        128          0          1
       256         11          0          1
       257        306          0          1
       258        308          0          1
       259        150          0          1
       260         24          0          1
       261        329          0          1
       262        339          0          1
       263        279          0          1
       264        142          0          1
       265         88          0          1
       266        147          0          1
       267        309          0          1
       268        190          0          1
       269         48          0          1
       270         93          0          1
       271        198          0          1
       272         98          0          1
       273        194          0          1
       274         85          0          1
       275        197          0          1
       276        105          0          1
       277        226          0          1
       278        340          0          1
       279         58          0          1
       280         99          0          1
       281        362          1          1
       282        310          0          1
       283         66          1          1
       284        260          0          1
       285         40          0          1
       286         46          0          1
       287        373          0          1
       288         86          0          1
       289        235          0          1
       290         97          0          1
       291        367          0          1
       292        143          0          1
       293        388          0          1
       294        132          0          1
       295        274          0          1
       296        396          0          1
       297          8          0          1
       298        397          0          1
       299        176          1          1
       300        377          0          1
       301        233          0          1
       302        313          0          1
       303         63          0          1
       304        211          0          1
       305        201          0          1
       306        327          0          1
       307         30          0          1
       308         27          0          1
       309         18          0          1
       310        366          0          1
       311         61          0          1
       312        100          0          1
       313         56          0          1
       314        239          0          1
       315        315          0          1
       316         70          0          1
       317        335          0          1
       318         15          0          1
       319        269          0          1
       320        392          0          1
       321        371          0          1
       322        181          0          1
       323        248          0          1
       324        385          0          1
       325         31          0          1
       326         69          0          1
       327        268          0          1
       328        262          0          1
       329         59          0          1
       330        163          0          1
       331         34          0          1
       332        113          0          1
       333        136          1          1
       334        180          0          1
       335        369          0          1
       336          2          0          1
       337        133          1          1
       338        154          0          1
       339        343          0          1
       340        389          0          1
       341        283          0          1
       342        331          1          1
       343        192          0          1
       344        256          0          1
       345        265          0          1
       346         79          0          1
       347        232          0          1
       348        364          0          1
       349        250          0          1
       350        342          0          1
       351        124          0          1
       352        276          0          1
       353        172          0          1
       354        208          0          1
       355        398          0          1
       356        323          0          1
       357         47          0          1
       358        106          0          1
       359        167          0          1
       360        183          0          1
       361         80          0          1
       362         89          0          1
       363        177          0          1
       364        330          0          1
       365        213          0          1
       366         28          1          1
       367        321          0          1
       368        304          1          1
       369        161          0          1
       370        303          0          1
       371        138          0          1
       372         13          1          1
       373        109          0          1
       374        336          0          1
       375         14          0          1
       376        379          1          1
       377        121          0          1
       378         21          0          1
       379        229          0          1
       380        159          0          1
       381         57          0          1
       382        282          0          1
       383        188          0          1
       384        319          0          1
       385        317          0          1
       386        141          0          1
       387        131          0          1
       388        361          0          1
       389        214          0          1
       390        162          0          1
       391         91          0          1
       392        224          0          1
       393         68          0          1
       394        345          0          1
       395        196          0          1
       396        253          0          1
       397        111          0          1
       398         41          0          1
       399        298          1          1
       400        386          0          1
                1976
configuration                   17                80000         5.2296527910971164E+00         2.9800000000000000E+02         1.3877787807814457E-17
         1         45          0          1
         2         34          0          1
         3        260          0          1
         4        180          0          1
         5        262          0          1
         6         36          0          1
         7        137          0          1
         8        236          1          1
         9        328          0          1
        10        376          0          1
        11        286          0          1
        12        162          0          1
        13        313          0          1
        14        245          0          1
        15          6          0          1
        16         48          0          1
        17        243          0          1
        18        266          0          1
        19        203          0          1
        20        390          0          1
        21         25          1          1
        22        342          0          1
        23         57          0          1
        24        157          0          1
        25         56          0          1
        26        101          0          1
        27        160          0          1
        28        224          0          1
        29         37          0          1
        30        312          0          1
        31        317          0          1
        32        125          0          1
        33        161          0          1
        34        116          0          1
        35        213          0          1
        36        219          0          1
        37        132          0          1
        38         16          0          1
        39        234          0          1
        40        143          0          1
        41         87          0          1
        42        380          0          1
        43        306          0          1
        44        223          0          1
        45        392          0          1
        46        348          0          1
        47         53          0          1
        48        275          0          1
        49        276          0          1
        50        171          0          1
        51        249          0          1
        52        315          0          1
        53        118          0          1
        54         26          1          1
        55        199          0          1
        56        130          0          1
        57        141          0          1
        58        252          1          1
        59         38          0          1
        60        237          0          1
        61        153          1          1
        62        347          0          1
        63        233          0          1
        64        113          0          1
        65        208          0          1
        66        124          0          1
        67         95          0          1
        68        134          0          1
        69        191          0          1
        70        175          0          1
        71        211          0          1
        72         76          0          1
        73         50          0          1
        74         62          0          1
        75        256          0          1
        76        269          0          1
        77        290          0          1
        78        196          0          1
        79        336          0          1
        80        107          0          1
        81        285          0          1
        82        292          0          1
        83        289          0          1
        84        271          0          1
        85        176          0          1
        86        253          0          1
        87        327          0          1
        88          9          0          1
        89        265          1          1
        90        295          0          1
        91        142          0          1
        92        379          0          1
        93        370          0          1
        94        189          0          1
        95        373          0          1
        96         92          0          1
        97         88          0          1
        98        110          1          1
        99        372          0          1
       100        393          0          1
       101        231          0          1
       102        324          0          1
       103        363          0          1
       104        146          0          1
       105        184          0          1
       106        333          0          1
       107        114          0          1
       108         24          0          1
       109         81          0          1
       110        314          0          1
       111         42          0          1
       112        385          1          1
       113        264          0          1
       114        335          0          1
       115        229          0          1
       116         97          0          1
       117        228          0          1
       118        284          0          1
       119          1          0          1
       120         51          0          1
       121        181          0          1
       122        261          0          1
       123        140          0          1
       124        239          1          1
       125          3          0          1
       126        300          0          1
       127        214          0          1
       128        166          0          1
       129        179          0          1
       130         32          0          1
       131         39          0          1
       132        207          0          1
       133        377          0          1
       134         17          0          1
       135        345          0          1
       136        117          0          1
       137        121          0          1
       138        198          0          1
       139        338          0          1
       140        298          0          1
       141        248          0          1
       142        103          0          1
       143         20          1          1
       144        225          0          1
       145        297          0          1
       146        168          0          1
       147        395          1          1
       148        194          0          1
       149        232          0          1
       150        204          1          1
       151         12          0          1
       152        382          0          1
       153        381          0          1
       154        192          0          1
       155         75          0          1
       156        281          0          1
       157        122          0          1
       158         43          0          1
       159         29          0          1
       160        384          0          1
       161        151          0          1
       162        293          0          1
       163        375          0          1
       164         22          0          1
       165        220          0          1
       166        185          0          1
       167        218          0          1
       168        169          0          1
       169         31          0          1
       170        355          0          1
       171        148          0          1
       172          5          0          1
       173        226          0          1
       174        178          0          1
       175        309          0          1
       176         64          0          1
       177         78          0          1
       178        277          0          1
       179         94          0          1
       180        139          0          1
       181         23          0          1
       182         60          0          1
       183        353          0          1
       184        279          0          1
       185        197          0          1
       186        254          0          1
       187        183          0          1
       188        258          1          1
       189        329          0          1
       190         80          0          1
       191        186          0          1
       192         68          0          1
       193        268          0          1
       194        321          0          1
       195        318          0          1
       196        144          0          1
       197          7          0          1
       198        383          0          1
       199        391          1          1
       200        343          0          1
       201        251          0          1
       202        149          0          1
       203        374          0          1
       204        397          0          1
       205        346          0          1
       206        216          1          1
       207        326          0          1
       208        267          0          1
       209         19          1          1
       210         11          0          1
       211        291          0          1
       212        399          0          1
       213        193          0          1
       214        112          0          1
       215        215          0          1
       216        288          0          1
       217        371          0          1
       218        361          0          1
       219         35          0          1
       220        100          0          1
       221        303          0          1
       222        108          1          1
       223        173          0          1
       224        246          0          1
       225        341          0          1
       226         52          0          1
       227        357          0          1
       228        308          0          1
       229         90          0          1
       230         96          0          1
       231        235          1          1
       232        105          0          1
       233        187          0          1
       234        212          0          1
       235        172          0          1
       236          2          0          1
       237         66          0          1
       238        167          0          1
       239        136          1          1
       240        240          0          1
       241         99          0          1
       242         55          0          1
       243         89          0          1
       244        163          0          1
       245        147          1          1
       246        247          0          1
       247        102          0          1
       248        210          0          1
       249        120          0          1
       250         83          1          1
       251          8          0          1
       252        145          0          1
       253         46          0          1
       254         70          0          1
       255        250          0          1
       256        244          0          1
       257        190          0          1
       258        174          0          1
       259        200          0          1
       260        126          0          1
       261        296          1          1
       262        334          0          1
       263         65          0          1
       264         63          0          1
       265        307          0          1
       266         82          0          1
       267        255          0          1
       268        209          0          1
       269         44          0          1
       270         14          0          1
       271        241          0          1
       272         77          1          1
       273        164          0          1
       274        325          0          1
       275        202          0          1
       276         69          0          1
       277        127          0          1
       278        319          0          1
       279         30          0          1
       280        135          0          1
       281        206          0          1
       282        362          0          1
       283        273          0          1
       284        156          1          1
       285        155          0          1
       286         18          0          1
       287        131          0          1
       288        310          1          1
       289        104          0          1
       290         93          0          1
       291         10          0          1
       292        304          0          1
       293        340          0          1
       294         21          0          1
       295         72          0          1
       296        386          0          1
       297        165          0          1
       298        396          0          1
       299         40          0          1
       300        182          0          1
       301        330          0          1
       302        316          0          1
       303        270          0          1
       304        280          0          1
       305        350          0          1
       306        150          0          1
       307        369          0          1
       308        299          0          1
       309        259          0          1
       310         84          0          1
       311        133          0          1
       312        263          0          1
       313         74          0          1
       314         41          0          1
       315        322          0          1
       316        337          0          1
       317        274          1          1
       318        331          0          1
       319        201          0          1
       320        188          0          1
       321         49          0          1
       322        119          0          1
       323        128          0          1
       324        356          0          1
       325        352          1          1
       326          4          0          1
       327         71          1          1
       328        242          0          1
       329        205          0          1
       330        129          0          1
       331        287          0          1
       332        349          0          1
       333         33          0          1
       334        332          0          1
       335        351          0          1
       336        278          0          1
       337        159          0          1
       338        339          0          1
       339        364          0          1
       340        283          0          1
       341         58          0          1
       342        387          0          1
       343         47          0          1
       344        344          0          1
       345        354          0          1
       346        272          0          1
       347        360          0          1
       348        238          1          1
       349        389          0          1
       350         28          0          1
       351        367          0          1
       352         13          1          1
       353        222          0          1
       354        154          0          1
       355        400          0          1
       356        323          0          1
       357        320          0          1
       358        123          0          1
       359         79          0          1
       360        294          0          1
       361        152          0          1
       362        282          0          1
       363         91          0          1
       364        394          0          1
       365         67          0          1
       366         98          1          1
       367        158          0          1
       368        106          0          1
       369        305          0          1
       370        301          0          1
       371        109          0          1
       372        195          0          1
       373        366          0          1
       374        359          0          1
       375        378          0          1
       376         27          0          1
       377        217          0          1
       378        170          0          1
       379         15          0          1
       380        115          0          1
       381         59          0          1
       382        221          0          1
       383        257          0          1
       384         73          1          1
       385        311          0          1
       386        111          0          1
       387         85          0          1
       388        177          0          1
       389        365          0          1
       390         61          0          1
       391        230          0          1
       392         54          0          1
       393        398          0          1
       394         86          0          1
       395        302          0          1
       396        358          0          1
       397        388          0          1
       398        227          0          1
       399        368          0          1
       400        138          0          1
                2115
configuration                   18                85000         5.5645354298482346E+00         2.9800000000000000E+02         1.3877787807814457E-17
         1        373          0          1
         2        162          0          1
         3         26          1          1
         4        252          0          1
         5         69          0          1
         6        160          0          1
         7        154          0          1
         8         70          1          1
         9        285          0          1
        10        107          0          1
        11         49          0          1
        12        386          0          1
        13        226          0          1
        14        307          0          1
        15        338          0          1
        16         79          0          1
        17        193          0          1
        18         36          1          1
        19         66          0          1
        20         15          0          1
        21        165          0          1
        22        100          0          1
        23        197          0          1
        24        146          0          1
        25        371          0          1
        26        302          0          1
        27        314          1          1
        28        220          0          1
        29        376          1          1
        30        199          0          1
        31        303          0          1
        32        152          0          1
        33        399          0          1
        34        239          0          1
        35         46          0          1
        36         61          0          1
        37        321          0          1
        38        122          0          1
        39        256          0          1
        40        341          1          1
        41        369          0          1
        42        354          0          1
        43        130          0          1
        44        375          0          1
        45        309          0          1
        46        389          0          1
        47        332          0          1
        48         35          0          1
        49         11          0          1
        50        228          1          1
        51        296          0          1
        52         89          0          1
        53        297          0          1
        54        398          0          1
        55        293          0          1
        56        212          0          1
        57        274          0          1
        58        190          0          1
        59        164          0          1
        60        139          0          1
        61        260          0          1
        62         27          0          1
        63        258          1          1
        64        250          0          1
        65         90          0          1
        66        198          0          1
        67        155          0          1
        68         47          1          1
        69        183          0          1
        70        349          0          1
        71        336          0          1
        72        244          0          1
        73         13          0          1
        74        378          0          1
        75         96          0          1
        76        104          0          1
        77        357          0          1
        78        114          0          1
        79        343          0          1
        80        395          0          1
        81        394          0          1
        82        158          1          1
        83        109          0          1
        84        242          0          1
        85        206          0          1
        86        234          0          1
        87         88          0          1
        88         40          0          1
        89        111          0          1
        90        264          0          1
        91        315          0          1
        92        223          0          1
        93        241          0          1
        94        391          0          1
        95        358          0          1
        96        185          0          1
        97        328          0          1
        98          5          0          1
        99         80          0          1
       100         64          0          1
       101        221          0          1
       102        128          0          1
       103         45          0          1
       104        317          1          1
       105        265          0          1
       106         30          0          1
       107        222          0          1
       108        287          0          1
       109        236          0          1
       110        318          0          1
       111         95          0          1
       112        393          0          1
       113         50          0          1
       114        150          1          1
       115        110          0          1
       116         28          0          1
       117        345          0          1
       118         12          1          1
       119        362          0          1
       120        374          0          1
       121        217          0          1
       122        272          1          1
       123        117          0          1
       124        352          0          1
       125        218          0          1
       126        195          0          1
       127        127          0          1
       128        316          1          1
       129        279          0          1
       130         60          0          1
       131        181          1          1
       132        359          0          1
       133        387          1          1
       134        273          0          1
       135        149          0          1
       136        172          0          1
       137        229          1          1
       138        319          0          1
       139        178          0          1
       140        342          0          1
       141        339          0          1
       142        170          0          1
       143        385          0          1
       144        254          0          1
       145        184          0          1
       146         17          0          1
       147         78          0          1
       148        137          0          1
       149        113          0          1
       150        249          0          1
       151        224          0          1
       152         73          0          1
       153        120          0          1
       154        247          0          1
       155        248          0          1
       156        147          0          1
       157        251          0          1
       158         83          0          1
       159        300          0          1
       160        156          0          1
       161         19          0          1
       162        159          0          1
       163          8          0          1
       164          4          0          1
       165        268          1          1
       166        205          0          1
       167        148          0          1
       168        305          1          1
       169        364          0          1
       170        299          0          1
       171        232          0          1
       172        400          1          1
       173        129          0          1
       174        106          0          1
       175        334          1          1
       176        230          0          1
       177        381          0          1
       178          7          0          1
       179        270          1          1
       180        175          0          1
       181        267          0          1
       182        108          0          1
       183         63          0          1
       184        370          0          1
       185         99          0          1
       186         39          0          1
       187        115          0          1
       188        209          0          1
       189        225          0          1
       190         85          0          1
       191         48          0          1
       192        325          0          1
       193        182          0          1
       194        255          1          1
       195        353          0          1
       196        243          0          1
       197        348          0          1
       198        326          0          1
       199        355          0          1
       200        180          0          1
       201        290          0          1
       202        276          0          1
       203         55          0          1
       204        327          0          1
       205         54          0          1
       206        333          0          1
       207         18          0          1
       208        123          0          1
       209         22          0          1
       210        235          0          1
       211        278          1          1
       212        329          0          1
       213        261          0          1
       214        121          0          1
       215        233          0          1
       216         87          0          1
       217        136          0          1
       218        337          0          1
       219        200          0          1
       220        135          0          1
       221         51          0          1
       222        203          0          1
       223        361          0          1
       224        161          0          1
       225        292          0          1
       226         94          0          1
       227        202          0          1
       228         92          0          1
       229         44          0          1
       230        295          0          1
       231        138          0          1
       232         81          0          1
       233         76          0          1
       234        231          0          1
       235        119          0          1
       236         29          1          1
       237         75          0          1
       238         74          0          1
       239        141          0          1
       240         33          0          1
       241        131          0          1
       242        133          1          1
       243        101          0          1
       244         82          0          1
       245        366          1          1
       246        277          0          1
       247        188          0          1
       248        210          0          1
       249        118          0          1
       250         41          0          1
       251        142          0          1
       252         16          0          1
       253         25          0          1
       254          2          1          1
       255         52          0          1
       256        346          0          1
       257        134          0          1
       258        246          0          1
       259        347          0          1
       260        298          0          1
       261        397          1          1
       262        240          0          1
       263        284          0          1
       264         14          0          1
       265        140          0          1
       266        340          0          1
       267         31          0          1
       268        322          0          1
       269         34          0          1
       270        102          0          1
       271         86          0          1
       272        330          0          1
       273         24          0          1
       274        286          0          1
       275         10          0          1
       276        367          0          1
       277        201          0          1
       278        245          0          1
       279        196          0          1
       280         23          0          1
       281        169          0          1
       282         42          0          1
       283          6          0          1
       284         97          0          1
       285        214          0          1
       286        151          0          1
       287        253          1          1
       288         72          0          1
       289          1          0          1
       290        132          0          1
       291         91          0          1
       292         65          0          1
       293        301          1          1
       294        204          0          1
       295        238          0          1
       296         77          1          1
       297        377          0          1
       298        384          1          1
       299        262          0          1
       300        157          0          1
       301        331          0          1
       302          9          0          1
       303         56          0          1
       304        153          1          1
       305        281          0          1
       306        176          0          1
       307        311          0          1
       308         58          0          1
       309        390          0          1
       310        219          0          1
       311        320          0          1
       312        323          1          1
       313        125          0          1
       314         98          1          1
       315        350          0          1
       316        266          0          1
       317        283          0          1
       318        186          0          1
       319         93          0          1
       320        191          0          1
       321        313          0          1
       322        105          0          1
       323        116          0          1
       324        194          0          1
       325        216          0          1
       326        167          0          1
       327         32          0          1
       328         84          0          1
       329        304          0          1
       330        263          0          1
       331        294          1          1
       332        396          0          1
       333        363          0          1
       334        372          0          1
       335        189          0          1
       336        237          0          1
       337        308          0          1
       338        310          0          1
       339        143          0          1
       340        306          0          1
       341        112          0          1
       342         43          0          1
       343        368          0          1
       344        324          0          1
       345        275          0          1
       346        282          0          1
       347        179          0          1
       348        171          0          1
       349        103          0          1
       350        344          0          1
       351         37          0          1
       352         67          0          1
       353        177          0          1
       354        207          0          1
       355         62          1          1
       356        288          0          1
       357        213          1          1
       358        360          0          1
       359        351          0          1
       360         71          0          1
       361        356          0          1
       362         57          1          1
       363        187          0          1
       364        271          0          1
       365         38          0          1
       366         53          0          1
       367        383          0          1
       368        166          0          1
       369        174          0          1
       370        392          0          1
       371        259          0          1
       372        144          0          1
       373        163          0          1
       374        257          0          1
       375        365          0          1
       376        227          0          1
       377         20          0          1
       378         59          0          1
       379        380          0          1
       380        335          0          1
       381        168          0          1
       382        145          0          1
       383        173          0          1
       384        124          0          1
       385        215          0          1
       386        208          0          1
       387        269          0          1
       388        289          0          1
       389         21          0          1
       390        291          0          1
       391        280          0          1
       392        382          0          1
       393          3          0          1
       394        379          1          1
       395        211          0          1
       396        126          0          1
       397        312          0          1
       398        192          0          1
       399         68          0          1
       400        388          0          1
                2256
configuration                   19                90000         5.8916384867152356E+00         2.9800000000000000E+02         1.3877787807814457E-17
         1        223          0          1
         2        126          0          1
         3         16          0          1
         4        246          1          1
         5         39          0          1
         6        312          0          1
         7         77          0          1
         8         80          0          1
         9        384          0          1
        10        377          0          1
        11        380          0          1
        12         81          0          1
        13        400          1          1
        14        335          0          1
        15        141          0          1
        16        298          0          1
        17        309          1          1
        18        373          0          1
        19        316          0          1
        20         44          0          1
        21         38          0          1
        22        161          1          1
        23         68          0          1
        24        222          0          1
        25        369          0          1
        26         84          0          1
        27        273          0          1
        28        385          0          1
        29        239          0          1
        30        354          0          1
        31        232          0          1
        32         71          0          1
        33         95          0          1
        34        215          1          1
        35        103          0          1
        36        203          1          1
        37        353          0          1
        38        153          0          1
        39        317          0          1
        40         31          0          1
        41        140          0          1
        42        136          0          1
        43         53          0          1
        44        348          0          1
        45        272          0          1
        46        252          0          1
        47        111          0          1
        48         42          1          1
        49        398          0          1
        50        266          0          1
        51        114          0          1
        52         98          0          1
        53        147          0          1
        54        163          0          1
        55        188          0          1
        56        168          0          1
        57        286          0          1
        58        304          0          1
        59        345          0          1
        60        261          0          1
        61        389          0          1
        62        242          0          1
        63        375          0          1
        64        344          0          1
        65        394          0          1
        66        311          0          1
        67         36          0          1
        68         40          0          1
        69        291          0          1
        70        190          0          1
        71        325          0          1
        72        210          0          1
        73        209          1          1
        74        341          0          1
        75        367          0          1
        76         14          0          1
        77        204          1          1
        78        370          0          1
        79        395          0          1
        80         37          0          1
        81         51          1          1
        82        254          0          1
        83        318          0          1
        84        142          0          1
        85        392          0          1
        86        198          0          1
        87        138          0          1
        88        149          1          1
        89        356          0          1
        90        240          0          1
        91        139          0          1
        92        361          0          1
        93         15          0          1
        94        134          0          1
        95        218          0          1
        96        355          0          1
        97        182          0          1
        98          8          0          1
        99        151          0          1
       100        307          0          1
       101         23          0          1
       102         69          0          1
       103        125          0          1
       104        176          0          1
       105        241          0          1
       106        349          0          1
       107        175          1          1
       108        195          0          1
       109        189          0          1
       110        238          0          1
       111        247          0          1
       112        207          0          1
       113         65          0          1
       114        358          0          1
       115        301          0          1
       116        386          0          1
       117        280          0          1
       118        170          0          1
       119        108          0          1
       120        363          0          1
       121         78          0          1
       122         46          0          1
       123        340          0          1
       124        323          0          1
       125        315          0          1
       126          6          0          1
       127        360          0          1
       128         73          0          1
       129        120          0          1
       130        328          0          1
       131        191          0          1
       132        186          0          1
       133        274          0          1
       134         60          0          1
       135         11          0          1
       136        336          0          1
       137        382          1          1
       138        164          0          1
       139        172          0          1
       140        391          0          1
       141         92          0          1
       142        158          0          1
       143         72          0          1
       144         59          0          1
       145        379          0          1
       146        197          0          1
       147         28          1          1
       148         90          0          1
       149         61          1          1
       150        282          0          1
       151        292          0          1
       152        310          0          1
       153         52          1          1
       154        262          0          1
       155        152          0          1
       156        166          0          1
       157        101          0          1
       158        387          0          1
       159        171          0          1
       160         22          0          1
       161        303          0          1
       162        184          0          1
       163        371          1          1
       164        290          0          1
       165        295          0          1
       166          2          0          1
       167        245          0          1
       168        338          0          1
       169        127          0          1
       170         50          0          1
       171         56          0          1
       172         79          1          1
       173        124          0          1
       174         85          0          1
       175         12          0          1
       176        131          0          1
       177         96          1          1
       178        208          0          1
       179        249          0          1
       180         74          0          1
       181          3          0          1
       182        237          0          1
       183         55          0          1
       184        297          0          1
       185          9          0          1
       186        346          0          1
       187        148          0          1
       188        187          0          1
       189        169          0          1
       190        145          1          1
       191        235          0          1
       192        173          0          1
       193        255          0          1
       194        388          0          1
       195         35          0          1
       196        267          0          1
       197        217          0          1
       198        150          0          1
       199        219          0          1
       200        106          0          1
       201        157          0          1
       202        244          0          1
       203        206          0          1
       204        319          0          1
       205         49          0          1
       206        305          1          1
       207        129          0          1
       208        287          0          1
       209        119          0          1
       210         93          0          1
       211        118          0          1
       212        130          0          1
       213        144          0          1
       214         26          0          1
       215        364          0          1
       216        347          0          1
       217        234          0          1
       218        381          0          1
       219         94          0          1
       220         20          0          1
       221        200          0          1
       222        165          0          1
       223          7          0          1
       224         54          0          1
       225        378          0          1
       226        260          0          1
       227        269          0          1
       228        199          0          1
       229        156          0          1
       230        390          1          1
       231         19          0          1
       232        393          0          1
       233         99          0          1
       234        236          0          1
       235        155          0          1
       236        251          0          1
       237        264          0          1
       238        283          0          1
       239        121          0          1
       240         27          0          1
       241        167          0          1
       242        225          1          1
       243         76          0          1
       244        107          0          1
       245        192          1          1
       246        397          0          1
       247        334          0          1
       248        180          1          1
       249        196          0          1
       250        179          0          1
       251        110          0          1
       252         67          0          1
       253        162          0          1
       254        284          0          1
       255        362          0          1
       256        339          0          1
       257        259          0          1
       258        374          0          1
       259         32          0          1
       260        337          0          1
       261        351          0          1
       262        324          0          1
       263        228          0          1
       264         21          0          1
       265        231          0          1
       266        160          0          1
       267        201          0          1
       268        128          0          1
       269         62          0          1
       270        320          0          1
       271        271          1          1
       272        181          0          1
       273        368          0          1
       274        132          0          1
       275        322          0          1
       276        220          1          1
       277        256          0          1
       278        177          0          1
       279        383          0          1
       280        205          1          1
       281        257          0          1
       282          1          0          1
       283        329          0          1
       284        281          0          1
       285        146          0          1
       286        321          0          1
       287        357          0          1
       288         86          0          1
       289         47          0          1
       290        366          0          1
       291        159          0          1
       292         58          0          1
       293         45          0          1
       294        308          0          1
       295        285          0          1
       296         87          0          1
       297        185          0          1
       298        123          0          1
       299        117          0          1
       300         91          0          1
       301        230          1          1
       302        288          0          1
       303        330          0          1
       304         25          0          1
       305        250          0          1
       306        333          0          1
       307        314          0          1
       308        133          0          1
       309        229          0          1
       310        143          0          1
       311          5          0          1
       312        113          0          1
       313        376          0          1
       314         33          0          1
       315        227          0          1
       316        109          0          1
       317         18          0          1
       318        294          0          1
       319        137          1          1
       320        216          0          1
       321        104          0          1
       322        342          0          1
       323        296          0          1
       324        213          0          1
       325        135          0          1
       326        174          1          1
       327        100          0          1
       328         57          0          1
       329        214          0          1
       330        372          0          1
       331        105          0          1
       332         43          0          1
       333        327          0          1
       334         75          0          1
       335        313          0          1
       336        331          0          1
       337        275          0          1
       338        343          0          1
       339        112          0          1
       340         88          0          1
       341        350          0          1
       342         82          0          1
       343        365          0          1
       344        359          0          1
       345        276          0          1
       346        116          0          1
       347        277          0          1
       348        226          0          1
       349         89          0          1
       350        183          0          1
       351        399          0          1
       352        302          0          1
       353         63          0          1
       354        178          1          1
       355        212          0          1
       356        299          0          1
       357        248          0          1
       358        306          0          1
       359          4          0          1
       360        193          0          1
       361         48          0          1
       362         17          0          1
       363        300          0          1
       364        154          0          1
       365         13          0          1
       366        396          0          1
       367         97          0          1
       368        278          1          1
       369        326          0          1
       370        268          0          1
       371         70          0          1
       372        202          0          1
       373        221          0          1
       374        115          0          1
       375        258          0          1
       376        263          0          1
       377         66          0          1
       378        332          0          1
       379         30          0          1
       380        352          0          1
       381         29          0          1
       382        265          0          1
       383        270          0          1
       384        279          0          1
       385        224          0          1
       386        243          0          1
       387        211          0          1
       388         10          0          1
       389        293          0          1
       390        122          0          1
       391        253          1          1
       392        233          0          1
       393         34          0          1
       394         64          0          1
       395         41          0          1
       396        289          0          1
       397        102          0          1
       398        194          0          1
       399         24          0          1
       400         83          0          1
                2377
configuration                   20                95000         6.2206833086226077E+00         2.9800000000000000E+02         1.3877787807814457E-17
         1        130          0          1
         2        163          0          1
         3        201          0          1
         4         65          0          1
         5        288          0          1
         6          6          0          1
         7        134          0          1
         8        181          0          1
         9         28          0          1
        10        158          0          1
        11        281          0          1
        12        316          0          1
        13        265          0          1
        14        307          0          1
        15        297          0          1
        16        375          0          1
        17         59          0          1
        18         22          0          1
        19        399          0          1
        20        296          0          1
        21        340          0          1
        22        332          0          1
        23        254          0          1
        24        386          0          1
        25        178          0          1
        26        385          0          1
        27        279          0          1
        28         11          0          1
        29        266          0          1
        30        160          0          1
        31        320          0          1
        32        330          0          1
        33        331          0          1
        34        269          1          1
        35        274          0          1
        36         42          0          1
        37        212          0          1
        38        258          0          1
        39         26          0          1
        40        363          0          1
        41         32          0          1
        42        264          0          1
        43         20          0          1
        44        348          0          1
        45        293          0          1
        46        287          0          1
        47         82          1          1
        48         39          0          1
        49        267          0          1
        50         14          0          1
        51        135          0          1
        52        290          0          1
        53        384          0          1
        54         89          0          1
        55        335          0          1
        56        102          1          1
        57        388          0          1
        58        229          0          1
        59        106          0          1
        60        314          0          1
        61        224          0          1
        62        262          0          1
        63         54          0          1
        64        379          1          1
        65        207          0          1
        66         63          0          1
        67         51          0          1
        68        263          0          1
        69        187          0          1
        70        324          1          1
        71        230          0          1
        72         60          0          1
        73        346          0          1
        74        374          0          1
        75         58          0          1
        76        270          0          1
        77        256          0          1
        78        200          0          1
        79        222          1          1
        80        318          0          1
        81        153          0          1
        82        165          0          1
        83        125          1          1
        84         56          0          1
        85        150          0          1
        86        127          0          1
        87        183          0          1
        88        389          0          1
        89        136          0          1
        90        133          0          1
        91        356          0          1
        92         46          1          1
        93        268          0          1
        94        284          0          1
        95        354          1          1
        96        185          0          1
        97        338          0          1
        98        143          0          1
        99        152          0          1
       100        323          0          1
       101        289          0          1
       102        257          0          1
       103        283          0          1
       104        131          0          1
       105         34          0          1
       106         99          0          1
       107        228          0          1
       108         55          0          1
       109        317          0          1
       110         98          0          1
       111         81          0          1
       112         37          0          1
       113        350          0          1
       114        362          0          1
       115        240          0          1
       116        327          0          1
       117        115          1          1
       118        349          0          1
       119        196          0          1
       120        336          1          1
       121        108          1          1
       122        172          0          1
       123         33          0          1
       124        251          0          1
       125        304          0          1
       126        180          0          1
       127        118          0          1
       128        110          0          1
       129         23          0          1
       130        186          0          1
       131         86          0          1
       132        272          0          1
       133         93          0          1
       134         96          0          1
       135         61          0          1
       136        313          0          1
       137        104          0          1
       138        275          0          1
       139        360          0          1
       140        322          0          1
       141        372          0          1
       142         90          0          1
       143        329          0          1
       144        209          0          1
       145        220          0          1
       146        164          0          1
       147        179          0          1
       148        144          0          1
       149        211          0          1
       150        227          0          1
       151        248          0          1
       152        107          1          1
       153         48          0          1
       154         71          0          1
       155        260          1          1
       156        132          0          1
       157        218          0          1
       158        168          0          1
       159        226          0          1
       160        261          0          1
       161         67          0          1
       162        234          1          1
       163        282          0          1
       164         91          0          1
       165        259          0          1
       166         53          0          1
       167        249          0          1
       168         64          0          1
       169        369          0          1
       170        241          0          1
       171          2          1          1
       172        128          0          1
       173        216          0          1
       174        392          0          1
       175        221          0          1
       176        225          0          1
       177        319          0          1
       178        194          0          1
       179        333          0          1
       180        142          0          1
       181        277          0          1
       182         50          0          1
       183          1          0          1
       184        326          0          1
       185        387          0          1
       186        370          0          1
       187         17          0          1
       188        119          0          1
       189        341          0          1
       190        271          0          1
       191        202          0          1
       192          5          0          1
       193        397          0          1
       194        291          1          1
       195        147          0          1
       196        117          0          1
       197        236          0          1
       198        357          0          1
       199        358          0          1
       200        280          0          1
       201        176          0          1
       202        239          0          1
       203        321          0          1
       204         40          0          1
       205        189          0          1
       206        210          0          1
       207        347          0          1
       208         69          0          1
       209        161          0          1
       210        232          0          1
       211        353          1          1
       212         62          0          1
       213         19          0          1
       214        242          0          1
       215        396          0          1
       216        295          0          1
       217        101          0          1
       218        103          0          1
       219         44          1          1
       220         78          0          1
       221        175          0          1
       222        170          0          1
       223        373          0          1
       224         36          0          1
       225         84          0          1
       226        208          0          1
       227        311          0          1
       228         27          0          1
       229        286          0          1
       230        204          0          1
       231        192          0          1
       232        355          0          1
       233        231          1          1
       234        123          0          1
       235        368          0          1
       236        199          0          1
       237         18          0          1
       238        367          0          1
       239        124          0          1
       240        120          0          1
       241        299          0          1
       242        390          0          1
       243         76          0          1
       244          9          1          1
       245        285          0          1
       246        141          0          1
       247        243          1          1
       248        122          0          1
       249         16          0          1
       250        315          0          1
       251        193          0          1
       252        114          0          1
       253        342          0          1
       254         92          0          1
       255        305          0          1
       256        198          0          1
       257         15          0          1
       258        156          1          1
       259        169          0          1
       260        177          0          1
       261         77          0          1
       262        306          0          1
       263         75          1          1
       264        298          0          1
       265         80          0          1
       266        250          0          1
       267        376          0          1
       268        195          0          1
       269         35          1          1
       270         12          0          1
       271         41          0          1
       272        214          0          1
       273        182          0          1
       274        247          0          1
       275        273          0          1
       276        174          0          1
       277        111          0          1
       278         31          0          1
       279        343          0          1
       280        245          1          1
       281        171          0          1
       282        155          0          1
       283        252          0          1
       284         68          1          1
       285        398          0          1
       286        377          0          1
       287        100          0          1
       288         57          0          1
       289        121          0          1
       290        276          0          1
       291        109          0          1
       292         29          0          1
       293        325          0          1
       294         38          0          1
       295        148          0          1
       296         66          0          1
       297        184          0          1
       298        255          0          1
       299        105          0          1
       300         47          0          1
       301        345          0          1
       302        149          0          1
       303        400          0          1
       304        112          0          1
       305        162          0          1
       306        383          0          1
       307         49          0          1
       308        205          0          1
       309         74          0          1
       310        197          0          1
       311        253          0          1
       312         25          0          1
       313         79          0          1
       314        337          0          1
       315        137          0          1
       316        145          0          1
       317        378          0          1
       318        215          0          1
       319        339          0          1
       320         73          0          1
       321        233          0          1
       322         83          0          1
       323         10          0          1
       324        217          1          1
       325         97          0          1
       326        310          0          1
       327        157          0          1
       328         21          0          1
       329         88          0          1
       330        303          0          1
       331         52          1          1
       332         30          0          1
       333         13          0          1
       334        294          0          1
       335        213          0          1
       336        382          0          1
       337        235          0          1
       338        188          0          1
       339        365          0          1
       340        203          0          1
       341          4          0          1
       342        237          0          1
       343        391          0          1
       344         95          0          1
       345        146          1          1
       346        126          0          1
       347         85          0          1
       348        191          1          1
       349        380          0          1
       350        300          0          1
       351        154          0          1
       352         70          0          1
       353        140          0          1
       354        366          0          1
       355        302          0          1
       356         87          0          1
       357        139          0          1
       358        361          0          1
       359        206          0          1
       360        334          0          1
       361         45          0          1
       362        167          0          1
       363        246          1          1
       364        364          0          1
       365        129          0          1
       366        344          0          1
       367        138          0          1
       368        395          0          1
       369        308          0          1
       370        238          0          1
       371        394          0          1
       372        309          0          1
       373        328          0          1
       374        113          0          1
       375        393          0          1
       376        359          0          1
       377        312          0          1
       378        166          0          1
       379        352          0          1
       380        159          0          1
       381          3          0          1
       382        223          0          1
       383         72          0          1
       384          8          0          1
       385         24          0          1
       386          7          0          1
       387        173          0          1
       388        219          0          1
       389        381          0          1
       390        151          0          1
       391        190          0          1
       392        301          0          1
       393         94          1          1
       394        371          0          1
       395        278          1          1
       396        116          0          1
       397        244          0          1
       398        292          0          1
       399        351          0          1
       400         43          0          1
                2497
