Gas_Species:          H2
Surface_Species:      H*
Simulation_Box:         
           5.5500000000000000E+001           0.0000000000000000E+000
           0.0000000000000000E+000           5.5500000000000000E+001
Site_Types:           StTp1
configuration                    1                    0         0.0000000000000000E+00         2.9800000000000000E+02         0.0000000000000000E+00
         1          1          0          1
         2          2          0          1
         3          3          0          1
         4          4          0          1
         5          5          0          1
         6          6          0          1
         7          7          0          1
         8          8          0          1
         9          9          0          1
        10         10          0          1
        11         11          0          1
        12         12          0          1
        13         13          0          1
        14         14          0          1
        15         15          0          1
        16         16          0          1
        17         17          0          1
        18         18          0          1
        19         19          0          1
        20         20          0          1
        21         21          0          1
        22         22          0          1
        23         23          0          1
        24         24          0          1
        25         25          0          1
        26         26          0          1
        27         27          0          1
        28         28          0          1
        29         29          0          1
        30         30          0          1
        31         31          0          1
        32         32          0          1
        33         33          0          1
        34         34          0          1
        35         35          0          1
        36         36          0          1
        37         37          0          1
        38         38          0          1
        39         39          0          1
        40         40          0          1
        41         41          0          1
        42         42          0          1
        43         43          0          1
        44         44          0          1
        45         45          0          1
        46         46          0          1
        47         47          0          1
        48         48          0          1
        49         49          0          1
        50         50          0          1
        51         51          0          1
        52         52          0          1
        53         53          0          1
        54         54          0          1
        55         55          0          1
        56         56          0          1
        57         57          0          1
        58         58          0          1
        59         59          0          1
        60         60          0          1
        61         61          0          1
        62         62          0          1
        63         63          0          1
        64         64          0          1
        65         65          0          1
        66         66          0          1
        67         67          0          1
        68         68          0          1
        69         69          0          1
        70         70          0          1
        71         71          0          1
        72         72          0          1
        73         73          0          1
        74         74          0          1
        75         75          0          1
        76         76          0          1
        77         77          0          1
        78         78          0          1
        79         79          0          1
        80         80          0          1
        81         81          0          1
        82         82          0          1
        83         83          0          1
        84         84          0          1
        85         85          0          1
        86         86          0          1
        87         87          0          1
        88         88          0          1
        89         89          0          1
        90         90          0          1
        91         91          0          1
        92         92          0          1
        93         93          0          1
        94         94          0          1
        95         95          0          1
        96         96          0          1
        97         97          0          1
        98         98          0          1
        99         99          0          1
       100        100          0          1
       101        101          0          1
       102        102          0          1
       103        103          0          1
       104        104          0          1
       105        105          0          1
       106        106          0          1
       107        107          0          1
       108        108          0          1
       109        109          0          1
       110        110          0          1
       111        111          0          1
       112        112          0          1
       113        113          0          1
       114        114          0          1
       115        115          0          1
       116        116          0          1
       117        117          0          1
       118        118          0          1
       119        119          0          1
       120        120          0          1
       121        121          0          1
       122        122          0          1
       123        123          0          1
       124        124          0          1
       125        125          0          1
       126        126          0          1
       127        127          0          1
       128        128          0          1
       129        129          0          1
       130        130          0          1
       131        131          0          1
       132        132          0          1
       133        133          0          1
       134        134          0          1
       135        135          0          1
       136        136          0          1
       137        137          0          1
       138        138          0          1
       139        139          0          1
       140        140          0          1
       141        141          0          1
       142        142          0          1
       143        143          0          1
       144        144          0          1
       145        145          0          1
       146        146          0          1
       147        147          0          1
       148        148          0          1
       149        149          0          1
       150        150          0          1
       151        151          0          1
       152        152          0          1
       153        153          0          1
       154        154          0          1
       155        155          0          1
       156        156          0          1
       157        157          0          1
       158        158          0          1
       159        159          0          1
       160        160          0          1
       161        161          0          1
       162        162          0          1
       163        163          0          1
       164        164          0          1
       165        165          0          1
       166        166          0          1
       167        167          0          1
       168        168          0          1
       169        169          0          1
       170        170          0          1
       171        171          0          1
       172        172          0          1
       173        173          0          1
       174        174          0          1
       175        175          0          1
       176        176          0          1
       177        177          0          1
       178        178          0          1
       179        179          0          1
       180        180          0          1
       181        181          0          1
       182        182          0          1
       183        183          0          1
       184        184          0          1
       185        185          0          1
       186        186          0          1
       187        187          0          1
       188        188          0          1
       189        189          0          1
       190        190          0          1
       191        191          0          1
       192        192          0          1
       193        193          0          1
       194        194          0          1
       195        195          0          1
       196        196          0          1
       197        197          0          1
       198        198          0          1
       199        199          0          1
       200        200          0          1
       201        201          0          1
       202        202          0          1
       203        203          0          1
       204        204          0          1
       205        205          0          1
       206        206          0          1
       207        207          0          1
       208        208          0          1
       209        209          0          1
       210        210          0          1
       211        211          0          1
       212        212          0          1
       213        213          0          1
       214        214          0          1
       215        215          0          1
       216        216          0          1
       217        217          0          1
       218        218          0          1
       219        219          0          1
       220        220          0          1
       221        221          0          1
       222        222          0          1
       223        223          0          1
       224        224          0          1
       225        225          0          1
       226        226          0          1
       227        227          0          1
       228        228          0          1
       229        229          0          1
       230        230          0          1
       231        231          0          1
       232        232          0          1
       233        233          0          1
       234        234          0          1
       235        235          0          1
       236        236          0          1
       237        237          0          1
       238        238          0          1
       239        239          0          1
       240        240          0          1
       241        241          0          1
       242        242          0          1
       243        243          0          1
       244        244          0          1
       245        245          0          1
       246        246          0          1
       247        247          0          1
       248        248          0          1
       249        249          0          1
       250        250          0          1
       251        251          0          1
       252        252          0          1
       253        253          0          1
       254        254          0          1
       255        255          0          1
       256        256          0          1
       257        257          0          1
       258        258          0          1
       259        259          0          1
       260        260          0          1
       261        261          0          1
       262        262          0          1
       263        263          0          1
       264        264          0          1
       265        265          0          1
       266        266          0          1
       267        267          0          1
       268        268          0          1
       269        269          0          1
       270        270          0          1
       271        271          0          1
       272        272          0          1
       273        273          0          1
       274        274          0          1
       275        275          0          1
       276        276          0          1
       277        277          0          1
       278        278          0          1
       279        279          0          1
       280        280          0          1
       281        281          0          1
       282        282          0          1
       283        283          0          1
       284        284          0          1
       285        285          0          1
       286        286          0          1
       287        287          0          1
       288        288          0          1
       289        289          0          1
       290        290          0          1
       291        291          0          1
       292        292          0          1
       293        293          0          1
       294        294          0          1
       295        295          0          1
       296        296          0          1
       297        297          0          1
       298        298          0          1
       299        299          0          1
       300        300          0          1
       301        301          0          1
       302        302          0          1
       303        303          0          1
       304        304          0          1
       305        305          0          1
       306        306          0          1
       307        307          0          1
       308        308          0          1
       309        309          0          1
       310        310          0          1
       311        311          0          1
       312        312          0          1
       313        313          0          1
       314        314          0          1
       315        315          0          1
       316        316          0          1
       317        317          0          1
       318        318          0          1
       319        319          0          1
       320        320          0          1
       321        321          0          1
       322        322          0          1
       323        323          0          1
       324        324          0          1
       325        325          0          1
       326        326          0          1
       327        327          0          1
       328        328          0          1
       329        329          0          1
       330        330          0          1
       331        331          0          1
       332        332          0          1
       333        333          0          1
       334        334          0          1
       335        335          0          1
       336        336          0          1
       337        337          0          1
       338        338          0          1
       339        339          0          1
       340        340          0          1
       341        341          0          1
       342        342          0          1
       343        343          0          1
       344        344          0          1
       345        345          0          1
       346        346          0          1
       347        347          0          1
       348        348          0          1
       349        349          0          1
       350        350          0          1
       351        351          0          1
       352        352          0          1
       353        353          0          1
       354        354          0          1
       355        355          0          1
       356        356          0          1
       357        357          0          1
       358        358          0          1
       359        359          0          1
       360        360          0          1
       361        361          0          1
       362        362          0          1
       363        363          0          1
       364        364          0          1
       365        365          0          1
       366        366          0          1
       367        367          0          1
       368        368          0          1
       369        369          0          1
       370        370          0          1
       371        371          0          1
       372        372          0          1
       373        373          0          1
       374        374          0          1
       375        375          0          1
       376        376          0          1
       377        377          0          1
       378        378          0          1
       379        379          0          1
       380        380          0          1
       381        381          0          1
       382        382          0          1
       383        383          0          1
       384        384          0          1
       385        385          0          1
       386        386          0          1
       387        387          0          1
       388        388          0          1
       389        389          0          1
       390        390          0          1
       391        391          0          1
       392        392          0          1
       393        393          0          1
       394        394          0          1
       395        395          0          1
       396        396          0          1
       397        397          0          1
       398        398          0          1
       399        399          0          1
       400        400          0          1
                   0
configuration                    2                 5000         8.4971327491869697E-02         2.9800000000000000E+02         1.3877787807814457E-17
         1        392          1          1
         2        191          0          1
         3        228          1          1
         4        338          0          1
         5        142          0          1
         6        130          0          1
         7        371          1          1
         8         11          0          1
         9        332          1          1
        10        340          0          1
        11        327          1          1
        12        198          0          1
        13        106          1          1
        14         72          0          1
        15        133          0          1
        16         93          0          1
        17        214          1          1
        18        354          0          1
        19        335          1          1
        20        138          0          1
        21         79          0          1
        22         18          1          1
        23        344          0          1
        24        296          0          1
        25         42          1          1
        26        182          0          1
        27        148          0          1
        28        207          1          1
        29          3          0          1
        30        129          1          1
        31        217          0          1
        32        283          0          1
        33        314          0          1
        34        355          0          1
        35        105          0          1
        36          2          1          1
        37         13          0          1
        38        102          1          1
        39        368          0          1
        40        231          1          1
        41        281          0          1
        42        285          0          1
        43        103          0          1
        44        162          0          1
        45        156          0          1
        46        275          0          1
        47        278          1          1
        48         33          0          1
        49         95          1          1
        50          9          0          1
        51        382          1          1
        52        111          0          1
        53        179          0          1
        54         80          0          1
        55        160          1          1
        56        137          0          1
        57        288          0          1
        58        167          0          1
        59         71          1          1
        60        366          0          1
        61        388          0          1
        62        211          0          1
        63        161          0          1
        64        136          0          1
        65        398          0          1
        66        367          1          1
        67        190          0          1
        68        310          1          1
        69        134          0          1
        70        236          0          1
        71         86          0          1
        72         43          1          1
        73        306          0          1
        74          1          1          1
        75         19          0          1
        76        331          0          1
        77        347          1          1
        78        390          0          1
        79        238          0          1
        80        311          1          1
        81        248          0          1
        82        378          0          1
        83        394          1          1
        84        377          0          1
        85        146          1          1
        86        170          0          1
        87        300          1          1
        88        114          0          1
        89        386          0          1
        90        189          0          1
        91        128          1          1
        92        363          0          1
        93         31          1          1
        94        241          0          1
        95        109          0          1
        96         99          1          1
        97          6          0          1
        98        274          0          1
        99        200          1          1
       100        284          0          1
       101        202          0          1
       102         77          1          1
       103        124          0          1
       104         25          1          1
       105        144          0          1
       106        304          0          1
       107        298          0          1
       108         64          0          1
       109        361          1          1
       110        297          0          1
       111        365          0          1
       112         67          1          1
       113        113          0          1
       114        272          0          1
       115         26          0          1
       116        383          0          1
       117        262          0          1
       118        400          0          1
       119        309          0          1
       120         63          0          1
       121        240          1          1
       122        122          0          1
       123        153          0          1
       124        325          0          1
       125        254          0          1
       126         85          0          1
       127        358          1          1
       128         37          0          1
       129         10          0          1
       130          5          0          1
       131        316          1          1
       132        132          0          1
       133        384          0          1
       134        291          0          1
       135         36          1          1
       136        193          0          1
       137          7          1          1
       138         82          0          1
       139        292          1          1
       140        140          0          1
       141        141          0          1
       142        126          1          1
       143        342          0          1
       144        257          1          1
       145         68          0          1
       146         38          1          1
       147        174          0          1
       148         60          1          1
       149        389          0          1
       150        235          1          1
       151        258          0          1
       152        375          1          1
       153        356          0          1
       154        196          1          1
       155        270          0          1
       156        289          0          1
       157        232          0          1
       158        373          0          1
       159        178          0          1
       160         16          1          1
       161        215          1          1
       162        251          0          1
       163         87          1          1
       164        164          0          1
       165        329          1          1
       166         50          0          1
       167        263          1          1
       168        143          0          1
       169        155          1          1
       170        265          0          1
       171        218          1          1
       172        110          0          1
       173        199          1          1
       174        372          0          1
       175        319          1          1
       176        115          0          1
       177        166          0          1
       178        393          0          1
       179        302          1          1
       180        180          0          1
       181        181          0          1
       182        280          1          1
       183        104          0          1
       184        194          1          1
       185        185          0          1
       186        294          0          1
       187        397          0          1
       188        267          0          1
       189        225          0          1
       190         44          1          1
       191        313          0          1
       192        357          1          1
       193         81          0          1
       194         66          1          1
       195        108          0          1
       196        245          1          1
       197        322          0          1
       198        212          1          1
       199        346          0          1
       200        271          1          1
       201        305          0          1
       202        326          0          1
       203        256          0          1
       204        320          0          1
       205          8          0          1
       206        135          0          1
       207        201          1          1
       208         32          0          1
       209         90          1          1
       210         14          0          1
       211        150          1          1
       212         47          0          1
       213         15          1          1
       214        359          0          1
       215        246          1          1
       216        216          0          1
       217         40          1          1
       218         98          0          1
       219         17          1          1
       220        220          0          1
       221        120          0          1
       222        374          1          1
       223        112          0          1
       224        165          0          1
       225         61          0          1
       226        352          1          1
       227        360          0          1
       228         57          1          1
       229         39          0          1
       230        101          0          1
       231         49          0          1
       232         12          1          1
       233        227          0          1
       234        183          1          1
       235        247          0          1
       236        353          1          1
       237        237          0          1
       238        391          1          1
       239        295          0          1
       240        204          1          1
       241         34          1          1
       242        242          0          1
       243         96          1          1
       244         24          0          1
       245        264          1          1
       246        328          0          1
       247         48          1          1
       248        334          0          1
       249        323          1          1
       250        350          0          1
       251        308          0          1
       252        348          0          1
       253        188          1          1
       254        171          0          1
       255         62          0          1
       256        243          0          1
       257        341          1          1
       258        168          0          1
       259        255          1          1
       260        260          0          1
       261        176          0          1
       262        290          0          1
       263        222          0          1
       264        127          1          1
       265        210          0          1
       266         84          1          1
       267        239          0          1
       268         65          0          1
       269        219          0          1
       270         94          1          1
       271         53          0          1
       272        197          1          1
       273        376          0          1
       274        118          1          1
       275        226          0          1
       276         23          1          1
       277        321          0          1
       278        244          0          1
       279        279          0          1
       280        172          1          1
       281        273          1          1
       282        282          0          1
       283        208          1          1
       284        147          0          1
       285        195          1          1
       286        337          0          1
       287         75          1          1
       288         30          0          1
       289        145          1          1
       290        286          0          1
       291         91          1          1
       292        253          0          1
       293         52          0          1
       294        333          0          1
       295        345          1          1
       296        269          0          1
       297         54          1          1
       298        121          0          1
       299        230          1          1
       300        364          0          1
       301        158          0          1
       302        399          1          1
       303        303          0          1
       304         69          0          1
       305         29          0          1
       306        187          1          1
       307         41          0          1
       308        206          1          1
       309        339          0          1
       310        250          1          1
       311         73          0          1
       312        107          0          1
       313        380          0          1
       314        268          1          1
       315        381          0          1
       316        395          1          1
       317        317          0          1
       318        205          0          1
       319        234          0          1
       320        369          1          1
       321        229          0          1
       322        123          0          1
       323        117          1          1
       324        324          0          1
       325         56          1          1
       326        385          0          1
       327        224          0          1
       328        299          0          1
       329         46          1          1
       330        330          0          1
       331        192          1          1
       332        209          0          1
       333        116          1          1
       334        307          0          1
       335         28          0          1
       336        203          0          1
       337        149          1          1
       338        266          0          1
       339        151          1          1
       340        152          0          1
       341         97          0          1
       342         76          1          1
       343        343          0          1
       344        276          1          1
       345         20          0          1
       346        259          1          1
       347        125          0          1
       348        177          1          1
       349         45          0          1
       350        249          1          1
       351        351          0          1
       352        169          0          1
       353        139          0          1
       354        163          1          1
       355        100          0          1
       356         78          1          1
       357         70          0          1
       358          4          1          1
       359        119          0          1
       360         92          1          1
       361        184          1          1
       362        362          0          1
       363        154          0          1
       364         74          0          1
       365        277          1          1
       366        186          0          1
       367        349          1          1
       368        293          0          1
       369         27          1          1
       370        370          0          1
       371        221          0          1
       372         58          0          1
       373        315          0          1
       374         51          0          1
       375         89          1          1
       376         55          0          1
       377        261          1          1
       378         83          0          1
       379         21          1          1
       380        287          0          1
       381        131          0          1
       382        336          1          1
       383        318          0          1
       384        233          0          1
       385        213          0          1
       386         59          1          1
       387        387          0          1
       388        173          1          1
       389        396          0          1
       390         88          1          1
       391        252          0          1
       392        312          1          1
       393         22          0          1
       394        175          1          1
       395        223          0          1
       396        379          1          1
       397        159          0          1
       398        157          1          1
       399         35          0          1
       400        301          1          1
                2297
configuration                    3                10000         1.6983379932856815E-01         2.9800000000000000E+02         1.3877787807814457E-17
         1         86          1          1
         2        328          0          1
         3        359          0          1
         4        181          0          1
         5        126          0          1
         6        278          0          1
         7        149          1          1
         8         11          0          1
         9         58          1          1
        10        331          0          1
        11         25          1          1
        12        333          0          1
        13         74          0          1
        14        245          0          1
        15        238          1          1
        16         93          0          1
        17         49          0          1
        18        354          0          1
        19        239          1          1
        20        219          0          1
        21        191          0          1
        22        201          1          1
        23        362          0          1
        24        215          1          1
        25         46          0          1
        26        269          1          1
        27        148          0          1
        28        155          1          1
        29         57          0          1
        30        195          1          1
        31         43          0          1
        32        299          1          1
        33        253          0          1
        34        398          0          1
        35        105          0          1
        36        241          1          1
        37         13          0          1
        38        103          1          1
        39        368          0          1
        40         10          1          1
        41        267          0          1
        42        150          0          1
        43        134          1          1
        44        102          0          1
        45        386          1          1
        46        275          0          1
        47        373          1          1
        48        315          0          1
        49        217          1          1
        50          9          0          1
        51        374          1          1
        52         92          0          1
        53        162          1          1
        54         80          0          1
        55        322          0          1
        56         40          0          1
        57         85          1          1
        58        167          0          1
        59        101          1          1
        60        364          0          1
        61        400          0          1
        62        309          0          1
        63        261          0          1
        64         75          0          1
        65        250          0          1
        66        352          1          1
        67        154          0          1
        68        226          0          1
        69        321          0          1
        70        173          1          1
        71         48          0          1
        72        378          0          1
        73         23          0          1
        74        382          1          1
        75         19          0          1
        76         28          0          1
        77        129          0          1
        78        292          1          1
        79         79          0          1
        80        123          0          1
        81          1          1          1
        82         81          0          1
        83        175          1          1
        84        137          0          1
        85         35          1          1
        86        308          0          1
        87        207          1          1
        88        114          0          1
        89        366          1          1
        90        189          0          1
        91        156          1          1
        92        363          0          1
        93        107          1          1
        94        221          0          1
        95        327          1          1
        96         84          0          1
        97         16          1          1
        98         72          0          1
        99        124          1          1
       100          7          0          1
       101        397          0          1
       102        190          1          1
       103        235          0          1
       104        135          1          1
       105        144          0          1
       106        197          1          1
       107        298          0          1
       108        295          0          1
       109         69          0          1
       110         71          1          1
       111        365          0          1
       112        357          0          1
       113        113          0          1
       114        281          1          1
       115        184          0          1
       116         51          1          1
       117        335          0          1
       118        228          1          1
       119        231          0          1
       120        125          1          1
       121        271          0          1
       122         65          0          1
       123        246          1          1
       124        177          0          1
       125         66          1          1
       126        326          0          1
       127        375          1          1
       128        369          0          1
       129        294          1          1
       130         53          0          1
       131         34          1          1
       132         18          0          1
       133         94          1          1
       134        311          0          1
       135        350          1          1
       136        158          0          1
       137         54          1          1
       138         26          0          1
       139        312          1          1
       140        279          0          1
       141        389          0          1
       142          5          1          1
       143        342          0          1
       144        307          1          1
       145        371          0          1
       146         30          1          1
       147        174          0          1
       148        170          1          1
       149         59          0          1
       150         68          1          1
       151        258          0          1
       152         14          0          1
       153        356          0          1
       154         63          1          1
       155         36          0          1
       156        286          0          1
       157        232          0          1
       158        131          1          1
       159        178          0          1
       160        117          1          1
       161        193          1          1
       162        385          0          1
       163         77          1          1
       164         96          0          1
       165         38          1          1
       166        115          0          1
       167        388          1          1
       168        143          0          1
       169        345          0          1
       170        172          0          1
       171         50          0          1
       172        276          0          1
       173        240          1          1
       174        372          0          1
       175        248          1          1
       176        391          0          1
       177        160          1          1
       178        289          0          1
       179         95          0          1
       180        180          0          1
       181        182          0          1
       182        210          1          1
       183        119          0          1
       184          2          1          1
       185        304          0          1
       186        194          1          1
       187         17          0          1
       188         39          1          1
       189         62          0          1
       190        196          1          1
       191        234          0          1
       192        277          0          1
       193        121          0          1
       194         29          1          1
       195        319          0          1
       196        133          1          1
       197        260          0          1
       198        153          1          1
       199        179          0          1
       200         89          0          1
       201         60          0          1
       202        209          0          1
       203        259          1          1
       204        127          0          1
       205        324          1          1
       206        384          0          1
       207        147          0          1
       208         20          0          1
       209        237          1          1
       210        377          0          1
       211        393          0          1
       212         99          0          1
       213        229          0          1
       214         15          0          1
       215        111          0          1
       216        310          0          1
       217        249          0          1
       218         98          0          1
       219        336          0          1
       220        220          0          1
       221        120          0          1
       222        171          1          1
       223        265          0          1
       224        262          1          1
       225        151          0          1
       226        341          1          1
       227         78          0          1
       228        337          1          1
       229        381          0          1
       230        303          1          1
       231        152          0          1
       232        244          0          1
       233          8          0          1
       234        394          1          1
       235         97          0          1
       236        176          1          1
       237        320          0          1
       238        252          1          1
       239        128          0          1
       240        140          1          1
       241         12          0          1
       242        169          0          1
       243        302          1          1
       244        367          0          1
       245        314          1          1
       246        192          0          1
       247        379          0          1
       248        334          0          1
       249         61          0          1
       250        360          0          1
       251        325          0          1
       252         21          0          1
       253        344          1          1
       254        296          0          1
       255        268          1          1
       256        348          0          1
       257        163          0          1
       258        168          0          1
       259        297          1          1
       260        288          0          1
       261        112          0          1
       262        233          1          1
       263        222          0          1
       264        202          0          1
       265         67          0          1
       266        136          0          1
       267        301          0          1
       268        355          0          1
       269        236          1          1
       270        183          0          1
       271        130          1          1
       272        164          0          1
       273         31          0          1
       274        104          1          1
       275        349          0          1
       276        224          1          1
       277        358          0          1
       278        332          0          1
       279        188          0          1
       280        280          1          1
       281        291          1          1
       282         87          0          1
       283        255          1          1
       284        141          0          1
       285          6          0          1
       286        243          1          1
       287        343          0          1
       288        318          1          1
       289        254          0          1
       290        346          1          1
       291        138          0          1
       292         32          0          1
       293        165          1          1
       294        399          0          1
       295         76          1          1
       296        317          0          1
       297        264          0          1
       298        313          0          1
       299        287          1          1
       300         88          0          1
       301        283          0          1
       302        242          1          1
       303        305          0          1
       304         41          0          1
       305         45          0          1
       306        218          0          1
       307         91          1          1
       308          3          0          1
       309         24          1          1
       310        187          0          1
       311        323          0          1
       312         56          1          1
       313        380          0          1
       314         52          0          1
       315        199          0          1
       316         44          0          1
       317        353          0          1
       318        390          1          1
       319          4          0          1
       320         90          1          1
       321        251          1          1
       322        166          0          1
       323        263          1          1
       324        204          0          1
       325        347          0          1
       326        272          1          1
       327        212          0          1
       328        216          1          1
       329        211          0          1
       330         27          0          1
       331        185          0          1
       332        145          0          1
       333        293          1          1
       334        118          0          1
       335        139          0          1
       336        203          0          1
       337        340          0          1
       338        266          0          1
       339         64          1          1
       340         33          0          1
       341        205          0          1
       342        227          1          1
       343        282          0          1
       344        257          1          1
       345        256          0          1
       346        161          0          1
       347        206          0          1
       348        208          0          1
       349        338          0          1
       350        157          1          1
       351        132          0          1
       352        351          1          1
       353        247          0          1
       354         70          1          1
       355        100          0          1
       356        108          0          1
       357        270          1          1
       358         83          0          1
       359        200          0          1
       360        395          1          1
       361        142          1          1
       362        122          0          1
       363        146          1          1
       364        109          0          1
       365        214          1          1
       366        186          0          1
       367         47          1          1
       368         82          0          1
       369        316          0          1
       370        370          0          1
       371        273          1          1
       372         73          0          1
       373        383          1          1
       374        300          0          1
       375        339          1          1
       376         55          0          1
       377        330          0          1
       378        306          0          1
       379        290          0          1
       380        361          0          1
       381        116          0          1
       382        274          1          1
       383        230          0          1
       384        106          1          1
       385        213          0          1
       386        376          1          1
       387        387          0          1
       388        284          0          1
       389        110          0          1
       390        198          0          1
       391         37          0          1
       392        396          0          1
       393         22          0          1
       394         42          1          1
       395        223          0          1
       396        225          1          1
       397        159          0          1
       398        392          0          1
       399        285          0          1
       400        329          1          1
                4654
configuration                    4                15000         2.5789186880248732E-01         2.9800000000000000E+02         1.3877787807814457E-17
         1        182          1          1
         2        259          0          1
         3        366          1          1
         4         14          0          1
         5        299          0          1
         6        152          0          1
         7         89          0          1
         8        198          0          1
         9        254          1          1
        10        357          0          1
        11        196          0          1
        12        339          0          1
        13        108          1          1
        14        245          0          1
        15        260          1          1
        16        331          0          1
        17        344          0          1
        18        279          0          1
        19        178          1          1
        20        219          0          1
        21        191          0          1
        22        360          1          1
        23        362          0          1
        24        302          0          1
        25        394          0          1
        26        140          1          1
        27        148          0          1
        28        397          1          1
        29         41          0          1
        30        292          1          1
        31         43          0          1
        32        111          0          1
        33        134          0          1
        34        258          1          1
        35        348          0          1
        36        265          0          1
        37         13          0          1
        38        354          1          1
        39        368          0          1
        40        395          1          1
        41        343          1          1
        42        224          0          1
        43        155          0          1
        44         85          1          1
        45        337          0          1
        46        275          0          1
        47        114          1          1
        48        315          0          1
        49        232          0          1
        50          9          0          1
        51        305          1          1
        52         92          0          1
        53         66          1          1
        54         80          0          1
        55        390          1          1
        56        150          0          1
        57        211          0          1
        58        186          0          1
        59         59          1          1
        60        355          0          1
        61        201          0          1
        62        307          0          1
        63        261          0          1
        64        131          0          1
        65        243          0          1
        66         25          1          1
        67        154          0          1
        68        104          1          1
        69        309          0          1
        70        278          1          1
        71         53          0          1
        72        218          1          1
        73         23          0          1
        74         69          1          1
        75         19          0          1
        76        314          1          1
        77        249          0          1
        78        382          1          1
        79         79          0          1
        80        115          1          1
        81        212          1          1
        82         81          0          1
        83        160          1          1
        84         48          0          1
        85        340          1          1
        86        303          0          1
        87        231          1          1
        88        164          0          1
        89        107          1          1
        90        189          0          1
        91         40          1          1
        92        347          0          1
        93        342          1          1
        94        221          0          1
        95        136          1          1
        96         84          0          1
        97          4          1          1
        98         72          0          1
        99        205          1          1
       100        310          0          1
       101          8          0          1
       102        106          1          1
       103         35          0          1
       104        165          1          1
       105        125          0          1
       106        217          0          1
       107         75          0          1
       108         58          0          1
       109         64          0          1
       110        273          1          1
       111        365          0          1
       112         47          0          1
       113         32          0          1
       114        215          0          1
       115        184          0          1
       116        175          1          1
       117        128          0          1
       118        391          1          1
       119        187          0          1
       120         57          1          1
       121        127          0          1
       122         26          0          1
       123        139          0          1
       124        163          0          1
       125        327          1          1
       126        100          0          1
       127        300          1          1
       128        102          0          1
       129        328          1          1
       130        379          0          1
       131        223          1          1
       132          1          0          1
       133        350          1          1
       134         30          0          1
       135        280          1          1
       136        174          0          1
       137          3          0          1
       138        374          0          1
       139        242          1          1
       140        153          0          1
       141        378          0          1
       142        181          1          1
       143        334          0          1
       144        149          0          1
       145        389          0          1
       146        336          1          1
       147        271          0          1
       148        143          0          1
       149          7          0          1
       150         46          1          1
       151        147          0          1
       152        220          0          1
       153        356          0          1
       154        168          1          1
       155        375          0          1
       156        353          0          1
       157        202          0          1
       158        105          0          1
       159        304          0          1
       160         24          1          1
       161        129          1          1
       162        233          0          1
       163         78          1          1
       164        123          0          1
       165        257          1          1
       166        190          0          1
       167         39          0          1
       168        380          1          1
       169        287          0          1
       170        295          0          1
       171        267          1          1
       172        277          0          1
       173        376          1          1
       174        252          0          1
       175        197          1          1
       176        294          0          1
       177        263          0          1
       178        293          0          1
       179         11          1          1
       180        207          0          1
       181        162          0          1
       182         16          1          1
       183        119          0          1
       184         27          1          1
       185         74          0          1
       186        216          0          1
       187        166          0          1
       188        363          0          1
       189        308          0          1
       190         45          1          1
       191        141          0          1
       192        268          1          1
       193        238          0          1
       194        318          1          1
       195        297          0          1
       196         44          0          1
       197         77          0          1
       198        341          1          1
       199        272          0          1
       200        237          1          1
       201         93          1          1
       202        209          0          1
       203        352          1          1
       204        284          0          1
       205        282          1          1
       206        384          0          1
       207        208          1          1
       208        180          0          1
       209         36          0          1
       210        399          0          1
       211        240          1          1
       212         34          0          1
       213         99          1          1
       214        157          0          1
       215        132          1          1
       216        388          0          1
       217         17          0          1
       218         98          0          1
       219        179          1          1
       220        176          0          1
       221        120          0          1
       222        386          1          1
       223        256          0          1
       224        241          0          1
       225        204          0          1
       226        244          1          1
       227        135          0          1
       228         60          0          1
       229        371          0          1
       230        214          1          1
       231         33          0          1
       232        210          1          1
       233          2          0          1
       234         12          1          1
       235        227          0          1
       236        269          1          1
       237        320          0          1
       238        387          1          1
       239         50          0          1
       240        291          1          1
       241        316          0          1
       242        169          0          1
       243        317          1          1
       244        167          0          1
       245        381          0          1
       246        192          0          1
       247         29          0          1
       248        319          0          1
       249         95          1          1
       250         21          0          1
       251        324          0          1
       252        396          0          1
       253         91          1          1
       254         55          0          1
       255        159          1          1
       256        146          0          1
       257        250          1          1
       258        109          0          1
       259         96          0          1
       260        288          0          1
       261        112          0          1
       262         10          1          1
       263        222          0          1
       264        126          1          1
       265         76          0          1
       266        281          1          1
       267        286          0          1
       268        251          0          1
       269        236          0          1
       270         97          0          1
       271        349          0          1
       272          6          0          1
       273        203          0          1
       274         38          0          1
       275        121          0          1
       276        246          1          1
       277        124          0          1
       278        113          1          1
       279        188          0          1
       280        177          1          1
       281        329          0          1
       282        289          0          1
       283        351          1          1
       284        213          0          1
       285         73          1          1
       286        369          0          1
       287        170          1          1
       288        345          0          1
       289        306          1          1
       290         71          0          1
       291        133          1          1
       292        311          0          1
       293        296          1          1
       294         68          0          1
       295        372          0          1
       296        325          0          1
       297        195          1          1
       298        313          0          1
       299        335          0          1
       300         88          0          1
       301        392          0          1
       302        367          1          1
       303        171          0          1
       304        383          1          1
       305        338          0          1
       306        276          0          1
       307        332          0          1
       308        173          1          1
       309        385          0          1
       310        262          1          1
       311        283          0          1
       312          5          0          1
       313        226          0          1
       314        393          1          1
       315         94          0          1
       316        151          0          1
       317         31          0          1
       318         42          0          1
       319         87          0          1
       320        312          0          1
       321        321          1          1
       322         18          0          1
       323        361          1          1
       324         86          0          1
       325        235          0          1
       326        228          1          1
       327        326          0          1
       328        274          0          1
       329        290          1          1
       330        248          0          1
       331        144          1          1
       332         20          0          1
       333        103          0          1
       334        118          0          1
       335        373          0          1
       336        229          0          1
       337        298          1          1
       338        266          0          1
       339        253          0          1
       340        185          0          1
       341        137          0          1
       342        377          0          1
       343        398          0          1
       344        130          0          1
       345        230          0          1
       346        183          0          1
       347         56          0          1
       348        358          1          1
       349        200          0          1
       350        161          1          1
       351        156          0          1
       352        323          0          1
       353        247          0          1
       354         15          1          1
       355         62          0          1
       356         70          1          1
       357        142          0          1
       358         63          1          1
       359        138          0          1
       360        255          1          1
       361        301          1          1
       362        122          0          1
       363        225          1          1
       364        117          0          1
       365        193          1          1
       366        194          0          1
       367        400          0          1
       368         82          0          1
       369        346          1          1
       370        370          0          1
       371         67          0          1
       372         65          1          1
       373        172          0          1
       374        101          0          1
       375        158          1          1
       376        330          0          1
       377        270          0          1
       378         51          0          1
       379         52          1          1
       380        333          0          1
       381        116          0          1
       382         54          1          1
       383         83          0          1
       384         90          1          1
       385         61          0          1
       386        322          1          1
       387        234          0          1
       388        239          1          1
       389        110          0          1
       390         49          1          1
       391         37          0          1
       392        364          0          1
       393         22          0          1
       394        206          1          1
       395        359          0          1
       396         28          1          1
       397        145          0          1
       398        199          0          1
       399        285          0          1
       400        264          0          1
                7007
configuration                    5                20000         3.4769440909932442E-01         2.9800000000000000E+02         1.3877787807814457E-17
         1        129          0          1
         2        132          0          1
         3         16          1          1
         4         42          0          1
         5        394          0          1
         6        152          0          1
         7        151          1          1
         8        288          0          1
         9        386          1          1
        10        353          0          1
        11        216          0          1
        12         71          1          1
        13        128          0          1
        14        276          0          1
        15         72          0          1
        16        391          1          1
        17         55          0          1
        18        237          1          1
        19        210          0          1
        20         92          1          1
        21         73          1          1
        22        255          0          1
        23        199          0          1
        24        400          1          1
        25        205          0          1
        26        399          1          1
        27        148          0          1
        28        341          1          1
        29        350          0          1
        30        165          1          1
        31        333          0          1
        32          5          0          1
        33        121          0          1
        34         43          1          1
        35        197          0          1
        36        267          0          1
        37        338          1          1
        38        305          0          1
        39         85          0          1
        40        142          0          1
        41        224          0          1
        42        101          0          1
        43        125          1          1
        44         25          0          1
        45        198          1          1
        46        275          0          1
        47        282          1          1
        48        229          0          1
        49        103          0          1
        50         80          0          1
        51         61          0          1
        52        318          0          1
        53        359          1          1
        54        219          0          1
        55        206          0          1
        56        250          0          1
        57         99          0          1
        58        348          1          1
        59        284          0          1
        60        238          1          1
        61        191          1          1
        62         45          0          1
        63        228          0          1
        64        183          1          1
        65        243          0          1
        66        274          0          1
        67        187          0          1
        68         29          0          1
        69        203          0          1
        70        265          1          1
        71          7          0          1
        72        200          0          1
        73        168          0          1
        74        110          1          1
        75         19          0          1
        76         28          1          1
        77        249          0          1
        78          4          0          1
        79        212          0          1
        80        354          0          1
        81        251          0          1
        82        371          0          1
        83        208          1          1
        84        314          0          1
        85        162          1          1
        86        303          0          1
        87        124          0          1
        88        244          1          1
        89        368          0          1
        90        189          0          1
        91         69          0          1
        92        347          0          1
        93        351          0          1
        94         27          0          1
        95        131          0          1
        96         84          0          1
        97         17          1          1
        98         95          0          1
        99        225          1          1
       100        173          0          1
       101          8          0          1
       102         51          0          1
       103         35          0          1
       104        145          1          1
       105        381          0          1
       106        146          1          1
       107         75          0          1
       108        339          0          1
       109         64          0          1
       110        352          0          1
       111        143          0          1
       112        248          1          1
       113        214          0          1
       114        345          0          1
       115        184          0          1
       116        323          1          1
       117        329          0          1
       118        302          1          1
       119         15          0          1
       120        373          1          1
       121        196          1          1
       122         26          0          1
       123         49          1          1
       124        118          0          1
       125        149          1          1
       126        349          0          1
       127         22          1          1
       128        156          0          1
       129         31          1          1
       130        379          0          1
       131        176          1          1
       132        230          0          1
       133         70          0          1
       134        221          1          1
       135         59          0          1
       136        174          0          1
       137        388          1          1
       138        108          0          1
       139        324          1          1
       140        153          0          1
       141        378          0          1
       142        262          1          1
       143        100          0          1
       144        278          1          1
       145        389          0          1
       146        115          0          1
       147        175          0          1
       148        292          1          1
       149        316          0          1
       150          3          1          1
       151        374          0          1
       152         48          1          1
       153        252          0          1
       154        291          0          1
       155        114          0          1
       156        362          0          1
       157        296          0          1
       158        311          1          1
       159        304          0          1
       160        336          1          1
       161        397          0          1
       162        233          0          1
       163        294          1          1
       164        123          0          1
       165         44          1          1
       166         60          0          1
       167        315          1          1
       168        396          0          1
       169        133          0          1
       170        232          0          1
       171        344          1          1
       172         10          0          1
       173        106          1          1
       174        312          0          1
       175        372          1          1
       176          6          0          1
       177        141          1          1
       178        218          0          1
       179        247          1          1
       180        170          0          1
       181        290          0          1
       182        307          1          1
       183        119          0          1
       184         98          1          1
       185         74          0          1
       186        355          1          1
       187        166          0          1
       188        334          1          1
       189         91          0          1
       190         65          1          1
       191         93          0          1
       192        207          1          1
       193        376          0          1
       194        246          1          1
       195        215          0          1
       196        342          0          1
       197         77          0          1
       198         57          1          1
       199        272          0          1
       200          9          0          1
       201        270          0          1
       202        209          0          1
       203         68          1          1
       204        280          0          1
       205        346          1          1
       206        384          0          1
       207        321          1          1
       208        180          0          1
       209        239          0          1
       210        337          0          1
       211        395          1          1
       212        258          0          1
       213        320          1          1
       214        253          0          1
       215        107          1          1
       216        360          0          1
       217        147          0          1
       218        235          0          1
       219        242          1          1
       220        111          0          1
       221        120          0          1
       222        126          0          1
       223        256          0          1
       224        163          0          1
       225         52          0          1
       226        140          1          1
       227        135          0          1
       228        366          0          1
       229        358          0          1
       230        113          1          1
       231         20          0          1
       232        150          1          1
       233        377          0          1
       234        127          1          1
       235        281          0          1
       236        340          1          1
       237        182          0          1
       238         82          0          1
       239        387          0          1
       240        186          1          1
       241         30          1          1
       242        169          0          1
       243        331          1          1
       244        380          0          1
       245         24          1          1
       246        192          0          1
       247        283          1          1
       248        319          0          1
       249        213          1          1
       250        382          0          1
       251        330          1          1
       252         79          0          1
       253        234          1          1
       254         46          0          1
       255        177          1          1
       256        223          0          1
       257         53          0          1
       258        326          0          1
       259         14          1          1
       260        367          0          1
       261        112          0          1
       262        298          0          1
       263        222          0          1
       264        317          1          1
       265        335          0          1
       266        277          0          1
       267        286          0          1
       268         54          0          1
       269        236          0          1
       270        356          0          1
       271        260          0          1
       272        361          1          1
       273        217          0          1
       274         41          0          1
       275        136          0          1
       276         38          0          1
       277        231          0          1
       278         12          1          1
       279        188          0          1
       280        365          1          1
       281        211          1          1
       282        357          0          1
       283        154          1          1
       284        105          0          1
       285        102          1          1
       286        306          0          1
       287        172          1          1
       288        285          0          1
       289        259          0          1
       290        104          0          1
       291         13          1          1
       292        204          0          1
       293         94          1          1
       294         47          0          1
       295        161          1          1
       296         97          0          1
       297         39          0          1
       298        313          0          1
       299         81          1          1
       300         88          0          1
       301        383          0          1
       302        201          0          1
       303        171          0          1
       304         90          0          1
       305        181          0          1
       306         63          1          1
       307        370          0          1
       308        264          0          1
       309        385          0          1
       310        158          1          1
       311         62          0          1
       312        130          1          1
       313        269          0          1
       314         36          0          1
       315        328          0          1
       316        308          1          1
       317        117          0          1
       318        325          1          1
       319         87          0          1
       320        159          1          1
       321        295          1          1
       322         18          0          1
       323        327          1          1
       324         86          0          1
       325        195          1          1
       326        227          0          1
       327        179          1          1
       328         11          0          1
       329        202          0          1
       330        134          0          1
       331        157          0          1
       332         66          0          1
       333        301          0          1
       334        332          1          1
       335          1          0          1
       336        220          0          1
       337        363          1          1
       338        266          0          1
       339         32          1          1
       340        185          0          1
       341        137          0          1
       342        164          1          1
       343        398          0          1
       344        390          1          1
       345        261          0          1
       346        273          1          1
       347         56          0          1
       348        190          0          1
       349        226          0          1
       350        138          1          1
       351        241          0          1
       352        322          0          1
       353         96          1          1
       354        375          0          1
       355         83          1          1
       356          2          0          1
       357        271          0          1
       358        297          1          1
       359         78          0          1
       360        160          1          1
       361        254          1          1
       362        122          0          1
       363         58          1          1
       364         40          0          1
       365        289          1          1
       366        194          0          1
       367        293          1          1
       368        139          0          1
       369         33          0          1
       370        245          0          1
       371        167          1          1
       372        116          0          1
       373         67          0          1
       374         37          1          1
       375        392          0          1
       376        309          0          1
       377        263          0          1
       378         34          0          1
       379        343          1          1
       380        299          0          1
       381         76          0          1
       382        287          1          1
       383        268          0          1
       384        393          0          1
       385         89          0          1
       386        155          1          1
       387        144          0          1
       388        279          1          1
       389        369          0          1
       390        178          1          1
       391        193          0          1
       392        109          0          1
       393        310          0          1
       394        364          0          1
       395        257          1          1
       396         21          0          1
       397         23          1          1
       398         50          0          1
       399        240          0          1
       400        300          0          1
                9366
configuration                    6                25000         4.4022101321915275E-01         2.9800000000000000E+02         1.0000000000000002E-01
         1         38          1          1
         2        132          0          1
         3        108          0          1
         4        168          0          1
         5        105          1          1
         6          7          0          1
         7        286          0          1
         8        187          0          1
         9        311          1          1
        10        207          0          1
        11        110          0          1
        12        347          1          1
        13        399          0          1
        14        197          0          1
        15        293          1          1
        16        115          0          1
        17        196          0          1
        18        336          0          1
        19        261          1          1
        20        175          0          1
        21        302          0          1
        22        362          0          1
        23         27          0          1
        24         69          1          1
        25        210          0          1
        26         10          1          1
        27        148          0          1
        28         66          1          1
        29        283          0          1
        30        198          0          1
        31        319          1          1
        32        375          0          1
        33        192          1          1
        34        297          0          1
        35        204          0          1
        36         11          1          1
        37        262          0          1
        38        252          0          1
        39        203          0          1
        40        179          1          1
        41        103          0          1
        42        150          0          1
        43        333          1          1
        44        211          0          1
        45        129          1          1
        46        291          0          1
        47        313          0          1
        48        288          0          1
        49        140          0          1
        50         42          1          1
        51         85          0          1
        52        381          1          1
        53        107          0          1
        54         51          0          1
        55        369          1          1
        56         46          0          1
        57        346          0          1
        58        306          0          1
        59        389          0          1
        60        256          0          1
        61        254          0          1
        62        154          0          1
        63        228          0          1
        64         67          1          1
        65        243          0          1
        66         82          0          1
        67         84          1          1
        68        380          0          1
        69        167          1          1
        70        335          0          1
        71        317          1          1
        72        102          0          1
        73        350          0          1
        74        370          1          1
        75        156          0          1
        76        268          0          1
        77        325          0          1
        78        182          1          1
        79         57          0          1
        80        312          0          1
        81         15          1          1
        82        371          0          1
        83        310          1          1
        84        314          0          1
        85         52          0          1
        86        393          0          1
        87        355          0          1
        88         45          0          1
        89         54          0          1
        90        251          0          1
        91        189          0          1
        92        184          0          1
        93        322          1          1
        94        292          0          1
        95        279          0          1
        96        133          1          1
        97        153          0          1
        98        191          0          1
        99        396          1          1
       100        173          0          1
       101          8          0          1
       102         44          1          1
       103         35          0          1
       104         24          0          1
       105        301          0          1
       106        119          0          1
       107        234          0          1
       108        400          1          1
       109        206          0          1
       110        321          0          1
       111        229          1          1
       112        382          0          1
       113        155          0          1
       114        250          1          1
       115        323          0          1
       116        326          0          1
       117         95          0          1
       118        157          0          1
       119        149          0          1
       120        300          1          1
       121        290          1          1
       122         26          0          1
       123        180          0          1
       124        267          0          1
       125        174          0          1
       126        343          1          1
       127         83          0          1
       128        101          0          1
       129        120          1          1
       130         62          0          1
       131         39          0          1
       132        342          1          1
       133        395          0          1
       134        208          0          1
       135         77          1          1
       136         36          0          1
       137         40          0          1
       138        308          0          1
       139         48          1          1
       140        365          0          1
       141        378          0          1
       142         37          1          1
       143        364          1          1
       144        151          0          1
       145        127          0          1
       146         65          0          1
       147        272          0          1
       148        230          1          1
       149         75          0          1
       150        219          0          1
       151         92          1          1
       152        131          0          1
       153         56          0          1
       154        294          0          1
       155        114          0          1
       156        200          1          1
       157         78          0          1
       158        193          1          1
       159        304          0          1
       160        359          0          1
       161        135          0          1
       162        233          0          1
       163        348          0          1
       164        329          0          1
       165         55          0          1
       166         90          0          1
       167        195          1          1
       168        213          0          1
       169         19          1          1
       170        232          0          1
       171        244          0          1
       172        249          1          1
       173        274          0          1
       174        118          1          1
       175        224          0          1
       176          6          0          1
       177        248          1          1
       178        218          0          1
       179        142          0          1
       180        170          0          1
       181        282          0          1
       182        226          1          1
       183        164          0          1
       184         32          1          1
       185        383          0          1
       186         81          1          1
       187        373          0          1
       188        130          0          1
       189         91          0          1
       190        104          1          1
       191         93          0          1
       192        181          0          1
       193        391          0          1
       194         30          0          1
       195          5          0          1
       196         31          0          1
       197        212          0          1
       198         16          0          1
       199        163          1          1
       200          9          0          1
       201        339          1          1
       202        209          0          1
       203        351          0          1
       204        128          0          1
       205        298          1          1
       206         80          0          1
       207         74          1          1
       208        277          0          1
       209        217          0          1
       210        295          0          1
       211        305          1          1
       212         28          0          1
       213        238          1          1
       214        253          0          1
       215        111          1          1
       216        360          0          1
       217        349          1          1
       218        235          0          1
       219        138          0          1
       220        337          0          1
       221         43          0          1
       222        141          1          1
       223        214          0          1
       224         50          1          1
       225        146          0          1
       226         29          1          1
       227        237          0          1
       228        275          1          1
       229        278          0          1
       230        361          0          1
       231        106          0          1
       232         61          1          1
       233        165          0          1
       234        162          1          1
       235        281          0          1
       236        270          1          1
       237        100          0          1
       238        366          1          1
       239        139          0          1
       240         18          1          1
       241        246          1          1
       242        169          0          1
       243        178          1          1
       244        387          0          1
       245         79          1          1
       246        126          0          1
       247         99          1          1
       248          1          0          1
       249        240          1          1
       250        123          0          1
       251         49          1          1
       252         71          0          1
       253         20          1          1
       254        125          0          1
       255        377          1          1
       256        223          0          1
       257          2          0          1
       258        264          0          1
       259        320          1          1
       260        152          0          1
       261        112          0          1
       262          4          0          1
       263        338          0          1
       264        303          1          1
       265         98          0          1
       266        257          1          1
       267        215          0          1
       268        263          1          1
       269        236          0          1
       270        386          0          1
       271        260          0          1
       272        394          1          1
       273        372          0          1
       274        296          1          1
       275        289          0          1
       276         73          0          1
       277         41          0          1
       278         25          1          1
       279        201          0          1
       280        392          1          1
       281        116          1          1
       282        357          0          1
       283        255          1          1
       284        354          0          1
       285        388          1          1
       286        145          0          1
       287        324          0          1
       288        134          0          1
       289        330          0          1
       290         22          1          1
       291        121          0          1
       292        390          0          1
       293        269          0          1
       294         47          0          1
       295         17          1          1
       296         97          0          1
       297        353          0          1
       298         33          0          1
       299        397          1          1
       300         88          0          1
       301        376          0          1
       302        247          0          1
       303        171          0          1
       304        216          1          1
       305        363          0          1
       306        159          0          1
       307         23          1          1
       308        273          0          1
       309        259          0          1
       310         13          0          1
       311        183          0          1
       312        309          0          1
       313        316          0          1
       314        315          0          1
       315        328          0          1
       316        190          0          1
       317        340          0          1
       318         60          1          1
       319         87          0          1
       320        124          0          1
       321        188          1          1
       322        345          0          1
       323        225          1          1
       324        221          0          1
       325        379          1          1
       326        113          0          1
       327        222          0          1
       328        341          0          1
       329        172          1          1
       330        147          0          1
       331        307          1          1
       332        166          0          1
       333        280          0          1
       334        327          0          1
       335         96          1          1
       336        220          0          1
       337        231          0          1
       338        266          0          1
       339        265          1          1
       340        185          0          1
       341        137          0          1
       342         86          1          1
       343        398          0          1
       344        318          1          1
       345        367          0          1
       346        241          1          1
       347        158          0          1
       348        136          1          1
       349         64          0          1
       350        385          0          1
       351        356          0          1
       352        199          0          1
       353         70          0          1
       354        242          1          1
       355        176          0          1
       356        160          1          1
       357        271          0          1
       358        205          1          1
       359        161          0          1
       360        334          1          1
       361        258          0          1
       362        122          0          1
       363        331          1          1
       364        239          0          1
       365         58          1          1
       366        194          0          1
       367        384          0          1
       368        344          0          1
       369         14          1          1
       370        245          0          1
       371         63          1          1
       372         94          0          1
       373        117          0          1
       374         59          0          1
       375        368          1          1
       376        143          0          1
       377        352          1          1
       378         34          0          1
       379        287          0          1
       380        299          0          1
       381         76          0          1
       382         72          1          1
       383         12          0          1
       384        358          0          1
       385         89          0          1
       386        374          1          1
       387        144          0          1
       388         68          0          1
       389        285          0          1
       390        109          1          1
       391        202          0          1
       392         21          0          1
       393        227          1          1
       394        332          0          1
       395          3          0          1
       396         53          1          1
       397        276          0          1
       398        284          0          1
       399        177          0          1
       400        186          1          1
               11746
configuration                    7                30000         5.2848973568522484E-01         2.9800000000000000E+02         1.3877787807814457E-17
         1         51          0          1
         2        344          0          1
         3        167          1          1
         4        168          0          1
         5        122          0          1
         6        170          0          1
         7        254          1          1
         8         94          0          1
         9        177          0          1
        10        388          0          1
        11        187          1          1
        12        326          0          1
        13        183          0          1
        14        197          0          1
        15        212          1          1
        16        216          0          1
        17        137          1          1
        18        229          0          1
        19        295          0          1
        20        235          0          1
        21        193          0          1
        22        138          1          1
        23         61          0          1
        24         67          1          1
        25        210          0          1
        26        231          0          1
        27        393          0          1
        28        348          1          1
        29        241          0          1
        30        116          1          1
        31         29          0          1
        32         33          1          1
        33        178          0          1
        34          4          1          1
        35        204          0          1
        36        378          1          1
        37         54          0          1
        38        248          0          1
        39        318          0          1
        40         57          1          1
        41        243          0          1
        42        101          0          1
        43         77          1          1
        44         65          0          1
        45        188          0          1
        46        265          1          1
        47        306          0          1
        48        186          0          1
        49        316          0          1
        50        277          0          1
        51        262          1          1
        52        369          0          1
        53        291          1          1
        54        334          0          1
        55        338          1          1
        56          9          0          1
        57        118          1          1
        58        247          0          1
        59         32          1          1
        60        220          0          1
        61        304          0          1
        62         58          1          1
        63         82          0          1
        64        246          0          1
        65        301          1          1
        66         13          0          1
        67        283          0          1
        68        270          1          1
        69        314          0          1
        70        258          0          1
        71        180          0          1
        72         18          1          1
        73         84          0          1
        74        108          1          1
        75        225          0          1
        76        267          0          1
        77        339          0          1
        78        145          0          1
        79        104          0          1
        80        139          1          1
        81        190          0          1
        82        135          0          1
        83        323          1          1
        84         38          0          1
        85        191          0          1
        86         66          0          1
        87        285          0          1
        88         70          0          1
        89        192          1          1
        90         68          0          1
        91        357          1          1
        92        129          0          1
        93        310          0          1
        94        157          0          1
        95        172          0          1
        96        268          1          1
        97        189          0          1
        98         27          0          1
        99         60          1          1
       100        173          0          1
       101          8          0          1
       102         40          1          1
       103         35          0          1
       104        261          1          1
       105        224          0          1
       106        238          1          1
       107        201          0          1
       108        159          1          1
       109        330          0          1
       110         97          0          1
       111        342          0          1
       112         21          1          1
       113         22          0          1
       114        337          0          1
       115        174          0          1
       116        134          0          1
       117         96          0          1
       118        354          1          1
       119         31          0          1
       120        213          1          1
       121        302          1          1
       122         26          0          1
       123        175          0          1
       124        162          0          1
       125        215          1          1
       126        233          0          1
       127         43          0          1
       128         62          0          1
       129         11          1          1
       130        165          0          1
       131        255          1          1
       132        123          0          1
       133        263          1          1
       134        256          0          1
       135        259          0          1
       136         36          0          1
       137         16          1          1
       138        308          0          1
       139         52          1          1
       140         50          0          1
       141        107          0          1
       142         10          1          1
       143        160          0          1
       144        325          1          1
       145        251          0          1
       146        280          1          1
       147        386          0          1
       148        359          0          1
       149         86          0          1
       150        237          0          1
       151        161          0          1
       152        340          1          1
       153        355          0          1
       154        239          1          1
       155        114          0          1
       156        136          0          1
       157         78          0          1
       158         95          1          1
       159        209          0          1
       160         87          0          1
       161        155          1          1
       162        343          0          1
       163        200          1          1
       164        329          0          1
       165        312          0          1
       166        313          0          1
       167        375          0          1
       168         49          0          1
       169        223          0          1
       170        361          0          1
       171        111          0          1
       172        352          0          1
       173          5          1          1
       174        350          0          1
       175        128          1          1
       176        227          0          1
       177        109          1          1
       178        100          0          1
       179        383          1          1
       180        195          0          1
       181        371          0          1
       182        273          1          1
       183        164          0          1
       184         53          1          1
       185        206          0          1
       186        395          0          1
       187        315          1          1
       188        102          0          1
       189        125          0          1
       190        232          1          1
       191         25          0          1
       192        356          0          1
       193        391          0          1
       194         69          1          1
       195        319          0          1
       196        222          1          1
       197        166          0          1
       198        349          0          1
       199        266          0          1
       200        292          1          1
       201        376          1          1
       202        226          0          1
       203        242          0          1
       204         59          0          1
       205        372          1          1
       206        150          0          1
       207        236          0          1
       208        365          1          1
       209        198          0          1
       210        374          0          1
       211        288          1          1
       212         28          0          1
       213        142          1          1
       214        289          0          1
       215        182          1          1
       216        284          0          1
       217        133          1          1
       218        345          0          1
       219        384          1          1
       220        156          0          1
       221         30          0          1
       222        346          1          1
       223          6          0          1
       224         56          1          1
       225        211          0          1
       226         44          1          1
       227        245          0          1
       228         15          0          1
       229        278          0          1
       230         90          0          1
       231        335          0          1
       232        240          1          1
       233         20          0          1
       234        297          1          1
       235        230          0          1
       236        115          0          1
       237        119          0          1
       238        141          1          1
       239        311          0          1
       240         12          1          1
       241         72          1          1
       242         14          0          1
       243        250          1          1
       244        387          0          1
       245         73          0          1
       246        126          0          1
       247        347          0          1
       248        327          1          1
       249        293          0          1
       250        110          0          1
       251        370          0          1
       252         71          0          1
       253        275          0          1
       254        377          0          1
       255         81          1          1
       256        380          0          1
       257        257          1          1
       258        264          0          1
       259          1          1          1
       260        152          0          1
       261        228          0          1
       262        221          1          1
       263        117          0          1
       264        389          1          1
       265         98          0          1
       266        130          0          1
       267        105          1          1
       268        362          0          1
       269        106          0          1
       270        194          1          1
       271        397          0          1
       272         88          1          1
       273        309          0          1
       274        287          1          1
       275        171          0          1
       276        146          1          1
       277         41          0          1
       278        249          0          1
       279         37          0          1
       280        281          1          1
       281        272          1          1
       282        390          0          1
       283        181          1          1
       284        305          0          1
       285        151          1          1
       286        300          0          1
       287        279          0          1
       288        184          0          1
       289        385          1          1
       290        199          0          1
       291        269          1          1
       292        252          0          1
       293        271          1          1
       294         79          0          1
       295         47          1          1
       296        296          0          1
       297        336          1          1
       298        131          0          1
       299        244          1          1
       300         85          0          1
       301         17          0          1
       302        202          1          1
       303        147          0          1
       304        290          0          1
       305        363          0          1
       306         19          1          1
       307          2          0          1
       308        158          1          1
       309        127          0          1
       310         46          1          1
       311        217          0          1
       312        214          1          1
       313        207          0          1
       314        149          1          1
       315        103          0          1
       316        153          1          1
       317        399          0          1
       318        366          1          1
       319         23          0          1
       320        381          1          1
       321         24          0          1
       322        124          0          1
       323        154          1          1
       324        364          0          1
       325        253          1          1
       326        113          0          1
       327        208          1          1
       328        341          0          1
       329        368          1          1
       330        331          0          1
       331         92          0          1
       332        234          0          1
       333         63          1          1
       334         93          0          1
       335         45          1          1
       336        219          0          1
       337        274          1          1
       338         99          0          1
       339        196          1          1
       340        394          0          1
       341         74          0          1
       342        294          1          1
       343        398          0          1
       344        282          1          1
       345        367          0          1
       346        121          1          1
       347        328          0          1
       348        400          0          1
       349        143          0          1
       350        353          1          1
       351        298          0          1
       352        392          0          1
       353        373          0          1
       354        358          1          1
       355         48          0          1
       356        307          1          1
       357        148          0          1
       358        317          0          1
       359         39          0          1
       360         64          0          1
       361        351          1          1
       362        185          0          1
       363         91          1          1
       364        203          0          1
       365        163          1          1
       366        324          0          1
       367         55          1          1
       368         75          0          1
       369         42          1          1
       370        169          0          1
       371        303          1          1
       372        396          0          1
       373         80          1          1
       374        379          0          1
       375        333          1          1
       376        140          0          1
       377        112          1          1
       378         34          0          1
       379        260          1          1
       380        320          0          1
       381         76          0          1
       382        332          0          1
       383        205          0          1
       384        299          1          1
       385         89          0          1
       386        321          1          1
       387        120          0          1
       388        176          1          1
       389        322          0          1
       390        218          1          1
       391        144          0          1
       392        132          1          1
       393        360          0          1
       394        382          1          1
       395          3          0          1
       396         83          1          1
       397        276          0          1
       398        286          1          1
       399        179          0          1
       400          7          1          1
               14106
configuration                    8                35000         6.1719785111687431E-01         2.9800000000000000E+02         1.3877787807814457E-17
         1         54          1          1
         2        108          0          1
         3        233          1          1
         4        293          0          1
         5        113          0          1
         6          6          1          1
         7        105          0          1
         8         94          0          1
         9        139          0          1
        10        310          0          1
        11        391          1          1
        12        326          0          1
        13        354          1          1
        14        322          0          1
        15        370          1          1
        16        396          0          1
        17        306          0          1
        18        215          0          1
        19         69          0          1
        20        339          0          1
        21        230          0          1
        22        137          0          1
        23        375          0          1
        24        144          0          1
        25        203          0          1
        26        280          0          1
        27        336          1          1
        28        343          0          1
        29        231          0          1
        30        325          1          1
        31        135          0          1
        32         84          1          1
        33        372          0          1
        34        204          1          1
        35        271          0          1
        36        311          0          1
        37         52          1          1
        38        195          0          1
        39        319          0          1
        40         44          0          1
        41         30          1          1
        42        235          0          1
        43        332          1          1
        44         66          0          1
        45        342          1          1
        46        159          0          1
        47        189          0          1
        48        186          0          1
        49        386          0          1
        50        277          0          1
        51         42          1          1
        52        369          0          1
        53         45          1          1
        54        334          0          1
        55        282          1          1
        56         97          0          1
        57        351          0          1
        58         21          0          1
        59        363          1          1
        60        398          0          1
        61        304          0          1
        62        392          1          1
        63        214          0          1
        64         88          1          1
        65        381          0          1
        66        368          1          1
        67        151          0          1
        68        109          1          1
        69        314          0          1
        70         50          0          1
        71        124          0          1
        72         85          1          1
        73        110          0          1
        74        344          1          1
        75        365          0          1
        76        347          1          1
        77        145          0          1
        78         93          1          1
        79        262          0          1
        80        227          1          1
        81        298          0          1
        82         25          0          1
        83        291          0          1
        84        175          0          1
        85        257          0          1
        86        122          0          1
        87         65          1          1
        88        283          0          1
        89        211          0          1
        90         68          0          1
        91        248          0          1
        92        129          0          1
        93        115          0          1
        94        303          0          1
        95        312          1          1
        96        126          0          1
        97        216          1          1
        98        158          0          1
        99        335          1          1
       100         59          0          1
       101        169          0          1
       102        316          1          1
       103        184          0          1
       104         67          0          1
       105          5          1          1
       106         16          0          1
       107        140          0          1
       108        240          1          1
       109        100          0          1
       110        127          1          1
       111        163          0          1
       112        177          1          1
       113         95          0          1
       114         61          1          1
       115        174          0          1
       116        265          1          1
       117        340          0          1
       118        172          1          1
       119        116          0          1
       120         74          0          1
       121        130          1          1
       122          2          0          1
       123        348          0          1
       124        194          1          1
       125        259          0          1
       126        287          0          1
       127         62          0          1
       128        278          0          1
       129        119          0          1
       130        165          0          1
       131        374          1          1
       132        221          0          1
       133         34          1          1
       134         80          0          1
       135        253          0          1
       136         36          0          1
       137        251          0          1
       138        266          0          1
       139        289          1          1
       140        220          0          1
       141        138          0          1
       142        382          1          1
       143         22          0          1
       144         51          0          1
       145          1          1          1
       146        373          0          1
       147        268          0          1
       148        301          1          1
       149        269          0          1
       150        367          1          1
       151        161          0          1
       152        333          1          1
       153        101          0          1
       154        171          1          1
       155        114          0          1
       156        156          0          1
       157        385          0          1
       158        388          0          1
       159        264          0          1
       160        222          1          1
       161        320          0          1
       162         24          0          1
       163         56          0          1
       164        180          0          1
       165        173          0          1
       166        192          0          1
       167        111          1          1
       168        307          0          1
       169        168          0          1
       170        361          0          1
       171        239          1          1
       172        352          0          1
       173        255          0          1
       174        350          0          1
       175        250          1          1
       176        383          0          1
       177         37          0          1
       178         55          1          1
       179        356          0          1
       180         53          0          1
       181        330          0          1
       182        362          1          1
       183         32          0          1
       184        229          0          1
       185        206          0          1
       186        234          1          1
       187        378          0          1
       188        244          0          1
       189        125          0          1
       190        118          1          1
       191        191          0          1
       192        364          1          1
       193        317          0          1
       194        183          1          1
       195        162          0          1
       196        149          0          1
       197         47          1          1
       198        157          0          1
       199        302          1          1
       200        243          0          1
       201         15          1          1
       202        384          0          1
       203        349          0          1
       204        107          0          1
       205        288          1          1
       206          7          0          1
       207        285          1          1
       208         10          0          1
       209        201          1          1
       210        389          0          1
       211         28          1          1
       212        170          0          1
       213         27          1          1
       214        315          0          1
       215         77          1          1
       216        292          0          1
       217        166          0          1
       218        106          1          1
       219        395          0          1
       220         86          0          1
       221         82          0          1
       222        300          0          1
       223        252          0          1
       224        123          0          1
       225        297          0          1
       226         58          0          1
       227         19          0          1
       228        358          1          1
       229        188          0          1
       230        226          1          1
       231         11          0          1
       232         72          0          1
       233         20          0          1
       234        217          0          1
       235        387          0          1
       236        236          0          1
       237        256          1          1
       238        146          0          1
       239        390          0          1
       240        120          0          1
       241         96          1          1
       242         14          0          1
       243        353          1          1
       244        249          0          1
       245        181          1          1
       246         83          0          1
       247        313          1          1
       248        121          0          1
       249        176          1          1
       250         81          0          1
       251        102          0          1
       252         71          0          1
       253         78          0          1
       254        247          0          1
       255        209          1          1
       256        228          0          1
       257        357          0          1
       258        321          0          1
       259          4          1          1
       260        152          0          1
       261        360          0          1
       262        380          1          1
       263        377          0          1
       264        242          1          1
       265         38          0          1
       266        147          1          1
       267         48          0          1
       268        225          1          1
       269        329          0          1
       270         90          1          1
       271        397          0          1
       272        274          1          1
       273        309          0          1
       274        331          1          1
       275        246          0          1
       276        270          0          1
       277        261          0          1
       278         73          1          1
       279         57          0          1
       280        294          1          1
       281        254          0          1
       282         40          0          1
       283        260          1          1
       284        305          0          1
       285         39          1          1
       286        198          0          1
       287        245          0          1
       288        196          0          1
       289         33          1          1
       290         60          0          1
       291        379          1          1
       292        238          0          1
       293        210          1          1
       294         79          0          1
       295        112          1          1
       296        296          0          1
       297        224          1          1
       298        131          0          1
       299        338          1          1
       300        318          0          1
       301         17          0          1
       302        136          0          1
       303         13          0          1
       304        393          1          1
       305        187          0          1
       306        182          1          1
       307        286          0          1
       308          3          1          1
       309        232          0          1
       310         91          1          1
       311        284          0          1
       312          9          1          1
       313         64          0          1
       314         12          1          1
       315        103          0          1
       316        258          0          1
       317        399          0          1
       318        223          1          1
       319         23          0          1
       320        376          1          1
       321        178          1          1
       322        276          0          1
       323        117          1          1
       324        290          0          1
       325        359          0          1
       326         31          0          1
       327        272          0          1
       328          8          0          1
       329        134          1          1
       330        128          0          1
       331        155          0          1
       332        218          0          1
       333        164          0          1
       334         35          0          1
       335         18          1          1
       336        219          0          1
       337        281          1          1
       338         99          0          1
       339         92          0          1
       340        394          0          1
       341        366          0          1
       342        273          0          1
       343        263          0          1
       344        193          1          1
       345        371          0          1
       346         98          0          1
       347        328          0          1
       348        279          1          1
       349        143          0          1
       350        133          1          1
       351        179          0          1
       352         41          1          1
       353        150          0          1
       354        190          1          1
       355        167          0          1
       356         26          1          1
       357        148          0          1
       358         63          1          1
       359        160          0          1
       360        337          1          1
       361        400          0          1
       362        185          0          1
       363        267          1          1
       364        346          0          1
       365        327          1          1
       366        324          0          1
       367        275          1          1
       368         75          0          1
       369         29          1          1
       370        153          0          1
       371         87          0          1
       372        141          0          1
       373        212          0          1
       374        197          0          1
       375         76          1          1
       376        154          0          1
       377        323          1          1
       378        308          0          1
       379        104          1          1
       380        345          0          1
       381        237          0          1
       382        341          0          1
       383        205          0          1
       384         49          1          1
       385         89          0          1
       386        295          0          1
       387         46          0          1
       388        299          1          1
       389        241          0          1
       390        213          1          1
       391        355          0          1
       392        132          1          1
       393        142          0          1
       394        208          1          1
       395         43          0          1
       396         70          1          1
       397        199          0          1
       398        200          0          1
       399        207          0          1
       400        202          1          1
               16481
configuration                    9                40000         7.0621690308250062E-01         2.9800000000000000E+02         1.3877787807814457E-17
         1        342          0          1
         2         72          0          1
         3        330          1          1
         4         38          0          1
         5        191          1          1
         6        386          0          1
         7        349          1          1
         8        327          0          1
         9        247          1          1
        10        310          0          1
        11         45          1          1
        12          1          0          1
        13        244          1          1
        14        366          0          1
        15         48          1          1
        16         65          0          1
        17        223          1          1
        18        187          0          1
        19         36          1          1
        20        231          0          1
        21        230          0          1
        22         93          1          1
        23         34          0          1
        24        399          1          1
        25         76          0          1
        26        253          1          1
        27        396          0          1
        28        217          1          1
        29        263          0          1
        30        167          1          1
        31        135          0          1
        32        364          0          1
        33        372          0          1
        34        335          1          1
        35        271          0          1
        36        198          1          1
        37        376          0          1
        38         77          1          1
        39        303          0          1
        40        262          1          1
        41        350          1          1
        42        235          0          1
        43         80          0          1
        44        134          0          1
        45        373          0          1
        46        398          0          1
        47        274          1          1
        48         40          0          1
        49        209          0          1
        50        196          0          1
        51        333          1          1
        52        369          0          1
        53        132          0          1
        54        334          0          1
        55        355          1          1
        56         97          0          1
        57         55          1          1
        58        225          0          1
        59         78          1          1
        60         70          0          1
        61        304          0          1
        62        257          1          1
        63        147          0          1
        64        226          1          1
        65        337          0          1
        66        129          0          1
        67        325          0          1
        68        400          1          1
        69        200          0          1
        70        201          0          1
        71        124          0          1
        72         51          0          1
        73        110          0          1
        74        347          1          1
        75        365          0          1
        76        126          1          1
        77         96          0          1
        78        291          0          1
        79        104          0          1
        80        311          0          1
        81        176          1          1
        82         25          0          1
        83        248          0          1
        84         62          0          1
        85        179          1          1
        86        119          0          1
        87         21          1          1
        88        283          0          1
        89        340          0          1
        90         68          0          1
        91        178          0          1
        92         92          0          1
        93        105          0          1
        94        224          0          1
        95        131          0          1
        96         33          0          1
        97        109          1          1
        98        158          0          1
        99         90          1          1
       100        338          0          1
       101        169          0          1
       102        336          1          1
       103        184          0          1
       104        171          1          1
       105        280          0          1
       106        215          1          1
       107         32          0          1
       108         84          1          1
       109        100          0          1
       110         39          0          1
       111        163          0          1
       112         26          1          1
       113        256          0          1
       114        339          1          1
       115        172          0          1
       116        320          0          1
       117        353          0          1
       118        288          1          1
       119        116          0          1
       120        214          1          1
       121        295          1          1
       122        381          0          1
       123         42          1          1
       124        182          0          1
       125        276          0          1
       126        394          0          1
       127         31          1          1
       128        249          0          1
       129        206          0          1
       130        313          0          1
       131        308          1          1
       132        221          0          1
       133         69          1          1
       134         29          0          1
       135         27          0          1
       136        183          1          1
       137        157          0          1
       138        266          0          1
       139        328          0          1
       140        220          0          1
       141        138          0          1
       142        162          1          1
       143          3          0          1
       144        331          1          1
       145        332          0          1
       146        317          1          1
       147        268          0          1
       148         14          0          1
       149        193          1          1
       150        270          0          1
       151        380          0          1
       152        258          0          1
       153        101          0          1
       154        285          1          1
       155        114          0          1
       156        107          0          1
       157         73          0          1
       158        164          1          1
       159        264          0          1
       160        123          1          1
       161        314          1          1
       162         24          0          1
       163        360          1          1
       164        111          0          1
       165         23          1          1
       166        192          0          1
       167        186          1          1
       168        307          0          1
       169        160          0          1
       170        155          0          1
       171        290          1          1
       172        352          0          1
       173        382          1          1
       174        106          0          1
       175         52          0          1
       176        136          1          1
       177        208          0          1
       178        177          0          1
       179        185          1          1
       180         53          0          1
       181        278          0          1
       182         41          0          1
       183        202          0          1
       184        359          1          1
       185        207          0          1
       186        384          1          1
       187        137          0          1
       188        227          1          1
       189        306          0          1
       190         71          1          1
       191        168          0          1
       192         12          1          1
       193        238          0          1
       194        232          0          1
       195        282          1          1
       196        300          0          1
       197        212          0          1
       198        139          1          1
       199        341          0          1
       200        242          1          1
       201        323          0          1
       202        125          1          1
       203        245          0          1
       204        392          0          1
       205         79          0          1
       206         64          0          1
       207        112          1          1
       208         10          0          1
       209        190          1          1
       210        389          0          1
       211        159          0          1
       212        170          0          1
       213         89          1          1
       214        315          0          1
       215        289          0          1
       216        292          0          1
       217        108          0          1
       218        383          0          1
       219        146          1          1
       220         86          0          1
       221         54          0          1
       222        203          0          1
       223        252          0          1
       224          6          0          1
       225        254          0          1
       226        309          1          1
       227        312          0          1
       228        267          1          1
       229        188          0          1
       230        204          1          1
       231        354          0          1
       232        166          1          1
       233         20          0          1
       234        346          1          1
       235        387          0          1
       236        388          1          1
       237        358          0          1
       238        391          1          1
       239        390          0          1
       240        379          1          1
       241        367          0          1
       242        115          1          1
       243        326          0          1
       244        301          1          1
       245        194          0          1
       246         61          0          1
       247        213          1          1
       248        121          0          1
       249        370          1          1
       250         81          0          1
       251        269          0          1
       252         95          0          1
       253         17          1          1
       254        151          0          1
       255         50          1          1
       256        228          0          1
       257        298          0          1
       258        321          0          1
       259        357          1          1
       260        152          0          1
       261        161          1          1
       262        281          0          1
       263        165          1          1
       264        378          0          1
       265        362          0          1
       266         22          0          1
       267        385          0          1
       268         37          1          1
       269        329          0          1
       270         63          1          1
       271        397          0          1
       272        277          0          1
       273        239          0          1
       274        240          1          1
       275        246          0          1
       276        173          1          1
       277        261          0          1
       278        374          1          1
       279         57          0          1
       280        140          0          1
       281        345          0          1
       282        302          1          1
       283        211          0          1
       284        255          0          1
       285        236          1          1
       286        175          0          1
       287        299          1          1
       288         56          0          1
       289         59          0          1
       290         60          0          1
       291         19          1          1
       292        259          0          1
       293        174          1          1
       294        393          0          1
       295        395          1          1
       296        348          0          1
       297          7          1          1
       298        149          0          1
       299        343          1          1
       300         75          0          1
       301        233          0          1
       302         58          0          1
       303        156          0          1
       304        319          0          1
       305        229          0          1
       306          2          1          1
       307        272          0          1
       308          4          1          1
       309        145          0          1
       310        234          0          1
       311        284          0          1
       312        318          1          1
       313        180          0          1
       314         11          1          1
       315        103          0          1
       316        279          1          1
       317         66          0          1
       318        113          1          1
       319         94          0          1
       320        351          1          1
       321        117          1          1
       322         16          0          1
       323        275          0          1
       324        371          0          1
       325         91          1          1
       326         28          0          1
       327        199          1          1
       328        316          0          1
       329        195          1          1
       330        128          0          1
       331        181          0          1
       332        361          0          1
       333        143          1          1
       334         35          0          1
       335        296          0          1
       336        377          0          1
       337        273          1          1
       338         99          0          1
       339         82          1          1
       340         18          0          1
       341        375          0          1
       342         47          0          1
       343         44          0          1
       344         83          0          1
       345        205          0          1
       346        243          1          1
       347        260          0          1
       348          5          1          1
       349        237          0          1
       350        219          1          1
       351        120          0          1
       352        305          1          1
       353        150          0          1
       354         98          1          1
       355        297          0          1
       356        344          1          1
       357        148          0          1
       358        216          1          1
       359        218          0          1
       360        265          1          1
       361        356          0          1
       362        287          0          1
       363        127          1          1
       364        293          0          1
       365        118          1          1
       366        324          0          1
       367          9          1          1
       368        102          0          1
       369        322          1          1
       370        153          0          1
       371         67          1          1
       372        141          0          1
       373        189          1          1
       374        197          0          1
       375        222          1          1
       376        133          0          1
       377        154          1          1
       378         87          0          1
       379        286          1          1
       380         13          0          1
       381         30          1          1
       382        142          0          1
       383         88          0          1
       384        210          1          1
       385        122          0          1
       386        250          1          1
       387         46          0          1
       388         85          1          1
       389        241          0          1
       390         74          1          1
       391          8          0          1
       392        251          0          1
       393         49          0          1
       394        368          1          1
       395        363          0          1
       396        130          1          1
       397         43          0          1
       398         15          0          1
       399        144          0          1
       400        294          0          1
               18832
configuration                   10                45000         7.9313975736736320E-01         2.9800000000000000E+02         1.3877787807814457E-17
         1        144          1          1
         2         72          0          1
         3        179          1          1
         4         38          0          1
         5        262          1          1
         6        386          0          1
         7        248          0          1
         8         31          0          1
         9        296          1          1
        10        310          0          1
        11        167          1          1
        12          1          0          1
        13        224          0          1
        14        183          1          1
        15        312          0          1
        16         65          0          1
        17        392          1          1
        18        216          0          1
        19        194          0          1
        20        191          0          1
        21        125          0          1
        22        272          0          1
        23         34          0          1
        24        135          1          1
        25        171          0          1
        26        324          1          1
        27        396          0          1
        28         54          0          1
        29        263          0          1
        30        209          1          1
        31         73          0          1
        32        269          1          1
        33        119          0          1
        34          5          0          1
        35        271          0          1
        36        356          1          1
        37        328          0          1
        38         42          0          1
        39        164          0          1
        40         32          1          1
        41        123          0          1
        42         21          0          1
        43        397          0          1
        44        379          0          1
        45        360          1          1
        46        398          0          1
        47        281          0          1
        48        303          1          1
        49        148          0          1
        50        219          0          1
        51        287          1          1
        52        133          0          1
        53        388          0          1
        54         57          0          1
        55         55          1          1
        56         97          0          1
        57         41          0          1
        58        207          1          1
        59        195          0          1
        60          9          0          1
        61        275          0          1
        62        203          1          1
        63        147          0          1
        64          6          1          1
        65        337          0          1
        66        237          0          1
        67        301          1          1
        68        321          0          1
        69        154          0          1
        70         25          0          1
        71        221          0          1
        72        129          1          1
        73        108          0          1
        74         89          0          1
        75        365          0          1
        76        326          1          1
        77        200          0          1
        78        249          0          1
        79         12          0          1
        80        376          1          1
        81         77          1          1
        82        251          0          1
        83        162          0          1
        84        363          0          1
        85        260          1          1
        86        104          0          1
        87        258          0          1
        88         63          0          1
        89        317          1          1
        90         87          0          1
        91        339          1          1
        92         96          0          1
        93         26          1          1
        94         58          0          1
        95        253          1          1
        96        134          0          1
        97         33          1          1
        98        181          0          1
        99         99          0          1
       100        338          0          1
       101        169          0          1
       102         79          0          1
       103        184          0          1
       104         15          0          1
       105        280          0          1
       106        259          0          1
       107        180          0          1
       108        210          1          1
       109        305          0          1
       110        174          0          1
       111        242          0          1
       112         60          1          1
       113        318          0          1
       114        298          1          1
       115        315          0          1
       116        277          1          1
       117        342          0          1
       118        177          1          1
       119        116          0          1
       120         28          0          1
       121         39          1          1
       122        381          0          1
       123        273          1          1
       124        384          0          1
       125        114          0          1
       126        394          0          1
       127        292          0          1
       128         22          0          1
       129        250          0          1
       130        371          1          1
       131        233          0          1
       132         11          0          1
       133        322          0          1
       134        355          0          1
       135        316          1          1
       136          2          0          1
       137         98          0          1
       138        374          0          1
       139        350          1          1
       140        220          0          1
       141        138          0          1
       142        270          1          1
       143          3          0          1
       144         83          1          1
       145        332          0          1
       146        143          0          1
       147        279          0          1
       148         85          1          1
       149          4          0          1
       150        274          0          1
       151         92          1          1
       152         13          0          1
       153        368          0          1
       154         66          1          1
       155        282          0          1
       156        156          1          1
       157        236          0          1
       158        189          1          1
       159        369          0          1
       160         68          1          1
       161        245          0          1
       162         24          0          1
       163         10          1          1
       164        111          0          1
       165        343          0          1
       166        375          0          1
       167        325          1          1
       168        307          0          1
       169        300          1          1
       170         59          0          1
       171        232          0          1
       172        352          0          1
       173        330          1          1
       174        139          0          1
       175         61          1          1
       176        323          0          1
       177        226          1          1
       178        285          0          1
       179         43          1          1
       180         53          0          1
       181        278          0          1
       182        109          1          1
       183        153          0          1
       184        131          1          1
       185         36          0          1
       186        311          1          1
       187        137          0          1
       188        351          1          1
       189        306          0          1
       190        161          0          1
       191        168          0          1
       192         94          1          1
       193        238          0          1
       194        336          1          1
       195         51          0          1
       196        243          1          1
       197        212          0          1
       198        235          1          1
       199         93          0          1
       200        244          1          1
       201        163          1          1
       202        265          0          1
       203        357          1          1
       204        395          0          1
       205        372          0          1
       206        308          0          1
       207        267          1          1
       208        215          0          1
       209         44          1          1
       210        389          0          1
       211        204          1          1
       212        170          0          1
       213        400          0          1
       214        201          0          1
       215        283          1          1
       216        173          0          1
       217         76          1          1
       218        383          0          1
       219        117          1          1
       220         86          0          1
       221        225          0          1
       222         56          1          1
       223        190          0          1
       224        157          0          1
       225        295          1          1
       226        289          0          1
       227        231          0          1
       228        353          1          1
       229        188          0          1
       230        103          1          1
       231        255          0          1
       232        347          1          1
       233        345          0          1
       234        136          1          1
       235         48          0          1
       236         20          1          1
       237        358          0          1
       238         37          0          1
       239        256          0          1
       240         27          1          1
       241        178          1          1
       242        127          0          1
       243         62          1          1
       244         78          0          1
       245        172          0          1
       246        186          1          1
       247        229          0          1
       248        254          0          1
       249         64          1          1
       250         81          0          1
       251        297          1          1
       252         95          0          1
       253        314          1          1
       254        227          0          1
       255        346          1          1
       256        176          0          1
       257        370          0          1
       258         17          0          1
       259        155          1          1
       260        340          0          1
       261         45          0          1
       262         29          1          1
       263        288          0          1
       264        378          0          1
       265         91          1          1
       266        364          0          1
       267        149          1          1
       268        101          0          1
       269        217          0          1
       270        362          1          1
       271        290          0          1
       272        335          0          1
       273        239          0          1
       274        391          1          1
       275        320          0          1
       276        150          1          1
       277        261          0          1
       278         84          1          1
       279        390          0          1
       280        246          1          1
       281        286          1          1
       282        294          0          1
       283        199          0          1
       284        348          1          1
       285        105          0          1
       286        257          0          1
       287        299          0          1
       288        333          0          1
       289        151          1          1
       290        268          0          1
       291        309          0          1
       292        240          1          1
       293        291          0          1
       294        393          0          1
       295         23          0          1
       296        166          0          1
       297         70          1          1
       298        213          0          1
       299        152          0          1
       300         75          0          1
       301        142          0          1
       302        211          0          1
       303         74          1          1
       304        264          0          1
       305        187          0          1
       306        158          1          1
       307        302          0          1
       308        107          0          1
       309        266          0          1
       310        106          0          1
       311         52          0          1
       312          8          0          1
       313        304          0          1
       314        349          1          1
       315         35          0          1
       316        192          1          1
       317        284          0          1
       318        366          1          1
       319        160          0          1
       320        140          1          1
       321         14          1          1
       322        175          0          1
       323        367          0          1
       324        341          0          1
       325        113          0          1
       326        146          0          1
       327        132          1          1
       328         18          0          1
       329        354          0          1
       330        382          0          1
       331        234          1          1
       332        361          0          1
       333        110          1          1
       334        208          0          1
       335        228          1          1
       336         19          0          1
       337        387          1          1
       338        193          0          1
       339        385          1          1
       340        118          0          1
       341        359          0          1
       342        196          1          1
       343        344          0          1
       344        327          1          1
       345        205          0          1
       346        124          0          1
       347        247          0          1
       348         69          1          1
       349        198          0          1
       350        334          0          1
       351        120          0          1
       352         40          1          1
       353         80          0          1
       354        222          0          1
       355         90          0          1
       356        223          1          1
       357        128          0          1
       358         30          0          1
       359        218          0          1
       360        373          1          1
       361        380          0          1
       362        115          0          1
       363        165          1          1
       364        293          0          1
       365        202          1          1
       366         50          0          1
       367        214          0          1
       368         82          0          1
       369         16          1          1
       370        121          0          1
       371         49          0          1
       372        141          0          1
       373        230          1          1
       374        197          0          1
       375        112          1          1
       376        130          0          1
       377        159          1          1
       378        102          0          1
       379        182          0          1
       380        276          0          1
       381        399          0          1
       382        313          1          1
       383         88          0          1
       384        377          1          1
       385        319          0          1
       386        145          1          1
       387         46          0          1
       388        100          1          1
       389        241          0          1
       390        122          1          1
       391        331          0          1
       392        252          1          1
       393         71          0          1
       394          7          0          1
       395        185          0          1
       396        206          0          1
       397        329          0          1
       398         47          0          1
       399         67          0          1
       400        126          1          1
               21189
configuration                   11                50000         8.8171331123658525E-01         2.9800000000000000E+02         1.3877787807814457E-17
         1         14          0          1
         2         72          0          1
         3        338          1          1
         4         38          0          1
         5        295          1          1
         6        188          0          1
         7         57          1          1
         8        138          0          1
         9        312          1          1
        10        310          0          1
        11         47          0          1
        12          1          0          1
        13        100          1          1
        14        178          0          1
        15        163          0          1
        16        223          0          1
        17        159          0          1
        18        322          0          1
        19        313          1          1
        20        191          0          1
        21        125          0          1
        22        373          1          1
        23         34          0          1
        24         10          0          1
        25        171          0          1
        26        110          1          1
        27        396          0          1
        28        195          0          1
        29        263          0          1
        30        331          0          1
        31         73          0          1
        32         78          0          1
        33        356          0          1
        34         51          1          1
        35        150          0          1
        36        262          1          1
        37        182          0          1
        38        399          1          1
        39        348          0          1
        40        165          1          1
        41         74          1          1
        42        290          0          1
        43         40          1          1
        44        379          0          1
        45        105          1          1
        46        398          0          1
        47        183          1          1
        48         91          0          1
        49        222          0          1
        50        219          0          1
        51        278          1          1
        52        133          0          1
        53        239          1          1
        54         28          0          1
        55        358          1          1
        56        155          0          1
        57        270          1          1
        58         33          0          1
        59        206          1          1
        60        341          0          1
        61         18          0          1
        62         98          1          1
        63         53          0          1
        64        274          1          1
        65        337          0          1
        66        193          0          1
        67        104          0          1
        68        400          0          1
        69        154          0          1
        70          9          1          1
        71        381          0          1
        72         75          0          1
        73        335          0          1
        74         52          0          1
        75         30          0          1
        76        235          1          1
        77        200          0          1
        78        351          1          1
        79         12          0          1
        80        323          0          1
        81        282          1          1
        82        286          0          1
        83         36          1          1
        84         37          0          1
        85          6          1          1
        86        301          0          1
        87        179          1          1
        88         63          0          1
        89         21          0          1
        90         87          0          1
        91        307          1          1
        92        392          0          1
        93        194          1          1
        94        192          0          1
        95         17          1          1
        96        134          0          1
        97        139          1          1
        98         15          0          1
        99        114          1          1
       100         76          0          1
       101         88          0          1
       102         48          1          1
       103        242          0          1
       104        244          0          1
       105        257          0          1
       106        142          0          1
       107        180          0          1
       108         32          1          1
       109        305          0          1
       110         97          0          1
       111        273          0          1
       112        225          1          1
       113        318          0          1
       114        389          1          1
       115        315          0          1
       116        384          1          1
       117        249          0          1
       118        137          1          1
       119        269          0          1
       120        122          1          1
       121        336          1          1
       122        234          0          1
       123        209          0          1
       124         80          1          1
       125        380          0          1
       126        283          0          1
       127        328          1          1
       128         61          0          1
       129        397          1          1
       130        117          0          1
       131        376          1          1
       132         11          0          1
       133        385          1          1
       134        355          0          1
       135        345          1          1
       136         68          0          1
       137        228          1          1
       138        374          0          1
       139        372          1          1
       140         25          0          1
       141        146          0          1
       142         82          0          1
       143        162          0          1
       144        394          0          1
       145        332          0          1
       146         27          1          1
       147        279          0          1
       148        203          1          1
       149        135          0          1
       150        224          1          1
       151         84          0          1
       152        256          1          1
       153        368          0          1
       154         81          1          1
       155         39          0          1
       156        303          0          1
       157        236          0          1
       158        292          1          1
       159         77          0          1
       160        187          1          1
       161         55          1          1
       162         49          0          1
       163        111          1          1
       164        248          0          1
       165         22          1          1
       166        375          0          1
       167        344          1          1
       168        342          0          1
       169        287          0          1
       170         59          0          1
       171        132          0          1
       172        352          0          1
       173         19          0          1
       174         42          0          1
       175        365          0          1
       176        247          0          1
       177          8          1          1
       178        285          0          1
       179        174          1          1
       180        339          0          1
       181        230          0          1
       182        353          1          1
       183        153          0          1
       184        156          1          1
       185        324          0          1
       186        333          1          1
       187        370          0          1
       188        325          1          1
       189        306          0          1
       190        220          1          1
       191         62          0          1
       192         94          1          1
       193         69          0          1
       194        367          0          1
       195         85          0          1
       196        189          1          1
       197        212          0          1
       198         43          1          1
       199        349          0          1
       200        129          0          1
       201          5          1          1
       202        265          0          1
       203        304          1          1
       204        271          0          1
       205        216          1          1
       206        259          0          1
       207        387          1          1
       208        243          0          1
       209        343          1          1
       210        302          0          1
       211        363          1          1
       212        170          0          1
       213        321          1          1
       214        221          0          1
       215        232          1          1
       216        173          0          1
       217        246          1          1
       218        383          0          1
       219         31          1          1
       220          7          0          1
       221         41          0          1
       222        226          1          1
       223        190          0          1
       224        359          0          1
       225        264          0          1
       226        369          1          1
       227        157          0          1
       228        108          1          1
       229         13          0          1
       230        393          0          1
       231        255          0          1
       232         20          1          1
       233        211          0          1
       234        112          1          1
       235        275          0          1
       236          4          0          1
       237        175          0          1
       238         54          1          1
       239        280          0          1
       240         67          1          1
       241        123          1          1
       242        127          0          1
       243        233          1          1
       244        251          0          1
       245        364          1          1
       246        214          0          1
       247        294          1          1
       248        250          0          1
       249        390          1          1
       250        140          0          1
       251        181          1          1
       252         95          0          1
       253        371          1          1
       254        227          0          1
       255        391          0          1
       256         99          0          1
       257        169          1          1
       258        148          0          1
       259        357          1          1
       260        241          0          1
       261        207          0          1
       262        254          0          1
       263        288          0          1
       264        238          0          1
       265         66          0          1
       266         60          1          1
       267         90          0          1
       268        308          0          1
       269        106          0          1
       270        291          0          1
       271        199          0          1
       272        151          1          1
       273        330          0          1
       274        327          1          1
       275        320          0          1
       276         93          0          1
       277        261          0          1
       278         64          1          1
       279        253          0          1
       280         44          1          1
       281        208          0          1
       282        346          1          1
       283         45          0          1
       284        296          0          1
       285        113          1          1
       286        172          0          1
       287        266          1          1
       288        293          0          1
       289         65          1          1
       290        268          0          1
       291        334          0          1
       292        131          0          1
       293        362          1          1
       294        176          0          1
       295        300          1          1
       296        205          0          1
       297        240          1          1
       298        213          0          1
       299        311          1          1
       300        354          0          1
       301        107          0          1
       302        317          0          1
       303        145          1          1
       304        126          0          1
       305        314          0          1
       306        229          1          1
       307         71          0          1
       308         24          0          1
       309        289          0          1
       310        166          1          1
       311         58          0          1
       312        202          0          1
       313        177          0          1
       314        217          1          1
       315         35          0          1
       316        329          1          1
       317        284          0          1
       318        144          1          1
       319        160          0          1
       320         56          1          1
       321        281          1          1
       322        143          0          1
       323         83          0          1
       324        201          1          1
       325        340          0          1
       326        161          0          1
       327        124          1          1
       328        102          0          1
       329        260          0          1
       330        204          0          1
       331        136          1          1
       332        361          0          1
       333        149          1          1
       334        378          0          1
       335        116          0          1
       336          3          0          1
       337        185          1          1
       338        210          0          1
       339        350          1          1
       340        347          0          1
       341        326          0          1
       342        184          0          1
       343         29          1          1
       344         23          0          1
       345        395          1          1
       346        388          0          1
       347        366          0          1
       348        158          1          1
       349        198          0          1
       350        258          0          1
       351        120          0          1
       352        382          1          1
       353        377          0          1
       354        101          0          1
       355        360          0          1
       356        119          1          1
       357        168          0          1
       358         70          0          1
       359        103          0          1
       360        237          1          1
       361        197          0          1
       362        218          1          1
       363        118          0          1
       364         89          0          1
       365          2          0          1
       366        386          0          1
       367        147          1          1
       368        152          0          1
       369        277          0          1
       370         96          1          1
       371        309          0          1
       372        141          0          1
       373        167          0          1
       374        231          1          1
       375        298          0          1
       376        186          0          1
       377         86          1          1
       378        299          0          1
       379         79          1          1
       380        276          0          1
       381        196          1          1
       382        245          0          1
       383        109          0          1
       384         92          0          1
       385        319          0          1
       386        121          1          1
       387         46          0          1
       388         50          0          1
       389        267          0          1
       390         26          0          1
       391        272          0          1
       392        128          1          1
       393        252          0          1
       394        130          0          1
       395        297          1          1
       396         16          0          1
       397        316          0          1
       398        215          1          1
       399        164          0          1
       400        115          0          1
               23551
configuration                   12                55000         9.6994473260920255E-01         2.9800000000000000E+02         1.3877787807814457E-17
         1        244          1          1
         2         67          0          1
         3        129          1          1
         4         38          0          1
         5        368          1          1
         6         19          0          1
         7        139          1          1
         8        351          0          1
         9        206          1          1
        10        316          0          1
        11        138          1          1
        12        267          0          1
        13        212          1          1
        14        192          0          1
        15        253          1          1
        16        143          0          1
        17         43          1          1
        18         98          0          1
        19        165          1          1
        20        191          0          1
        21        383          0          1
        22        208          1          1
        23        350          0          1
        24        295          1          1
        25        171          0          1
        26        377          1          1
        27        396          0          1
        28        131          0          1
        29        187          0          1
        30         63          1          1
        31         73          0          1
        32        262          1          1
        33        356          0          1
        34         84          0          1
        35        150          0          1
        36         46          0          1
        37        182          0          1
        38        228          1          1
        39        348          0          1
        40         34          0          1
        41        361          1          1
        42        297          0          1
        43          7          1          1
        44        379          0          1
        45        352          1          1
        46        222          0          1
        47        119          1          1
        48         87          0          1
        49         62          0          1
        50        219          0          1
        51        330          1          1
        52        133          0          1
        53         20          1          1
        54         28          0          1
        55        363          1          1
        56        113          0          1
        57        221          0          1
        58         33          0          1
        59        231          1          1
        60        341          0          1
        61         18          0          1
        62        268          1          1
        63         53          0          1
        64        194          1          1
        65        337          0          1
        66          1          1          1
        67        115          0          1
        68        294          1          1
        69        154          0          1
        70        261          0          1
        71        381          0          1
        72        224          1          1
        73         86          0          1
        74        313          1          1
        75         30          0          1
        76        184          1          1
        77        200          0          1
        78          9          0          1
        79         12          0          1
        80        326          0          1
        81        149          1          1
        82        233          0          1
        83         29          1          1
        84         37          0          1
        85         78          1          1
        86        301          0          1
        87        384          1          1
        88        325          0          1
        89        300          1          1
        90        181          0          1
        91         22          1          1
        92        334          0          1
        93        216          1          1
        94        292          0          1
        95        397          1          1
        96        134          0          1
        97          6          1          1
        98        124          0          1
        99        107          0          1
       100         76          0          1
       101         88          0          1
       102        331          1          1
       103        168          0          1
       104         50          1          1
       105        257          0          1
       106        199          0          1
       107        180          0          1
       108        357          1          1
       109        305          0          1
       110        389          0          1
       111        273          0          1
       112         68          1          1
       113        318          0          1
       114        359          1          1
       115        311          0          1
       116        155          1          1
       117        249          0          1
       118        390          1          1
       119        269          0          1
       120        123          1          1
       121         82          1          1
       122        332          0          1
       123        309          1          1
       124        328          0          1
       125        148          1          1
       126        283          0          1
       127        258          1          1
       128         61          0          1
       129        160          1          1
       130        117          0          1
       131        399          0          1
       132         44          0          1
       133        306          0          1
       134         93          0          1
       135        260          1          1
       136        355          0          1
       137        230          0          1
       138        101          0          1
       139        400          1          1
       140         25          0          1
       141        176          0          1
       142        242          1          1
       143        162          0          1
       144        241          0          1
       145        360          0          1
       146        398          0          1
       147        185          0          1
       148        238          1          1
       149        135          0          1
       150        170          0          1
       151        105          1          1
       152        387          0          1
       153        167          1          1
       154        197          0          1
       155         39          0          1
       156        289          1          1
       157         23          0          1
       158        157          1          1
       159         51          0          1
       160         90          1          1
       161        215          0          1
       162         49          0          1
       163        120          1          1
       164        248          0          1
       165        146          1          1
       166        375          0          1
       167         15          1          1
       168        342          0          1
       169         40          0          1
       170         59          0          1
       171        201          0          1
       172         77          0          1
       173          5          0          1
       174        118          0          1
       175        136          1          1
       176        290          0          1
       177         42          1          1
       178         47          0          1
       179        189          1          1
       180        100          0          1
       181        229          0          1
       182        346          1          1
       183          8          0          1
       184        114          1          1
       185        324          0          1
       186        319          1          1
       187        370          0          1
       188        307          1          1
       189        365          0          1
       190        217          0          1
       191        362          1          1
       192        227          0          1
       193        104          1          1
       194         35          0          1
       195        340          0          1
       196        239          1          1
       197        388          0          1
       198         72          1          1
       199        102          0          1
       200        303          0          1
       201         58          1          1
       202        203          0          1
       203        207          1          1
       204        345          0          1
       205        186          1          1
       206        259          0          1
       207         74          0          1
       208        243          0          1
       209         60          0          1
       210        141          1          1
       211        151          0          1
       212        312          0          1
       213         65          0          1
       214        179          0          1
       215        213          1          1
       216        173          0          1
       217        175          0          1
       218        152          0          1
       219        277          1          1
       220        382          0          1
       221        232          0          1
       222         79          1          1
       223        190          0          1
       224        126          1          1
       225        264          0          1
       226         85          1          1
       227        204          0          1
       228        169          0          1
       229         13          0          1
       230        202          0          1
       231        132          0          1
       232        125          0          1
       233        103          1          1
       234        308          0          1
       235        275          0          1
       236         27          0          1
       237        110          1          1
       238         91          0          1
       239        210          0          1
       240         54          0          1
       241        211          0          1
       242        251          0          1
       243        304          0          1
       244        274          0          1
       245        144          1          1
       246        214          0          1
       247        322          1          1
       248        282          0          1
       249         69          1          1
       250         56          0          1
       251        302          1          1
       252        245          0          1
       253        263          0          1
       254        271          0          1
       255        226          1          1
       256         99          0          1
       257        193          0          1
       258        247          1          1
       259         14          0          1
       260         71          1          1
       261        395          0          1
       262        374          0          1
       263        195          0          1
       264         57          0          1
       265         66          0          1
       266        254          1          1
       267          3          0          1
       268         52          1          1
       269        106          0          1
       270         41          1          1
       271        391          0          1
       272         10          1          1
       273        272          0          1
       274         95          1          1
       275        116          0          1
       276        338          0          1
       277        354          1          1
       278        109          0          1
       279         97          1          1
       280          4          0          1
       281        178          1          1
       282        218          0          1
       283         64          1          1
       284        296          0          1
       285         75          1          1
       286        172          0          1
       287        323          1          1
       288        293          0          1
       289        236          0          1
       290        166          0          1
       291         70          1          1
       292        286          0          1
       293        288          0          1
       294        246          0          1
       295        376          1          1
       296        205          0          1
       297        234          0          1
       298        344          1          1
       299        317          0          1
       300        156          0          1
       301         36          0          1
       302        161          0          1
       303        163          0          1
       304        121          1          1
       305        196          0          1
       306        276          1          1
       307        353          0          1
       308        158          1          1
       309        373          0          1
       310        265          1          1
       311        225          0          1
       312        287          0          1
       313        291          0          1
       314        367          1          1
       315        378          0          1
       316         80          1          1
       317        386          0          1
       318        252          0          1
       319         48          0          1
       320        177          1          1
       321        315          1          1
       322        235          0          1
       323        314          1          1
       324        209          0          1
       325        188          0          1
       326         55          0          1
       327        255          1          1
       328         32          0          1
       329         11          1          1
       330        336          0          1
       331         81          1          1
       332        153          0          1
       333         21          1          1
       334        237          0          1
       335        130          0          1
       336        159          0          1
       337        279          1          1
       338        385          0          1
       339        278          0          1
       340        122          0          1
       341        394          0          1
       342          2          1          1
       343         89          0          1
       344        335          1          1
       345        240          0          1
       346        393          0          1
       347        320          0          1
       348        280          1          1
       349         94          0          1
       350        329          1          1
       351        223          0          1
       352        198          0          1
       353        298          0          1
       354        112          0          1
       355        281          0          1
       356        250          1          1
       357        142          0          1
       358        299          1          1
       359        343          0          1
       360        347          0          1
       361        339          1          1
       362         92          0          1
       363        111          1          1
       364        140          0          1
       365        220          0          1
       366        321          0          1
       367        366          0          1
       368        127          0          1
       369        270          0          1
       370        145          0          1
       371        371          1          1
       372         96          0          1
       373        372          1          1
       374        369          0          1
       375        256          1          1
       376        333          0          1
       377        128          1          1
       378        349          0          1
       379        392          1          1
       380        183          0          1
       381         16          0          1
       382         24          0          1
       383         17          0          1
       384        174          0          1
       385         31          0          1
       386         83          1          1
       387        364          0          1
       388         45          1          1
       389        266          0          1
       390        137          1          1
       391        147          0          1
       392        380          1          1
       393        108          0          1
       394        310          1          1
       395        358          0          1
       396         26          0          1
       397        327          0          1
       398        285          1          1
       399        164          0          1
       400        284          1          1
               25922
configuration                   13                60000         1.0597497823478466E+00         2.9800000000000000E+02         2.0000000000000001E-01
         1        207          0          1
         2         95          0          1
         3        241          1          1
         4        310          0          1
         5        120          1          1
         6        279          0          1
         7        103          1          1
         8        351          0          1
         9         61          1          1
        10        248          0          1
        11        387          1          1
        12        167          0          1
        13         80          0          1
        14        192          0          1
        15        122          0          1
        16        143          0          1
        17        253          1          1
        18         98          0          1
        19          7          1          1
        20        191          0          1
        21        383          0          1
        22        119          1          1
        23        350          0          1
        24        274          1          1
        25        123          0          1
        26        230          1          1
        27         79          0          1
        28        101          0          1
        29        271          0          1
        30        155          0          1
        31         73          0          1
        32        136          1          1
        33         36          0          1
        34        278          1          1
        35        150          0          1
        36        359          0          1
        37        182          0          1
        38        195          1          1
        39        225          0          1
        40        112          1          1
        41          8          1          1
        42        128          0          1
        43        277          1          1
        44         39          0          1
        45        345          1          1
        46        222          0          1
        47         56          0          1
        48         87          0          1
        49        361          1          1
        50        366          0          1
        51        116          1          1
        52        133          0          1
        53        266          1          1
        54        220          0          1
        55        390          1          1
        56        276          0          1
        57        302          1          1
        58         33          0          1
        59        212          0          1
        60        341          0          1
        61         18          0          1
        62        201          1          1
        63        286          0          1
        64         90          0          1
        65        337          0          1
        66        247          1          1
        67        202          0          1
        68        239          0          1
        69        154          0          1
        70        289          0          1
        71        381          0          1
        72        397          1          1
        73         86          0          1
        74        332          1          1
        75        384          0          1
        76         97          1          1
        77        200          0          1
        78         22          0          1
        79        370          1          1
        80        353          0          1
        81        235          1          1
        82        110          0          1
        83        135          0          1
        84         53          1          1
        85        263          0          1
        86        283          0          1
        87        127          0          1
        88        290          0          1
        89        325          0          1
        90         14          0          1
        91        357          1          1
        92        315          0          1
        93         65          0          1
        94        234          0          1
        95        374          1          1
        96        134          0          1
        97         25          1          1
        98        316          0          1
        99        331          0          1
       100        188          0          1
       101         88          0          1
       102        367          0          1
       103        186          1          1
       104        259          0          1
       105        245          0          1
       106        193          0          1
       107        187          1          1
       108        198          0          1
       109          6          0          1
       110         84          0          1
       111         35          0          1
       112        165          1          1
       113        170          0          1
       114         75          0          1
       115        311          0          1
       116         44          0          1
       117        249          0          1
       118        280          0          1
       119        362          0          1
       120        224          1          1
       121        226          1          1
       122        388          0          1
       123        329          0          1
       124        342          1          1
       125        215          0          1
       126        158          1          1
       127         52          0          1
       128         69          0          1
       129        326          0          1
       130        169          0          1
       131        294          1          1
       132        190          0          1
       133        106          1          1
       134         93          0          1
       135        145          1          1
       136        355          0          1
       137        301          1          1
       138        287          0          1
       139         19          1          1
       140        391          0          1
       141        176          0          1
       142        168          1          1
       143         48          0          1
       144        320          0          1
       145        360          0          1
       146         70          0          1
       147        347          1          1
       148        389          0          1
       149        349          0          1
       150          3          1          1
       151        369          0          1
       152        307          1          1
       153        252          0          1
       154        221          0          1
       155         27          0          1
       156        308          1          1
       157        313          0          1
       158         68          1          1
       159        272          0          1
       160         51          1          1
       161         45          0          1
       162        338          0          1
       163        213          1          1
       164        260          0          1
       165         37          1          1
       166        356          0          1
       167        319          0          1
       168        189          1          1
       169        330          0          1
       170         60          0          1
       171         64          1          1
       172        398          0          1
       173        270          0          1
       174         20          0          1
       175        124          1          1
       176        179          0          1
       177        147          1          1
       178         47          0          1
       179        292          0          1
       180        100          0          1
       181        299          0          1
       182        231          1          1
       183        162          0          1
       184        232          1          1
       185        324          0          1
       186          2          1          1
       187         40          0          1
       188        314          0          1
       189        368          1          1
       190        244          0          1
       191          4          0          1
       192        203          0          1
       193        346          0          1
       194        251          0          1
       195        393          0          1
       196         99          1          1
       197        375          0          1
       198         76          0          1
       199        102          0          1
       200        160          1          1
       201        156          1          1
       202        323          0          1
       203        161          1          1
       204        352          0          1
       205        317          1          1
       206        262          0          1
       207         57          0          1
       208        130          0          1
       209        396          0          1
       210        197          0          1
       211        140          0          1
       212        348          0          1
       213        144          1          1
       214        365          0          1
       215         15          1          1
       216        173          0          1
       217         10          1          1
       218        152          0          1
       219         74          1          1
       220        382          0          1
       221        238          0          1
       222         17          1          1
       223        105          0          1
       224         85          0          1
       225        256          0          1
       226        243          0          1
       227        293          0          1
       228        295          0          1
       229        171          0          1
       230        172          0          1
       231        216          1          1
       232        217          0          1
       233        126          0          1
       234          9          1          1
       235        275          0          1
       236         59          1          1
       237        219          0          1
       238        163          0          1
       239        210          0          1
       240        265          0          1
       241        284          1          1
       242        227          0          1
       243         41          0          1
       244        304          0          1
       245         16          1          1
       246        214          0          1
       247        303          0          1
       248        204          0          1
       249        354          0          1
       250         30          0          1
       251         46          0          1
       252        121          1          1
       253         29          0          1
       254        344          0          1
       255        146          0          1
       256        258          0          1
       257         91          1          1
       258         23          0          1
       259        296          1          1
       260         62          0          1
       261         50          0          1
       262        111          0          1
       263        206          0          1
       264        281          1          1
       265         66          0          1
       266         92          0          1
       267        184          1          1
       268         49          0          1
       269        339          1          1
       270        261          0          1
       271        395          1          1
       272        305          0          1
       273        269          0          1
       274        380          0          1
       275        141          0          1
       276        273          1          1
       277        199          0          1
       278         94          0          1
       279        312          0          1
       280         12          1          1
       281        125          1          1
       282         11          0          1
       283         34          1          1
       284        137          0          1
       285        309          1          1
       286        288          1          1
       287        254          0          1
       288        282          0          1
       289        250          0          1
       290         31          0          1
       291         28          0          1
       292        371          0          1
       293        117          1          1
       294        246          0          1
       295        334          0          1
       296        211          0          1
       297         13          1          1
       298        376          0          1
       299        240          0          1
       300        285          0          1
       301         78          0          1
       302        358          1          1
       303        229          0          1
       304        177          1          1
       305        223          0          1
       306        335          0          1
       307         72          1          1
       308        373          0          1
       309        132          0          1
       310        400          1          1
       311        166          1          1
       312        115          0          1
       313        291          0          1
       314         21          0          1
       315        378          0          1
       316        129          1          1
       317        264          0          1
       318        157          1          1
       319        174          0          1
       320        181          1          1
       321         58          0          1
       322        336          0          1
       323        363          1          1
       324        180          0          1
       325        242          0          1
       326        148          1          1
       327        208          0          1
       328        228          0          1
       329        151          1          1
       330        268          0          1
       331        175          0          1
       332        109          0          1
       333        392          1          1
       334        237          0          1
       335        233          1          1
       336         81          0          1
       337        300          1          1
       338        385          0          1
       339        185          1          1
       340        153          0          1
       341        394          0          1
       342        297          1          1
       343         42          0          1
       344        138          0          1
       345         89          1          1
       346        149          0          1
       347        205          1          1
       348        107          0          1
       349        159          0          1
       350        318          1          1
       351        118          0          1
       352          5          1          1
       353        298          0          1
       354        306          1          1
       355        114          0          1
       356        113          1          1
       357         63          0          1
       358        372          0          1
       359        343          0          1
       360        321          1          1
       361        322          1          1
       362        267          0          1
       363        142          0          1
       364        377          0          1
       365        139          0          1
       366         77          1          1
       367         71          0          1
       368         55          1          1
       369        257          0          1
       370         26          0          1
       371         82          0          1
       372         96          0          1
       373         43          1          1
       374        236          0          1
       375        328          1          1
       376        333          0          1
       377        255          1          1
       378          1          0          1
       379        340          1          1
       380        183          0          1
       381        178          0          1
       382        379          1          1
       383         83          0          1
       384        209          1          1
       385         24          0          1
       386        386          0          1
       387        364          0          1
       388         32          0          1
       389         38          0          1
       390        131          1          1
       391        196          0          1
       392         54          0          1
       393        108          0          1
       394        399          0          1
       395        218          0          1
       396        104          1          1
       397        327          0          1
       398        194          1          1
       399        164          0          1
       400         67          1          1
               28291
configuration                   14                65000         1.1465228427402316E+00         2.9800000000000000E+02         1.3877787807814457E-17
         1        342          1          1
         2         81          0          1
         3        343          1          1
         4         21          0          1
         5        204          1          1
         6        253          0          1
         7        243          1          1
         8         70          0          1
         9        116          1          1
        10        172          0          1
        11        149          1          1
        12        397          0          1
        13        141          1          1
        14        209          0          1
        15         32          1          1
        16        143          0          1
        17        392          0          1
        18        101          0          1
        19        373          1          1
        20        191          0          1
        21        390          0          1
        22        318          0          1
        23         23          0          1
        24        289          1          1
        25         31          0          1
        26        235          0          1
        27        236          0          1
        28        256          1          1
        29        271          0          1
        30         17          0          1
        31         73          0          1
        32        111          1          1
        33        180          0          1
        34        251          1          1
        35        150          0          1
        36        246          1          1
        37        359          0          1
        38        133          1          1
        39        352          0          1
        40        242          1          1
        41        103          0          1
        42        365          1          1
        43         64          0          1
        44        291          0          1
        45         47          0          1
        46        288          1          1
        47        135          0          1
        48        332          0          1
        49        193          1          1
        50        247          0          1
        51        217          1          1
        52        274          0          1
        53          2          1          1
        54        220          0          1
        55        142          1          1
        56        279          0          1
        57         45          1          1
        58         33          0          1
        59        254          1          1
        60         72          0          1
        61          6          1          1
        62        175          0          1
        63        107          1          1
        64        221          0          1
        65        263          1          1
        66         67          0          1
        67         66          1          1
        68        383          0          1
        69        244          0          1
        70        182          1          1
        71        292          0          1
        72         60          0          1
        73        188          0          1
        74        171          1          1
        75        384          0          1
        76        380          1          1
        77         18          0          1
        78         84          1          1
        79        351          0          1
        80        329          0          1
        81        147          0          1
        82         30          1          1
        83        234          0          1
        84        192          0          1
        85         74          0          1
        86        105          0          1
        87        345          0          1
        88         16          1          1
        89        265          0          1
        90        201          0          1
        91        280          1          1
        92         25          0          1
        93        121          0          1
        94         12          0          1
        95        346          0          1
        96        134          0          1
        97         75          1          1
        98        259          0          1
        99        303          1          1
       100          8          0          1
       101        364          0          1
       102        309          0          1
       103         82          1          1
       104        202          0          1
       105        300          0          1
       106        290          0          1
       107        154          0          1
       108        145          0          1
       109        231          0          1
       110        261          0          1
       111        301          0          1
       112        186          1          1
       113        170          0          1
       114         26          0          1
       115        311          0          1
       116         63          1          1
       117        249          0          1
       118        226          1          1
       119        374          0          1
       120         27          1          1
       121        128          0          1
       122        194          1          1
       123        361          0          1
       124        136          1          1
       125         89          0          1
       126        308          1          1
       127         52          0          1
       128         78          1          1
       129        283          0          1
       130        319          0          1
       131        137          0          1
       132        190          0          1
       133          3          1          1
       134         93          0          1
       135        177          1          1
       136        355          0          1
       137        399          0          1
       138        287          0          1
       139        347          1          1
       140        336          0          1
       141        344          1          1
       142        388          0          1
       143        278          1          1
       144        320          0          1
       145         51          1          1
       146        314          0          1
       147        370          1          1
       148        389          0          1
       149        127          1          1
       150         95          0          1
       151          5          0          1
       152         29          1          1
       153        257          0          1
       154        114          0          1
       155        273          0          1
       156        334          1          1
       157        313          0          1
       158        400          1          1
       159         54          0          1
       160        120          0          1
       161         86          0          1
       162         91          1          1
       163        333          0          1
       164        306          1          1
       165         15          0          1
       166        275          1          1
       167        123          0          1
       168         43          1          1
       169         19          0          1
       170         35          1          1
       171         10          0          1
       172        315          0          1
       173        391          0          1
       174         68          1          1
       175         79          0          1
       176        148          0          1
       177        163          1          1
       178        232          0          1
       179        293          0          1
       180         59          0          1
       181        299          0          1
       182         36          0          1
       183        131          0          1
       184        100          0          1
       185         58          0          1
       186        252          0          1
       187        189          1          1
       188         50          0          1
       189        168          1          1
       190        212          0          1
       191        207          0          1
       192        176          0          1
       193        331          1          1
       194        152          0          1
       195        174          1          1
       196        214          0          1
       197        375          0          1
       198        157          0          1
       199        102          0          1
       200        298          1          1
       201        205          1          1
       202        310          0          1
       203        112          1          1
       204        113          0          1
       205         85          0          1
       206        224          0          1
       207        197          0          1
       208        379          1          1
       209        363          0          1
       210        185          0          1
       211        387          0          1
       212        348          1          1
       213        349          0          1
       214         99          1          1
       215         44          0          1
       216        173          0          1
       217        324          1          1
       218        362          0          1
       219        371          1          1
       220        382          0          1
       221        238          0          1
       222        250          1          1
       223         46          0          1
       224        285          1          1
       225        138          0          1
       226        225          0          1
       227         77          0          1
       228        156          0          1
       229        166          1          1
       230        181          0          1
       231        356          1          1
       232        211          0          1
       233        305          1          1
       234        281          0          1
       235         11          1          1
       236        323          0          1
       237        219          0          1
       238        270          1          1
       239        210          0          1
       240         92          1          1
       241        230          1          1
       242        227          0          1
       243        369          0          1
       244        304          0          1
       245        126          1          1
       246         40          0          1
       247        317          0          1
       248         57          0          1
       249         88          0          1
       250        385          1          1
       251        366          0          1
       252        341          0          1
       253         65          0          1
       254          4          1          1
       255        326          0          1
       256        195          0          1
       257        258          0          1
       258         37          0          1
       259        295          1          1
       260         62          0          1
       261        167          0          1
       262        117          1          1
       263        206          0          1
       264        393          1          1
       265        146          0          1
       266        322          0          1
       267        233          0          1
       268        354          0          1
       269        215          1          1
       270        255          0          1
       271        325          0          1
       272         38          0          1
       273        277          1          1
       274        282          0          1
       275        119          0          1
       276        213          1          1
       277        199          0          1
       278        115          1          1
       279        312          0          1
       280        338          0          1
       281        129          1          1
       282        151          0          1
       283        139          0          1
       284        286          0          1
       285        368          0          1
       286        122          1          1
       287        372          0          1
       288         55          0          1
       289        162          0          1
       290        241          0          1
       291        260          1          1
       292        316          0          1
       293        394          0          1
       294         83          1          1
       295        248          0          1
       296         71          0          1
       297        161          0          1
       298        376          0          1
       299        160          1          1
       300         34          0          1
       301        395          0          1
       302        228          0          1
       303        229          0          1
       304         14          0          1
       305        223          0          1
       306        183          0          1
       307         39          0          1
       308          1          1          1
       309         87          0          1
       310        216          1          1
       311        208          0          1
       312        200          1          1
       313         56          0          1
       314         48          0          1
       315        378          0          1
       316         13          0          1
       317        264          0          1
       318         49          1          1
       319        184          0          1
       320        140          1          1
       321        358          1          1
       322        302          0          1
       323         76          1          1
       324        239          0          1
       325        104          1          1
       326        335          0          1
       327        330          1          1
       328        198          0          1
       329         80          1          1
       330        268          0          1
       331        262          1          1
       332        109          0          1
       333        245          1          1
       334        237          0          1
       335        158          1          1
       336        144          0          1
       337        222          1          1
       338         98          0          1
       339        337          1          1
       340         69          0          1
       341        269          0          1
       342        276          1          1
       343         42          0          1
       344        130          1          1
       345        367          0          1
       346        155          0          1
       347        307          0          1
       348        187          1          1
       349        159          0          1
       350        321          1          1
       351        118          0          1
       352        284          1          1
       353        272          0          1
       354        381          1          1
       355        350          0          1
       356        296          1          1
       357        360          0          1
       358        108          1          1
       359        357          0          1
       360        165          1          1
       361        124          1          1
       362        267          0          1
       363        340          1          1
       364        377          0          1
       365          7          1          1
       366         94          0          1
       367        132          0          1
       368        266          0          1
       369        398          0          1
       370        396          0          1
       371        179          1          1
       372         96          0          1
       373          9          1          1
       374         41          0          1
       375         53          0          1
       376        240          0          1
       377        218          1          1
       378         61          0          1
       379        153          1          1
       380         28          0          1
       381        178          0          1
       382        386          1          1
       383        125          0          1
       384        169          1          1
       385         24          0          1
       386        294          0          1
       387         22          0          1
       388        328          1          1
       389        106          0          1
       390         20          1          1
       391        196          0          1
       392        203          1          1
       393        339          0          1
       394        353          0          1
       395        297          0          1
       396         90          0          1
       397        327          0          1
       398         97          1          1
       399        164          0          1
       400        110          1          1
               30646
configuration                   15                70000         1.2353491742388036E+00         2.9800000000000000E+02         1.3877787807814457E-17
         1        131          0          1
         2        101          0          1
         3         85          1          1
         4        155          0          1
         5         58          0          1
         6        280          1          1
         7         90          0          1
         8         20          0          1
         9         43          1          1
        10        267          0          1
        11         74          1          1
        12        108          0          1
        13        289          0          1
        14          2          0          1
        15        224          1          1
        16        143          0          1
        17        148          1          1
        18        211          0          1
        19        380          0          1
        20        321          1          1
        21         56          0          1
        22         88          1          1
        23         78          0          1
        24        284          0          1
        25         66          1          1
        26        235          0          1
        27        324          1          1
        28        277          0          1
        29        208          0          1
        30        360          1          1
        31        356          0          1
        32        202          1          1
        33        230          0          1
        34         95          0          1
        35        237          0          1
        36         46          1          1
        37        254          0          1
        38        379          1          1
        39        352          0          1
        40        291          0          1
        41        135          1          1
        42        160          0          1
        43        126          1          1
        44        295          0          1
        45        313          0          1
        46        110          1          1
        47         27          0          1
        48        145          0          1
        49        248          0          1
        50         30          0          1
        51        216          1          1
        52        241          0          1
        53        317          1          1
        54        382          0          1
        55        286          0          1
        56         52          0          1
        57         21          0          1
        58         33          0          1
        59         40          0          1
        60        210          0          1
        61        315          0          1
        62        227          1          1
        63         14          0          1
        64        388          1          1
        65        274          0          1
        66        311          0          1
        67        303          0          1
        68        283          0          1
        69        392          0          1
        70        238          1          1
        71        106          0          1
        72        349          0          1
        73        278          0          1
        74        326          0          1
        75         45          0          1
        76          4          1          1
        77        255          0          1
        78         28          1          1
        79         82          0          1
        80        297          1          1
        81        103          0          1
        82         17          0          1
        83         73          1          1
        84        183          0          1
        85        180          1          1
        86        204          0          1
        87        294          0          1
        88        132          0          1
        89        361          1          1
        90        122          0          1
        91        353          1          1
        92        308          0          1
        93        363          1          1
        94         12          0          1
        95        249          0          1
        96        134          0          1
        97        307          0          1
        98         97          0          1
        99         71          0          1
       100        225          0          1
       101        364          0          1
       102        336          1          1
       103        209          0          1
       104        325          1          1
       105        173          0          1
       106        114          1          1
       107        323          0          1
       108        252          1          1
       109        154          0          1
       110        348          0          1
       111        186          0          1
       112         96          1          1
       113        188          0          1
       114        322          1          1
       115        298          0          1
       116        150          1          1
       117        100          0          1
       118        197          0          1
       119        374          0          1
       120        358          1          1
       121        259          1          1
       122         72          0          1
       123        389          1          1
       124        329          0          1
       125        140          1          1
       126         81          0          1
       127        142          0          1
       128        185          0          1
       129        333          0          1
       130         80          0          1
       131        107          0          1
       132        366          0          1
       133        251          1          1
       134        304          0          1
       135         11          1          1
       136        359          0          1
       137        327          1          1
       138        339          0          1
       139        218          1          1
       140        285          0          1
       141         94          0          1
       142        187          1          1
       143        345          0          1
       144        316          1          1
       145        258          0          1
       146        239          1          1
       147         64          0          1
       148        195          1          1
       149        104          0          1
       150        262          1          1
       151        147          0          1
       152        350          1          1
       153        201          0          1
       154        305          1          1
       155         53          0          1
       156          7          0          1
       157        261          0          1
       158        177          0          1
       159        334          0          1
       160        269          1          1
       161        309          1          1
       162        172          0          1
       163        337          0          1
       164        296          0          1
       165        377          0          1
       166        370          0          1
       167        386          1          1
       168         13          0          1
       169        273          1          1
       170        182          0          1
       171        236          1          1
       172        243          0          1
       173          5          1          1
       174        341          0          1
       175        396          1          1
       176         10          0          1
       177         49          1          1
       178        232          0          1
       179        391          1          1
       180        163          0          1
       181         15          0          1
       182          3          1          1
       183         83          0          1
       184        281          1          1
       185        233          0          1
       186        342          1          1
       187        347          0          1
       188        118          1          1
       189        381          0          1
       190        293          0          1
       191        207          0          1
       192        263          0          1
       193         44          0          1
       194         18          0          1
       195         24          0          1
       196        200          1          1
       197        375          0          1
       198         47          0          1
       199        102          0          1
       200        149          0          1
       201        220          0          1
       202        124          0          1
       203        127          0          1
       204        194          0          1
       205         19          1          1
       206        120          0          1
       207        166          1          1
       208        328          0          1
       209        372          0          1
       210         32          0          1
       211        156          1          1
       212        390          0          1
       213         41          0          1
       214         91          0          1
       215        292          1          1
       216        330          0          1
       217        113          1          1
       218        205          0          1
       219        393          0          1
       220        189          1          1
       221        105          0          1
       222        369          1          1
       223        226          0          1
       224        290          0          1
       225         67          0          1
       226        276          1          1
       227        165          0          1
       228        130          1          1
       229         23          0          1
       230        247          1          1
       231        161          0          1
       232        111          1          1
       233        300          0          1
       234         99          1          1
       235        138          0          1
       236         69          1          1
       237        219          0          1
       238        221          0          1
       239        343          0          1
       240        217          0          1
       241          8          1          1
       242        260          0          1
       243        193          1          1
       244        170          0          1
       245        179          0          1
       246        164          0          1
       247        203          1          1
       248        213          0          1
       249        288          1          1
       250         55          0          1
       251         89          1          1
       252        287          0          1
       253        136          1          1
       254        398          0          1
       255         98          0          1
       256        245          0          1
       257         77          1          1
       258         37          0          1
       259        302          1          1
       260         62          0          1
       261        184          0          1
       262        299          1          1
       263        171          0          1
       264         39          0          1
       265        234          1          1
       266        133          0          1
       267        159          0          1
       268         50          1          1
       269        181          0          1
       270        397          1          1
       271        314          0          1
       272          1          1          1
       273        117          0          1
       274        116          1          1
       275        253          0          1
       276         65          1          1
       277        199          0          1
       278        331          1          1
       279        158          0          1
       280         59          1          1
       281        367          1          1
       282        151          0          1
       283        190          1          1
       284        387          0          1
       285        152          0          1
       286        282          1          1
       287        383          0          1
       288        214          0          1
       289        365          1          1
       290        167          0          1
       291        354          0          1
       292        212          0          1
       293        271          0          1
       294        346          0          1
       295         68          1          1
       296         60          0          1
       297        250          1          1
       298        376          0          1
       299        168          0          1
       300         34          0          1
       301        395          0          1
       302        198          1          1
       303        229          0          1
       304        125          0          1
       305        162          1          1
       306         76          0          1
       307        400          0          1
       308         86          0          1
       309        265          0          1
       310        128          0          1
       311        275          0          1
       312        139          1          1
       313        157          0          1
       314        373          1          1
       315        378          0          1
       316        355          1          1
       317        264          0          1
       318        215          1          1
       319        320          0          1
       320         92          0          1
       321        399          0          1
       322        256          0          1
       323        384          1          1
       324        268          0          1
       325        270          0          1
       326        368          1          1
       327         70          0          1
       328        338          0          1
       329         63          0          1
       330        123          0          1
       331        266          1          1
       332        109          0          1
       333        115          1          1
       334        141          0          1
       335         29          1          1
       336        144          0          1
       337        318          1          1
       338         84          0          1
       339        301          1          1
       340          6          0          1
       341        340          0          1
       342        121          0          1
       343         42          0          1
       344        394          0          1
       345         54          1          1
       346        362          0          1
       347        246          0          1
       348         57          1          1
       349        344          0          1
       350        332          1          1
       351        146          0          1
       352         31          1          1
       353        272          0          1
       354         35          1          1
       355        174          0          1
       356        175          1          1
       357        306          0          1
       358        176          0          1
       359        357          0          1
       360        231          1          1
       361        279          0          1
       362        169          1          1
       363        242          0          1
       364        312          1          1
       365        351          0          1
       366        319          0          1
       367        223          1          1
       368        137          0          1
       369        335          1          1
       370        310          0          1
       371        228          1          1
       372        257          0          1
       373         36          1          1
       374        371          0          1
       375        196          1          1
       376        240          0          1
       377        178          1          1
       378         61          0          1
       379         48          0          1
       380        112          0          1
       381        222          1          1
       382        119          0          1
       383         22          0          1
       384         51          0          1
       385         79          1          1
       386        244          0          1
       387         93          0          1
       388        153          1          1
       389        192          0          1
       390          9          1          1
       391         38          0          1
       392         75          1          1
       393         25          0          1
       394        385          1          1
       395        129          0          1
       396         26          1          1
       397         87          0          1
       398         16          0          1
       399        191          1          1
       400        206          0          1
               33012
configuration                   16                75000         1.3249355204782072E+00         2.9800000000000000E+02         1.3877787807814457E-17
         1        158          1          1
         2        149          0          1
         3         75          0          1
         4         51          0          1
         5        147          0          1
         6        284          0          1
         7         89          0          1
         8         66          1          1
         9        285          0          1
        10        314          1          1
        11        320          0          1
        12        231          1          1
        13        388          0          1
        14        391          0          1
        15        128          1          1
        16        134          0          1
        17        180          1          1
        18        333          0          1
        19        260          0          1
        20         33          0          1
        21         59          0          1
        22        370          0          1
        23         42          0          1
        24        377          0          1
        25         12          0          1
        26        288          0          1
        27        348          1          1
        28        254          0          1
        29        204          1          1
        30        206          0          1
        31        255          1          1
        32         90          0          1
        33        183          0          1
        34         29          1          1
        35        237          0          1
        36        302          0          1
        37        222          0          1
        38         24          1          1
        39        185          0          1
        40        328          0          1
        41         98          0          1
        42        113          1          1
        43         49          0          1
        44         64          1          1
        45        162          0          1
        46        329          1          1
        47        318          0          1
        48        108          1          1
        49        217          0          1
        50        361          1          1
        51        324          0          1
        52         34          1          1
        53         69          0          1
        54        169          0          1
        55        173          1          1
        56        132          0          1
        57        137          1          1
        58         17          0          1
        59         13          1          1
        60        209          0          1
        61        365          1          1
        62         21          0          1
        63          4          1          1
        64        120          0          1
        65         50          0          1
        66        276          0          1
        67        281          1          1
        68        283          0          1
        69        319          1          1
        70        145          0          1
        71         56          0          1
        72        316          0          1
        73        220          0          1
        74        104          1          1
        75        350          0          1
        76         99          1          1
        77        312          0          1
        78        121          1          1
        79         82          0          1
        80        387          0          1
        81        106          0          1
        82        115          1          1
        83         61          0          1
        84        174          0          1
        85        341          0          1
        86        218          1          1
        87        223          0          1
        88        339          1          1
        89         31          0          1
        90         55          0          1
        91        103          1          1
        92         93          0          1
        93        160          0          1
        94        154          0          1
        95         81          1          1
        96        359          0          1
        97        364          1          1
        98        131          0          1
        99        216          1          1
       100        141          0          1
       101         36          0          1
       102        295          0          1
       103        381          0          1
       104        289          0          1
       105        214          1          1
       106        191          0          1
       107        152          1          1
       108        196          0          1
       109        360          0          1
       110        155          1          1
       111        374          0          1
       112         22          1          1
       113        186          0          1
       114        202          1          1
       115         19          0          1
       116        178          0          1
       117        150          0          1
       118         95          1          1
       119        373          0          1
       120        272          0          1
       121        307          0          1
       122         46          0          1
       123        376          0          1
       124        133          0          1
       125        215          0          1
       126        357          0          1
       127         10          0          1
       128        192          0          1
       129        384          1          1
       130        382          0          1
       131        264          1          1
       132        380          0          1
       133        293          1          1
       134        259          0          1
       135        205          1          1
       136        172          0          1
       137        278          1          1
       138        119          0          1
       139        270          0          1
       140        280          0          1
       141        332          0          1
       142        313          1          1
       143        345          0          1
       144        394          0          1
       145        399          0          1
       146        100          0          1
       147        397          1          1
       148        331          0          1
       149         77          0          1
       150        197          1          1
       151         78          0          1
       152         72          0          1
       153        201          0          1
       154        244          1          1
       155         53          0          1
       156        122          1          1
       157        261          0          1
       158         15          1          1
       159        334          0          1
       160        277          0          1
       161        369          0          1
       162         37          0          1
       163        135          1          1
       164        296          0          1
       165          8          0          1
       166        322          1          1
       167        198          0          1
       168        385          0          1
       169        326          1          1
       170        182          0          1
       171         40          1          1
       172        243          0          1
       173        101          1          1
       174         43          0          1
       175        271          1          1
       176        139          0          1
       177        193          1          1
       178        232          0          1
       179        195          1          1
       180         96          0          1
       181        194          0          1
       182         63          1          1
       183        358          0          1
       184        274          1          1
       185        233          0          1
       186        171          0          1
       187        203          0          1
       188        249          1          1
       189        136          0          1
       190        225          1          1
       191        207          0          1
       192        286          1          1
       193         44          0          1
       194         94          1          1
       195         54          0          1
       196        392          0          1
       197        375          0          1
       198        245          1          1
       199        311          0          1
       200         85          1          1
       201        127          1          1
       202         41          0          1
       203         47          1          1
       204        107          0          1
       205        379          1          1
       206        354          0          1
       207        242          1          1
       208        389          0          1
       209         48          1          1
       210         32          0          1
       211        347          1          1
       212        179          0          1
       213        188          1          1
       214         91          0          1
       215          9          1          1
       216         76          0          1
       217        310          1          1
       218        267          0          1
       219         97          1          1
       220        292          0          1
       221        105          0          1
       222         28          0          1
       223        226          0          1
       224        175          0          1
       225         67          0          1
       226        355          1          1
       227        165          0          1
       228        268          1          1
       229        177          0          1
       230        252          1          1
       231        161          0          1
       232        340          1          1
       233        300          0          1
       234        189          1          1
       235        138          0          1
       236        247          1          1
       237        219          0          1
       238        140          1          1
       239        343          0          1
       240        221          0          1
       241        386          0          1
       242        344          0          1
       243        342          1          1
       244        170          0          1
       245        211          1          1
       246        164          0          1
       247         25          1          1
       248        210          0          1
       249         88          1          1
       250         23          0          1
       251        337          1          1
       252        287          0          1
       253         11          0          1
       254        398          0          1
       255         18          1          1
       256        327          0          1
       257         52          1          1
       258        263          0          1
       259        330          0          1
       260        110          1          1
       261        114          1          1
       262        291          0          1
       263         14          0          1
       264         65          1          1
       265         71          0          1
       266        213          1          1
       267        159          0          1
       268         73          1          1
       269         60          0          1
       270        130          1          1
       271         86          0          1
       272        199          1          1
       273        117          0          1
       274        366          1          1
       275        253          0          1
       276        304          0          1
       277        290          0          1
       278        352          0          1
       279        336          0          1
       280        163          0          1
       281        297          0          1
       282        151          0          1
       283         62          1          1
       284        317          0          1
       285        372          1          1
       286        148          0          1
       287        321          0          1
       288        301          0          1
       289         68          0          1
       290        167          0          1
       291        378          1          1
       292        212          0          1
       293        250          1          1
       294        346          0          1
       295        262          0          1
       296        309          1          1
       297        176          0          1
       298        241          0          1
       299         92          0          1
       300        396          1          1
       301        367          0          1
       302        184          1          1
       303        395          0          1
       304         70          1          1
       305        168          0          1
       306         45          0          1
       307          5          1          1
       308        102          0          1
       309        265          0          1
       310         84          0          1
       311        275          0          1
       312        236          1          1
       313         38          0          1
       314        315          0          1
       315        124          0          1
       316        111          0          1
       317         16          1          1
       318          1          0          1
       319         30          1          1
       320        166          0          1
       321        371          0          1
       322        146          0          1
       323          7          1          1
       324        157          0          1
       325        129          1          1
       326        251          0          1
       327         79          0          1
       328         20          1          1
       329        144          0          1
       330        123          0          1
       331        234          0          1
       332        109          0          1
       333        229          0          1
       334        187          0          1
       335        143          1          1
       336        257          0          1
       337        303          0          1
       338        383          1          1
       339        349          0          1
       340        368          0          1
       341        400          1          1
       342        208          0          1
       343        230          0          1
       344        181          1          1
       345        269          0          1
       346        246          1          1
       347         39          0          1
       348        112          0          1
       349        305          0          1
       350        363          0          1
       351        362          1          1
       352        273          0          1
       353         57          0          1
       354        239          1          1
       355         27          0          1
       356         74          1          1
       357        306          0          1
       358          6          0          1
       359        256          1          1
       360        282          0          1
       361        393          0          1
       362        338          0          1
       363        353          1          1
       364        224          0          1
       365        238          1          1
       366         83          0          1
       367         26          0          1
       368          3          1          1
       369        390          0          1
       370          2          1          1
       371        227          0          1
       372        142          1          1
       373         58          0          1
       374        153          0          1
       375        294          1          1
       376        240          0          1
       377        248          0          1
       378        190          0          1
       379        335          0          1
       380        298          0          1
       381         35          0          1
       382        126          0          1
       383        299          0          1
       384        258          1          1
       385        116          0          1
       386        279          1          1
       387        235          0          1
       388        308          0          1
       389        266          1          1
       390        325          0          1
       391        356          0          1
       392        200          0          1
       393        228          0          1
       394        156          0          1
       395        323          0          1
       396        351          1          1
       397         87          0          1
       398         80          1          1
       399        118          0          1
       400        125          0          1
               35382
configuration                   17                80000         1.4092861629088123E+00         2.9800000000000000E+02         1.3877787807814457E-17
         1        237          0          1
         2        149          0          1
         3        217          0          1
         4        242          0          1
         5        155          1          1
         6        160          0          1
         7        342          1          1
         8        205          0          1
         9         75          0          1
        10        220          1          1
        11         64          0          1
        12        198          1          1
        13        222          0          1
        14        379          0          1
        15         82          1          1
        16        134          0          1
        17        245          1          1
        18        112          0          1
        19         92          0          1
        20         33          0          1
        21        189          0          1
        22        390          1          1
        23        102          0          1
        24        370          1          1
        25        176          0          1
        26         54          1          1
        27          9          0          1
        28        195          0          1
        29        219          0          1
        30        359          0          1
        31        368          1          1
        32        199          0          1
        33        226          0          1
        34        103          0          1
        35         65          0          1
        36        174          0          1
        37         21          0          1
        38         68          0          1
        39         74          1          1
        40        213          0          1
        41        194          0          1
        42         19          0          1
        43        352          1          1
        44        333          0          1
        45        125          1          1
        46        272          0          1
        47        104          0          1
        48         38          1          1
        49        137          0          1
        50        274          0          1
        51        314          0          1
        52        162          0          1
        53        114          0          1
        54         67          0          1
        55        280          0          1
        56        175          1          1
        57        363          0          1
        58         43          0          1
        59         84          0          1
        60        133          1          1
        61        161          1          1
        62        211          0          1
        63        285          0          1
        64         96          1          1
        65         97          0          1
        66         14          1          1
        67        115          0          1
        68        331          0          1
        69        224          1          1
        70        258          0          1
        71        344          1          1
        72         88          0          1
        73        345          0          1
        74        282          1          1
        75        170          0          1
        76        366          0          1
        77        128          1          1
        78         79          0          1
        79         72          1          1
        80        227          0          1
        81         56          0          1
        82        268          0          1
        83         24          1          1
        84        315          0          1
        85        110          1          1
        86          1          0          1
        87         16          0          1
        88         31          0          1
        89         63          0          1
        90        185          1          1
        91        191          0          1
        92         70          0          1
        93        362          0          1
        94        230          0          1
        95        247          0          1
        96        231          1          1
        97        214          0          1
        98         66          0          1
        99        388          0          1
       100        276          0          1
       101        144          0          1
       102         17          1          1
       103        381          0          1
       104        159          1          1
       105        307          0          1
       106        348          1          1
       107        324          0          1
       108        278          1          1
       109        239          0          1
       110        168          0          1
       111         52          0          1
       112        286          1          1
       113         29          0          1
       114         57          0          1
       115        317          1          1
       116          4          0          1
       117        283          1          1
       118        105          0          1
       119        235          0          1
       120        262          0          1
       121        154          0          1
       122         59          0          1
       123        145          0          1
       124        378          0          1
       125        232          0          1
       126        166          0          1
       127         15          0          1
       128        290          0          1
       129        395          1          1
       130         12          0          1
       131         55          0          1
       132        380          0          1
       133        120          0          1
       134        334          1          1
       135         87          0          1
       136        311          1          1
       137        215          0          1
       138         53          1          1
       139        265          0          1
       140        203          0          1
       141        293          0          1
       142        141          1          1
       143         83          0          1
       144        329          0          1
       145        376          0          1
       146        253          1          1
       147        319          0          1
       148        188          1          1
       149         36          0          1
       150        100          0          1
       151         78          0          1
       152         86          1          1
       153        360          0          1
       154         49          0          1
       155         34          0          1
       156         94          0          1
       157         71          1          1
       158        337          0          1
       159        336          1          1
       160        250          0          1
       161          2          0          1
       162         61          0          1
       163        234          0          1
       164        240          0          1
       165        178          1          1
       166        384          0          1
       167        135          0          1
       168        246          0          1
       169        257          0          1
       170        201          0          1
       171        356          0          1
       172        243          0          1
       173        180          1          1
       174        387          0          1
       175        209          1          1
       176        289          0          1
       177         76          0          1
       178        228          0          1
       179         93          0          1
       180        386          0          1
       181        374          1          1
       182        123          0          1
       183        305          1          1
       184         30          0          1
       185        350          0          1
       186        279          0          1
       187        152          0          1
       188        139          1          1
       189         48          0          1
       190        301          1          1
       191        106          0          1
       192        196          1          1
       193          6          0          1
       194        355          1          1
       195         42          0          1
       196         32          1          1
       197        238          0          1
       198        318          0          1
       199        158          1          1
       200        298          0          1
       201         22          0          1
       202        351          0          1
       203        398          0          1
       204        393          1          1
       205        399          0          1
       206        320          1          1
       207        277          0          1
       208         18          0          1
       209        165          0          1
       210        300          0          1
       211        117          1          1
       212        179          0          1
       213        129          0          1
       214        316          0          1
       215        169          1          1
       216        241          0          1
       217         80          1          1
       218        138          0          1
       219        118          0          1
       220        294          1          1
       221        346          0          1
       222        321          0          1
       223        251          1          1
       224        244          0          1
       225        146          1          1
       226        328          0          1
       227        364          0          1
       228        151          1          1
       229        177          0          1
       230        367          1          1
       231         25          0          1
       232        271          1          1
       233        171          0          1
       234        267          1          1
       235         73          0          1
       236        164          1          1
       237        295          0          1
       238        354          0          1
       239        400          0          1
       240        111          0          1
       241        113          1          1
       242        127          0          1
       243         62          0          1
       244        192          0          1
       245         81          0          1
       246        218          0          1
       247        396          1          1
       248        210          0          1
       249         35          1          1
       250        119          0          1
       251        303          0          1
       252         45          0          1
       253          5          1          1
       254         69          0          1
       255         47          1          1
       256        397          0          1
       257        338          1          1
       258        167          0          1
       259        259          0          1
       260          8          0          1
       261        216          0          1
       262        260          1          1
       263        266          0          1
       264        322          0          1
       265        369          0          1
       266        236          1          1
       267        130          0          1
       268         91          1          1
       269        270          0          1
       270        371          1          1
       271        382          0          1
       272        233          1          1
       273        263          0          1
       274        248          1          1
       275        122          0          1
       276        101          1          1
       277        254          0          1
       278        252          1          1
       279        126          0          1
       280        372          1          1
       281        208          1          1
       282        140          0          1
       283        275          0          1
       284        181          0          1
       285        121          1          1
       286        273          0          1
       287        148          1          1
       288        225          0          1
       289         60          1          1
       290        297          0          1
       291        284          1          1
       292        184          0          1
       293        107          0          1
       294         40          0          1
       295        353          1          1
       296         20          0          1
       297        212          1          1
       298         58          0          1
       299         99          0          1
       300        291          0          1
       301         13          0          1
       302        358          0          1
       303         98          0          1
       304        172          0          1
       305         89          0          1
       306        190          1          1
       307        309          0          1
       308        197          1          1
       309         90          0          1
       310        116          0          1
       311        365          0          1
       312         95          0          1
       313         51          0          1
       314        347          1          1
       315        124          0          1
       316        108          0          1
       317        206          0          1
       318        204          1          1
       319        383          0          1
       320        156          1          1
       321        377          0          1
       322         26          0          1
       323        340          1          1
       324        157          0          1
       325        330          0          1
       326        183          0          1
       327        288          0          1
       328        394          0          1
       329         10          1          1
       330        207          0          1
       331        392          0          1
       332        296          0          1
       333        389          0          1
       334        187          0          1
       335        261          1          1
       336        132          0          1
       337        202          0          1
       338          3          0          1
       339          7          1          1
       340        304          0          1
       341        147          0          1
       342        131          1          1
       343        193          0          1
       344        136          1          1
       345        269          0          1
       346        341          1          1
       347         39          0          1
       348         44          1          1
       349        109          0          1
       350        186          1          1
       351        281          0          1
       352         11          0          1
       353        223          1          1
       354        361          0          1
       355        310          0          1
       356        150          1          1
       357        221          0          1
       358        312          1          1
       359        326          0          1
       360        182          1          1
       361        343          1          1
       362         27          0          1
       363        391          1          1
       364        302          0          1
       365        373          1          1
       366        200          0          1
       367        357          1          1
       368        163          0          1
       369         23          0          1
       370        143          0          1
       371         28          1          1
       372        306          0          1
       373        292          0          1
       374        153          0          1
       375        256          1          1
       376        229          0          1
       377        313          1          1
       378        339          0          1
       379        385          1          1
       380         77          0          1
       381        249          0          1
       382         41          1          1
       383        299          0          1
       384        264          1          1
       385        335          0          1
       386        325          1          1
       387        173          0          1
       388        349          1          1
       389         37          0          1
       390         46          0          1
       391        375          0          1
       392         85          0          1
       393         50          0          1
       394        287          0          1
       395        323          0          1
       396        308          1          1
       397        327          0          1
       398        332          1          1
       399        255          0          1
       400        142          1          1
               37758
configuration                   18                85000         1.4963616029982587E+00         2.9800000000000000E+02         1.3877787807814457E-17
         1        342          0          1
         2        223          1          1
         3        232          0          1
         4        231          0          1
         5        318          1          1
         6        160          0          1
         7        288          0          1
         8        117          0          1
         9          9          1          1
        10        348          0          1
        11        221          1          1
        12        345          0          1
        13        179          0          1
        14        249          0          1
        15        172          0          1
        16        228          0          1
        17        274          0          1
        18         22          1          1
        19          7          0          1
        20         54          1          1
        21        397          1          1
        22         23          0          1
        23        216          0          1
        24         87          0          1
        25        176          0          1
        26        257          0          1
        27         39          1          1
        28        375          0          1
        29         72          0          1
        30        186          1          1
        31        356          0          1
        32        147          1          1
        33        277          0          1
        34        259          0          1
        35        140          1          1
        36        361          0          1
        37        291          1          1
        38         68          0          1
        39        253          1          1
        40        213          0          1
        41        118          0          1
        42        354          0          1
        43         85          1          1
        44         76          0          1
        45        298          1          1
        46        272          0          1
        47        328          0          1
        48         29          0          1
        49        261          1          1
        50        148          0          1
        51          4          1          1
        52        250          0          1
        53        305          0          1
        54        311          0          1
        55         41          0          1
        56        214          1          1
        57        363          0          1
        58        105          1          1
        59         84          0          1
        60        189          1          1
        61        271          0          1
        62        175          1          1
        63         47          0          1
        64        193          0          1
        65         58          0          1
        66        167          1          1
        67        115          0          1
        68        276          1          1
        69         65          0          1
        70          3          1          1
        71        191          0          1
        72        301          0          1
        73        369          0          1
        74        398          0          1
        75        392          1          1
        76        366          0          1
        77        195          0          1
        78         51          0          1
        79        154          0          1
        80        227          0          1
        81        111          1          1
        82        196          0          1
        83        337          1          1
        84        360          0          1
        85        197          0          1
        86        329          0          1
        87        229          1          1
        88        187          0          1
        89        339          1          1
        90        315          0          1
        91         52          1          1
        92        322          0          1
        93        362          0          1
        94        113          0          1
        95        146          0          1
        96        107          1          1
        97        251          0          1
        98        109          1          1
        99         35          0          1
       100         79          0          1
       101         62          0          1
       102         81          1          1
       103        144          0          1
       104        217          1          1
       105        279          0          1
       106         83          0          1
       107         46          0          1
       108        364          1          1
       109        340          0          1
       110        233          1          1
       111        162          0          1
       112        208          0          1
       113        202          0          1
       114          8          0          1
       115         75          0          1
       116        182          0          1
       117        395          0          1
       118         24          0          1
       119        138          1          1
       120         30          0          1
       121        324          0          1
       122        101          0          1
       123        304          1          1
       124        125          0          1
       125        238          1          1
       126        168          0          1
       127        136          1          1
       128        153          0          1
       129         18          1          1
       130        135          0          1
       131        150          0          1
       132        380          0          1
       133          5          0          1
       134         12          1          1
       135         91          0          1
       136        243          1          1
       137        215          0          1
       138        236          1          1
       139        372          0          1
       140        235          0          1
       141        270          0          1
       142        169          0          1
       143        333          0          1
       144        378          0          1
       145        128          0          1
       146        120          0          1
       147        319          0          1
       148        112          0          1
       149        137          0          1
       150        346          1          1
       151        391          0          1
       152         95          0          1
       153        234          1          1
       154        374          0          1
       155        206          1          1
       156         97          0          1
       157        145          0          1
       158        317          0          1
       159        134          0          1
       160         36          1          1
       161        211          1          1
       162         34          0          1
       163        264          1          1
       164        240          0          1
       165        302          1          1
       166        108          0          1
       167         59          0          1
       168        204          0          1
       169        258          1          1
       170        201          0          1
       171        336          0          1
       172        114          0          1
       173         11          0          1
       174        218          1          1
       175        207          0          1
       176        226          0          1
       177        152          0          1
       178        103          0          1
       179        143          1          1
       180        286          0          1
       181        349          0          1
       182        248          1          1
       183         28          0          1
       184        246          1          1
       185        283          0          1
       186        132          1          1
       187        282          0          1
       188        284          1          1
       189         48          0          1
       190        244          1          1
       191        170          0          1
       192        376          0          1
       193         82          0          1
       194         32          0          1
       195        255          0          1
       196        297          1          1
       197         17          0          1
       198         42          0          1
       199        390          0          1
       200        280          1          1
       201        273          1          1
       202        396          0          1
       203        332          1          1
       204        355          0          1
       205        122          1          1
       206        239          0          1
       207        188          0          1
       208         64          0          1
       209         10          1          1
       210        300          0          1
       211         90          0          1
       212        385          0          1
       213         31          1          1
       214        316          0          1
       215        159          1          1
       216        241          0          1
       217        370          0          1
       218        222          0          1
       219         78          1          1
       220        252          0          1
       221         15          0          1
       222        341          1          1
       223        123          0          1
       224        278          1          1
       225        110          0          1
       226        303          0          1
       227        133          1          1
       228        230          0          1
       229        306          0          1
       230        357          0          1
       231         25          0          1
       232        151          1          1
       233        308          0          1
       234        275          1          1
       235         73          0          1
       236        371          1          1
       237          2          0          1
       238         44          0          1
       239        389          0          1
       240        299          1          1
       241         92          1          1
       242        127          0          1
       243        292          0          1
       244        192          0          1
       245        158          0          1
       246        343          1          1
       247        350          0          1
       248        384          0          1
       249        312          1          1
       250        310          0          1
       251        163          1          1
       252         45          0          1
       253        368          1          1
       254         69          0          1
       255        106          1          1
       256        393          0          1
       257        262          1          1
       258         43          0          1
       259         61          1          1
       260         60          0          1
       261        373          0          1
       262        256          1          1
       263        330          0          1
       264        165          0          1
       265        293          1          1
       266        296          0          1
       267        178          0          1
       268        294          0          1
       269        212          0          1
       270        156          1          1
       271        382          0          1
       272        320          1          1
       273         21          0          1
       274        386          0          1
       275        289          0          1
       276        245          1          1
       277        254          0          1
       278        367          1          1
       279        126          0          1
       280        180          1          1
       281        307          0          1
       282        242          0          1
       283         67          1          1
       284        194          0          1
       285        171          0          1
       286        326          0          1
       287        338          1          1
       288        352          0          1
       289        381          1          1
       290         96          0          1
       291        353          1          1
       292        184          0          1
       293        325          0          1
       294        394          0          1
       295        177          1          1
       296        281          0          1
       297        205          1          1
       298         93          0          1
       299        130          1          1
       300         55          0          1
       301         13          0          1
       302        327          0          1
       303         98          0          1
       304         88          1          1
       305         89          0          1
       306        377          1          1
       307        309          0          1
       308         37          1          1
       309         86          0          1
       310        220          1          1
       311        365          0          1
       312        203          1          1
       313         66          0          1
       314        314          0          1
       315        124          0          1
       316         26          0          1
       317         50          0          1
       318         49          1          1
       319        383          0          1
       320        209          1          1
       321        347          1          1
       322        141          0          1
       323        263          1          1
       324        157          0          1
       325         80          1          1
       326        290          0          1
       327        173          1          1
       328         19          0          1
       329        181          1          1
       330        399          0          1
       331        388          0          1
       332        183          0          1
       333        155          1          1
       334        358          0          1
       335        166          0          1
       336         77          1          1
       337        351          0          1
       338         20          0          1
       339        142          1          1
       340         33          0          1
       341        190          0          1
       342        104          0          1
       343        116          0          1
       344         57          1          1
       345        269          0          1
       346         99          1          1
       347        295          0          1
       348        225          0          1
       349         14          0          1
       350        119          1          1
       351        334          0          1
       352        344          0          1
       353        219          0          1
       354        129          0          1
       355        400          0          1
       356        139          0          1
       357        331          0          1
       358        359          1          1
       359          1          0          1
       360        260          0          1
       361         38          0          1
       362         27          0          1
       363        198          0          1
       364        131          0          1
       365         70          1          1
       366        200          0          1
       367        161          1          1
       368        121          0          1
       369        266          0          1
       370        321          0          1
       371        268          0          1
       372        265          0          1
       373        285          1          1
       374        313          0          1
       375        185          0          1
       376        102          0          1
       377        149          1          1
       378        164          0          1
       379        100          0          1
       380         16          1          1
       381          6          1          1
       382         74          0          1
       383         53          1          1
       384        199          0          1
       385        335          0          1
       386        237          1          1
       387         71          0          1
       388        224          0          1
       389         56          0          1
       390        247          0          1
       391         63          0          1
       392        323          1          1
       393        267          0          1
       394         40          1          1
       395        379          0          1
       396        210          1          1
       397        387          0          1
       398        174          0          1
       399         94          1          1
       400        287          0          1
               40139
configuration                   19                90000         1.5817984192861225E+00         2.9800000000000000E+02         1.3877787807814457E-17
         1         30          0          1
         2        243          1          1
         3        379          0          1
         4         37          0          1
         5        273          0          1
         6        348          0          1
         7         50          0          1
         8        293          0          1
         9        297          1          1
        10        277          0          1
        11        304          0          1
        12        155          0          1
        13        332          1          1
        14        250          0          1
        15        364          0          1
        16         59          1          1
        17         52          0          1
        18          1          1          1
        19        110          0          1
        20         87          1          1
        21        177          1          1
        22         34          0          1
        23        335          0          1
        24        371          0          1
        25        235          0          1
        26          3          0          1
        27        118          0          1
        28        385          1          1
        29        223          0          1
        30        248          1          1
        31         11          0          1
        32         17          1          1
        33         95          0          1
        34        181          1          1
        35        298          0          1
        36         19          0          1
        37        384          1          1
        38         60          0          1
        39        159          1          1
        40        213          0          1
        41        355          0          1
        42         98          1          1
        43        149          0          1
        44        341          1          1
        45        305          0          1
        46        383          1          1
        47        211          0          1
        48        377          0          1
        49        131          0          1
        50        247          0          1
        51         23          0          1
        52        270          0          1
        53        356          0          1
        54        195          0          1
        55         27          1          1
        56        178          0          1
        57        306          0          1
        58        138          1          1
        59         84          0          1
        60        313          1          1
        61         63          1          1
        62         39          0          1
        63         14          1          1
        64         81          0          1
        65        172          0          1
        66        203          0          1
        67        392          0          1
        68        214          0          1
        69        175          1          1
        70        162          0          1
        71        136          1          1
        72        124          0          1
        73        350          1          1
        74        154          0          1
        75         55          0          1
        76        130          0          1
        77        156          0          1
        78         51          0          1
        79        241          0          1
        80        227          0          1
        81        294          0          1
        82        139          0          1
        83        339          0          1
        84        349          1          1
        85        197          0          1
        86        173          0          1
        87         77          0          1
        88        196          1          1
        89        284          0          1
        90        268          1          1
        91        282          0          1
        92        103          1          1
        93        362          0          1
        94        219          1          1
        95        137          0          1
        96        345          1          1
        97        251          0          1
        98        245          1          1
        99         35          0          1
       100         18          1          1
       101        101          1          1
       102        109          0          1
       103         45          1          1
       104        216          0          1
       105        104          0          1
       106         76          0          1
       107        315          1          1
       108         64          0          1
       109        146          0          1
       110         13          0          1
       111        187          1          1
       112        208          0          1
       113        142          0          1
       114          8          0          1
       115         47          1          1
       116        182          0          1
       117        337          1          1
       118         24          0          1
       119        123          0          1
       120         99          0          1
       121        132          0          1
       122        275          0          1
       123         65          0          1
       124        283          1          1
       125        370          0          1
       126        229          1          1
       127        145          0          1
       128        179          0          1
       129         86          0          1
       130         54          0          1
       131        378          0          1
       132        201          0          1
       133        266          0          1
       134        329          1          1
       135         91          0          1
       136         36          0          1
       137        188          0          1
       138        314          0          1
       139         22          0          1
       140        246          1          1
       141        148          1          1
       142        161          0          1
       143        220          1          1
       144        312          0          1
       145        224          1          1
       146         25          0          1
       147        166          0          1
       148        133          0          1
       149        390          1          1
       150        158          0          1
       151        257          1          1
       152        116          0          1
       153        263          1          1
       154        374          0          1
       155        322          1          1
       156         97          0          1
       157         15          1          1
       158        317          0          1
       159         38          1          1
       160        354          0          1
       161        222          0          1
       162        300          1          1
       163        225          0          1
       164        180          0          1
       165        331          0          1
       166        232          1          1
       167        274          0          1
       168        238          0          1
       169        170          0          1
       170        126          0          1
       171         85          0          1
       172         16          0          1
       173        199          0          1
       174         31          1          1
       175        100          0          1
       176        171          1          1
       177        299          0          1
       178        292          1          1
       179         82          0          1
       180        259          1          1
       181         43          1          1
       182        323          0          1
       183        141          0          1
       184        307          0          1
       185        389          0          1
       186        328          0          1
       187        333          0          1
       188        380          0          1
       189        386          0          1
       190        309          0          1
       191        120          1          1
       192        376          0          1
       193         42          1          1
       194         32          0          1
       195         56          0          1
       196        264          0          1
       197        122          1          1
       198        169          0          1
       199         72          1          1
       200        291          0          1
       201        231          0          1
       202        121          1          1
       203         33          0          1
       204        160          0          1
       205        119          1          1
       206        147          0          1
       207        157          1          1
       208        285          0          1
       209        108          1          1
       210        311          0          1
       211          7          0          1
       212          5          0          1
       213        368          0          1
       214        217          1          1
       215        168          0          1
       216        255          0          1
       217        272          0          1
       218        325          1          1
       219        396          0          1
       220        125          0          1
       221        296          0          1
       222        221          0          1
       223        239          1          1
       224        204          0          1
       225         94          0          1
       226        106          1          1
       227        372          0          1
       228        363          1          1
       229        191          0          1
       230        388          0          1
       231        228          0          1
       232        327          1          1
       233        360          0          1
       234        381          0          1
       235        105          0          1
       236        200          0          1
       237        167          1          1
       238         93          0          1
       239         83          1          1
       240        202          0          1
       241         92          1          1
       242        183          0          1
       243         40          0          1
       244        192          0          1
       245         62          1          1
       246        373          0          1
       247        288          1          1
       248          2          0          1
       249        215          0          1
       250        163          0          1
       251        342          1          1
       252         12          0          1
       253        258          0          1
       254        206          0          1
       255        185          1          1
       256         79          0          1
       257        361          0          1
       258        336          0          1
       259        346          0          1
       260        303          0          1
       261         21          0          1
       262        324          1          1
       263        395          0          1
       264        278          1          1
       265        359          0          1
       266        150          1          1
       267         10          0          1
       268        186          1          1
       269        153          0          1
       270        344          1          1
       271         46          0          1
       272        357          1          1
       273        165          0          1
       274        253          1          1
       275        301          0          1
       276        321          1          1
       277        249          0          1
       278         26          1          1
       279        289          0          1
       280        244          1          1
       281         89          1          1
       282         53          0          1
       283        127          1          1
       284        194          0          1
       285          6          1          1
       286        152          0          1
       287        164          0          1
       288        261          0          1
       289        240          1          1
       290         96          0          1
       291        352          1          1
       292        184          0          1
       293         48          1          1
       294        394          0          1
       295        129          1          1
       296        281          0          1
       297        320          0          1
       298        218          0          1
       299        111          0          1
       300        369          0          1
       301        290          0          1
       302        176          1          1
       303        340          0          1
       304        102          0          1
       305        269          0          1
       306        143          1          1
       307         73          0          1
       308         29          1          1
       309         20          0          1
       310         75          1          1
       311        365          0          1
       312         68          1          1
       313         66          0          1
       314         49          1          1
       315        128          0          1
       316         71          1          1
       317        286          0          1
       318        276          0          1
       319        347          0          1
       320        279          1          1
       321        207          0          1
       322        112          0          1
       323        193          1          1
       324        338          0          1
       325        117          1          1
       326        210          0          1
       327        334          1          1
       328        252          0          1
       329        316          0          1
       330         28          0          1
       331         67          1          1
       332         57          0          1
       333        400          0          1
       334        242          0          1
       335        318          0          1
       336         44          0          1
       337        260          0          1
       338        234          1          1
       339        295          0          1
       340          4          0          1
       341          9          0          1
       342         69          0          1
       343        358          0          1
       344        107          1          1
       345        254          0          1
       346        212          1          1
       347        343          0          1
       348         78          1          1
       349        226          0          1
       350        351          1          1
       351        115          0          1
       352        140          1          1
       353        397          0          1
       354        237          1          1
       355        189          0          1
       356        391          1          1
       357        287          0          1
       358        271          0          1
       359        134          0          1
       360        262          0          1
       361        399          0          1
       362        393          1          1
       363        198          0          1
       364        398          0          1
       365        308          1          1
       366        135          0          1
       367         70          0          1
       368        326          0          1
       369        353          1          1
       370        280          0          1
       371        330          1          1
       372        209          0          1
       373        205          1          1
       374         88          0          1
       375        382          1          1
       376        375          0          1
       377         90          1          1
       378        387          0          1
       379        233          0          1
       380         61          1          1
       381        366          1          1
       382         74          0          1
       383        113          1          1
       384         80          0          1
       385        319          0          1
       386        230          1          1
       387         58          0          1
       388        367          1          1
       389        144          0          1
       390        265          1          1
       391        310          0          1
       392        302          1          1
       393        267          0          1
       394        114          1          1
       395         41          0          1
       396        256          0          1
       397        190          0          1
       398        236          0          1
       399        174          1          1
       400        151          0          1
               42527
configuration                   20                95000         1.6677337335421338E+00         2.9800000000000000E+02         1.3877787807814457E-17
         1        219          0          1
         2         33          0          1
         3         58          0          1
         4         52          0          1
         5        378          0          1
         6        112          0          1
         7        260          1          1
         8        163          0          1
         9        344          1          1
        10        273          0          1
        11        293          1          1
        12         62          0          1
        13         96          0          1
        14         73          0          1
        15        237          0          1
        16        111          0          1
        17        395          0          1
        18         78          1          1
        19        110          0          1
        20        212          0          1
        21        389          0          1
        22        106          0          1
        23         37          1          1
        24        176          0          1
        25        193          0          1
        26        195          1          1
        27        304          0          1
        28        180          1          1
        29        223          0          1
        30         74          0          1
        31         11          0          1
        32        200          1          1
        33        334          0          1
        34         46          1          1
        35        352          0          1
        36        305          0          1
        37          3          0          1
        38        107          0          1
        39        242          0          1
        40        201          0          1
        41        355          0          1
        42         97          1          1
        43        366          0          1
        44        307          0          1
        45        367          1          1
        46          7          0          1
        47         53          1          1
        48         71          0          1
        49         19          0          1
        50        247          0          1
        51        398          1          1
        52        321          0          1
        53        294          1          1
        54        384          0          1
        55        325          1          1
        56         59          0          1
        57        306          0          1
        58        250          1          1
        59         84          0          1
        60        224          1          1
        61        343          1          1
        62         39          0          1
        63        249          1          1
        64        327          0          1
        65        386          0          1
        66        371          1          1
        67        385          0          1
        68        283          1          1
        69          1          0          1
        70        298          0          1
        71        353          0          1
        72        271          0          1
        73        218          0          1
        74        255          1          1
        75        241          0          1
        76        130          0          1
        77        205          1          1
        78        196          0          1
        79        303          1          1
        80        227          0          1
        81        243          0          1
        82         72          1          1
        83        145          0          1
        84        337          1          1
        85        100          0          1
        86         36          0          1
        87        309          1          1
        88        133          0          1
        89         15          1          1
        90        335          0          1
        91        338          0          1
        92        148          1          1
        93        329          0          1
        94        124          0          1
        95        137          0          1
        96        175          1          1
        97        251          0          1
        98        349          1          1
        99        128          0          1
       100        182          0          1
       101        291          0          1
       102        210          0          1
       103        301          0          1
       104        216          0          1
       105        259          1          1
       106          4          0          1
       107        266          0          1
       108        295          1          1
       109        278          0          1
       110        368          1          1
       111        375          0          1
       112        256          0          1
       113        284          0          1
       114        238          0          1
       115         32          1          1
       116        377          0          1
       117        323          0          1
       118        391          0          1
       119        373          0          1
       120        143          1          1
       121        379          1          1
       122        239          0          1
       123        357          0          1
       124        170          1          1
       125        370          0          1
       126        136          0          1
       127        217          1          1
       128        115          0          1
       129        380          1          1
       130        361          0          1
       131        276          0          1
       132         69          0          1
       133        166          0          1
       134        114          1          1
       135         64          0          1
       136         76          1          1
       137        290          0          1
       138         99          0          1
       139         31          1          1
       140        185          0          1
       141        254          0          1
       142        324          1          1
       143        134          0          1
       144        312          0          1
       145        154          1          1
       146         25          0          1
       147         88          0          1
       148        282          0          1
       149        131          0          1
       150        326          1          1
       151        341          0          1
       152        121          0          1
       153        123          1          1
       154        252          0          1
       155        234          0          1
       156        142          0          1
       157        109          1          1
       158        208          0          1
       159        372          0          1
       160        125          1          1
       161        150          1          1
       162        118          0          1
       163        198          0          1
       164         68          1          1
       165        331          0          1
       166        311          1          1
       167        102          0          1
       168        120          0          1
       169         18          1          1
       170        363          0          1
       171        263          0          1
       172        194          0          1
       173         93          0          1
       174        267          0          1
       175        169          1          1
       176        191          0          1
       177        173          0          1
       178        187          1          1
       179        174          0          1
       180         12          0          1
       181        270          0          1
       182         42          0          1
       183        119          0          1
       184        171          0          1
       185         23          0          1
       186        188          0          1
       187         50          1          1
       188        356          0          1
       189        393          0          1
       190        158          0          1
       191        318          1          1
       192        369          0          1
       193        207          1          1
       194        153          0          1
       195        313          0          1
       196         41          0          1
       197        156          0          1
       198        316          0          1
       199         82          0          1
       200        220          1          1
       201        350          1          1
       202         47          0          1
       203        287          1          1
       204         38          0          1
       205         51          1          1
       206        362          0          1
       207        300          0          1
       208        310          0          1
       209         30          1          1
       210         83          0          1
       211         22          0          1
       212         70          0          1
       213         29          0          1
       214         48          0          1
       215        206          1          1
       216         77          0          1
       217        162          0          1
       218        101          0          1
       219        342          0          1
       220         98          0          1
       221        346          0          1
       222        108          1          1
       223        286          0          1
       224         56          1          1
       225         94          0          1
       226        165          0          1
       227        340          0          1
       228        387          1          1
       229        275          0          1
       230        152          0          1
       231        225          1          1
       232         75          0          1
       233        231          0          1
       234         45          1          1
       235        302          0          1
       236        297          0          1
       237        322          0          1
       238        253          1          1
       239        168          0          1
       240         67          1          1
       241         20          0          1
       242        232          0          1
       243        104          1          1
       244         91          0          1
       245         66          0          1
       246        364          0          1
       247        333          0          1
       248        229          0          1
       249        383          0          1
       250        122          1          1
       251        140          0          1
       252         49          0          1
       253        213          0          1
       254         55          0          1
       255         65          1          1
       256          9          0          1
       257        203          1          1
       258        336          0          1
       259        390          1          1
       260        172          0          1
       261         21          0          1
       262        289          1          1
       263        179          0          1
       264         63          0          1
       265        189          0          1
       266         54          0          1
       267        141          1          1
       268        285          0          1
       269         24          1          1
       270        288          0          1
       271        197          1          1
       272        240          0          1
       273        149          1          1
       274        211          0          1
       275        226          0          1
       276        264          0          1
       277        248          0          1
       278        151          0          1
       279        155          0          1
       280        358          0          1
       281         90          1          1
       282        258          0          1
       283        376          1          1
       284          8          0          1
       285        354          1          1
       286        262          0          1
       287         34          0          1
       288         17          1          1
       289         95          0          1
       290        103          1          1
       291        181          0          1
       292         26          0          1
       293        382          0          1
       294        228          1          1
       295         85          0          1
       296        146          0          1
       297        314          0          1
       298        164          0          1
       299        257          1          1
       300        272          0          1
       301        113          0          1
       302        117          0          1
       303        127          0          1
       304        281          1          1
       305        167          0          1
       306        221          0          1
       307        183          1          1
       308        138          0          1
       309        214          1          1
       310        265          0          1
       311        245          1          1
       312         13          0          1
       313        388          0          1
       314        308          0          1
       315         43          0          1
       316        396          0          1
       317        360          0          1
       318         80          1          1
       319        190          0          1
       320         40          1          1
       321        351          1          1
       322         86          0          1
       323         61          1          1
       324        126          0          1
       325        347          0          1
       326         87          0          1
       327        330          0          1
       328        400          1          1
       329        199          0          1
       330        184          1          1
       331        139          0          1
       332        132          0          1
       333        204          0          1
       334        159          1          1
       335          2          0          1
       336        222          0          1
       337         81          0          1
       338        147          0          1
       339        261          0          1
       340        374          0          1
       341         92          0          1
       342        299          1          1
       343        274          0          1
       344        235          0          1
       345        394          0          1
       346         35          0          1
       347        277          1          1
       348        192          0          1
       349        320          0          1
       350        332          0          1
       351          5          0          1
       352         79          1          1
       353        397          0          1
       354        230          0          1
       355        279          1          1
       356        319          0          1
       357        244          0          1
       358        161          0          1
       359         16          1          1
       360        215          0          1
       361        399          0          1
       362        177          0          1
       363         27          0          1
       364        160          1          1
       365        105          0          1
       366        178          1          1
       367        392          0          1
       368        157          0          1
       369        317          1          1
       370        280          0          1
       371        269          1          1
       372        209          0          1
       373        202          1          1
       374        296          0          1
       375        268          0          1
       376        381          1          1
       377        233          0          1
       378         28          0          1
       379          6          0          1
       380        135          1          1
       381         60          1          1
       382        129          0          1
       383        186          1          1
       384        246          0          1
       385         44          1          1
       386        315          0          1
       387         14          0          1
       388         57          1          1
       389        144          0          1
       390        348          1          1
       391         89          0          1
       392        359          0          1
       393        345          0          1
       394        116          0          1
       395        339          0          1
       396        365          0          1
       397        292          1          1
       398        236          0          1
       399         10          1          1
       400        328          0          1
               44932
