Gas_Species:          H2
Surface_Species:      H*
Simulation_Box:         
           5.5500000000000000E+001           0.0000000000000000E+000
           0.0000000000000000E+000           5.5500000000000000E+001
Site_Types:           StTp1
configuration                    1                    0         0.0000000000000000E+00         2.9800000000000000E+02         0.0000000000000000E+00
         1          1          0          1
         2          2          0          1
         3          3          0          1
         4          4          0          1
         5          5          0          1
         6          6          0          1
         7          7          0          1
         8          8          0          1
         9          9          0          1
        10         10          0          1
        11         11          0          1
        12         12          0          1
        13         13          0          1
        14         14          0          1
        15         15          0          1
        16         16          0          1
        17         17          0          1
        18         18          0          1
        19         19          0          1
        20         20          0          1
        21         21          0          1
        22         22          0          1
        23         23          0          1
        24         24          0          1
        25         25          0          1
        26         26          0          1
        27         27          0          1
        28         28          0          1
        29         29          0          1
        30         30          0          1
        31         31          0          1
        32         32          0          1
        33         33          0          1
        34         34          0          1
        35         35          0          1
        36         36          0          1
        37         37          0          1
        38         38          0          1
        39         39          0          1
        40         40          0          1
        41         41          0          1
        42         42          0          1
        43         43          0          1
        44         44          0          1
        45         45          0          1
        46         46          0          1
        47         47          0          1
        48         48          0          1
        49         49          0          1
        50         50          0          1
        51         51          0          1
        52         52          0          1
        53         53          0          1
        54         54          0          1
        55         55          0          1
        56         56          0          1
        57         57          0          1
        58         58          0          1
        59         59          0          1
        60         60          0          1
        61         61          0          1
        62         62          0          1
        63         63          0          1
        64         64          0          1
        65         65          0          1
        66         66          0          1
        67         67          0          1
        68         68          0          1
        69         69          0          1
        70         70          0          1
        71         71          0          1
        72         72          0          1
        73         73          0          1
        74         74          0          1
        75         75          0          1
        76         76          0          1
        77         77          0          1
        78         78          0          1
        79         79          0          1
        80         80          0          1
        81         81          0          1
        82         82          0          1
        83         83          0          1
        84         84          0          1
        85         85          0          1
        86         86          0          1
        87         87          0          1
        88         88          0          1
        89         89          0          1
        90         90          0          1
        91         91          0          1
        92         92          0          1
        93         93          0          1
        94         94          0          1
        95         95          0          1
        96         96          0          1
        97         97          0          1
        98         98          0          1
        99         99          0          1
       100        100          0          1
       101        101          0          1
       102        102          0          1
       103        103          0          1
       104        104          0          1
       105        105          0          1
       106        106          0          1
       107        107          0          1
       108        108          0          1
       109        109          0          1
       110        110          0          1
       111        111          0          1
       112        112          0          1
       113        113          0          1
       114        114          0          1
       115        115          0          1
       116        116          0          1
       117        117          0          1
       118        118          0          1
       119        119          0          1
       120        120          0          1
       121        121          0          1
       122        122          0          1
       123        123          0          1
       124        124          0          1
       125        125          0          1
       126        126          0          1
       127        127          0          1
       128        128          0          1
       129        129          0          1
       130        130          0          1
       131        131          0          1
       132        132          0          1
       133        133          0          1
       134        134          0          1
       135        135          0          1
       136        136          0          1
       137        137          0          1
       138        138          0          1
       139        139          0          1
       140        140          0          1
       141        141          0          1
       142        142          0          1
       143        143          0          1
       144        144          0          1
       145        145          0          1
       146        146          0          1
       147        147          0          1
       148        148          0          1
       149        149          0          1
       150        150          0          1
       151        151          0          1
       152        152          0          1
       153        153          0          1
       154        154          0          1
       155        155          0          1
       156        156          0          1
       157        157          0          1
       158        158          0          1
       159        159          0          1
       160        160          0          1
       161        161          0          1
       162        162          0          1
       163        163          0          1
       164        164          0          1
       165        165          0          1
       166        166          0          1
       167        167          0          1
       168        168          0          1
       169        169          0          1
       170        170          0          1
       171        171          0          1
       172        172          0          1
       173        173          0          1
       174        174          0          1
       175        175          0          1
       176        176          0          1
       177        177          0          1
       178        178          0          1
       179        179          0          1
       180        180          0          1
       181        181          0          1
       182        182          0          1
       183        183          0          1
       184        184          0          1
       185        185          0          1
       186        186          0          1
       187        187          0          1
       188        188          0          1
       189        189          0          1
       190        190          0          1
       191        191          0          1
       192        192          0          1
       193        193          0          1
       194        194          0          1
       195        195          0          1
       196        196          0          1
       197        197          0          1
       198        198          0          1
       199        199          0          1
       200        200          0          1
       201        201          0          1
       202        202          0          1
       203        203          0          1
       204        204          0          1
       205        205          0          1
       206        206          0          1
       207        207          0          1
       208        208          0          1
       209        209          0          1
       210        210          0          1
       211        211          0          1
       212        212          0          1
       213        213          0          1
       214        214          0          1
       215        215          0          1
       216        216          0          1
       217        217          0          1
       218        218          0          1
       219        219          0          1
       220        220          0          1
       221        221          0          1
       222        222          0          1
       223        223          0          1
       224        224          0          1
       225        225          0          1
       226        226          0          1
       227        227          0          1
       228        228          0          1
       229        229          0          1
       230        230          0          1
       231        231          0          1
       232        232          0          1
       233        233          0          1
       234        234          0          1
       235        235          0          1
       236        236          0          1
       237        237          0          1
       238        238          0          1
       239        239          0          1
       240        240          0          1
       241        241          0          1
       242        242          0          1
       243        243          0          1
       244        244          0          1
       245        245          0          1
       246        246          0          1
       247        247          0          1
       248        248          0          1
       249        249          0          1
       250        250          0          1
       251        251          0          1
       252        252          0          1
       253        253          0          1
       254        254          0          1
       255        255          0          1
       256        256          0          1
       257        257          0          1
       258        258          0          1
       259        259          0          1
       260        260          0          1
       261        261          0          1
       262        262          0          1
       263        263          0          1
       264        264          0          1
       265        265          0          1
       266        266          0          1
       267        267          0          1
       268        268          0          1
       269        269          0          1
       270        270          0          1
       271        271          0          1
       272        272          0          1
       273        273          0          1
       274        274          0          1
       275        275          0          1
       276        276          0          1
       277        277          0          1
       278        278          0          1
       279        279          0          1
       280        280          0          1
       281        281          0          1
       282        282          0          1
       283        283          0          1
       284        284          0          1
       285        285          0          1
       286        286          0          1
       287        287          0          1
       288        288          0          1
       289        289          0          1
       290        290          0          1
       291        291          0          1
       292        292          0          1
       293        293          0          1
       294        294          0          1
       295        295          0          1
       296        296          0          1
       297        297          0          1
       298        298          0          1
       299        299          0          1
       300        300          0          1
       301        301          0          1
       302        302          0          1
       303        303          0          1
       304        304          0          1
       305        305          0          1
       306        306          0          1
       307        307          0          1
       308        308          0          1
       309        309          0          1
       310        310          0          1
       311        311          0          1
       312        312          0          1
       313        313          0          1
       314        314          0          1
       315        315          0          1
       316        316          0          1
       317        317          0          1
       318        318          0          1
       319        319          0          1
       320        320          0          1
       321        321          0          1
       322        322          0          1
       323        323          0          1
       324        324          0          1
       325        325          0          1
       326        326          0          1
       327        327          0          1
       328        328          0          1
       329        329          0          1
       330        330          0          1
       331        331          0          1
       332        332          0          1
       333        333          0          1
       334        334          0          1
       335        335          0          1
       336        336          0          1
       337        337          0          1
       338        338          0          1
       339        339          0          1
       340        340          0          1
       341        341          0          1
       342        342          0          1
       343        343          0          1
       344        344          0          1
       345        345          0          1
       346        346          0          1
       347        347          0          1
       348        348          0          1
       349        349          0          1
       350        350          0          1
       351        351          0          1
       352        352          0          1
       353        353          0          1
       354        354          0          1
       355        355          0          1
       356        356          0          1
       357        357          0          1
       358        358          0          1
       359        359          0          1
       360        360          0          1
       361        361          0          1
       362        362          0          1
       363        363          0          1
       364        364          0          1
       365        365          0          1
       366        366          0          1
       367        367          0          1
       368        368          0          1
       369        369          0          1
       370        370          0          1
       371        371          0          1
       372        372          0          1
       373        373          0          1
       374        374          0          1
       375        375          0          1
       376        376          0          1
       377        377          0          1
       378        378          0          1
       379        379          0          1
       380        380          0          1
       381        381          0          1
       382        382          0          1
       383        383          0          1
       384        384          0          1
       385        385          0          1
       386        386          0          1
       387        387          0          1
       388        388          0          1
       389        389          0          1
       390        390          0          1
       391        391          0          1
       392        392          0          1
       393        393          0          1
       394        394          0          1
       395        395          0          1
       396        396          0          1
       397        397          0          1
       398        398          0          1
       399        399          0          1
       400        400          0          1
                   0
configuration                    2                 5000         1.2428230350179001E-02         2.9800000000000000E+02         1.3877787807814457E-17
         1        143          0          1
         2        319          1          1
         3         41          0          1
         4        176          0          1
         5        268          0          1
         6        349          1          1
         7         25          0          1
         8        200          0          1
         9          9          0          1
        10        305          1          1
        11        396          0          1
        12        252          1          1
        13        107          0          1
        14        151          1          1
        15        111          0          1
        16        382          0          1
        17        394          1          1
        18        300          0          1
        19        354          1          1
        20         92          0          1
        21        183          1          1
        22        283          0          1
        23        229          1          1
        24        148          0          1
        25        117          1          1
        26        210          0          1
        27        375          1          1
        28        296          0          1
        29        142          1          1
        30        269          0          1
        31         50          1          1
        32        342          0          1
        33         21          0          1
        34        209          0          1
        35        222          0          1
        36        186          0          1
        37        368          0          1
        38        154          1          1
        39        145          0          1
        40        347          0          1
        41        260          0          1
        42         47          1          1
        43        249          0          1
        44        228          1          1
        45        289          0          1
        46        350          1          1
        47        338          0          1
        48        261          0          1
        49         58          0          1
        50        101          1          1
        51         66          0          1
        52        245          1          1
        53        225          0          1
        54        256          0          1
        55         55          0          1
        56         23          0          1
        57        246          1          1
        58        177          0          1
        59        171          1          1
        60        181          0          1
        61        201          1          1
        62        221          0          1
        63        202          0          1
        64        306          0          1
        65        146          0          1
        66        192          0          1
        67         42          1          1
        68        189          0          1
        69        138          1          1
        70        128          0          1
        71         46          1          1
        72        314          0          1
        73         24          1          1
        74        106          0          1
        75        365          0          1
        76        191          0          1
        77        110          0          1
        78         96          1          1
        79        129          0          1
        80         33          0          1
        81        265          0          1
        82         56          0          1
        83        255          1          1
        84        122          0          1
        85         15          0          1
        86         14          0          1
        87        136          0          1
        88        334          0          1
        89        359          0          1
        90        109          0          1
        91        322          0          1
        92        367          1          1
        93         87          0          1
        94        263          0          1
        95        242          0          1
        96         91          0          1
        97        118          1          1
        98        379          0          1
        99        100          0          1
       100        264          0          1
       101        182          1          1
       102        244          0          1
       103        103          0          1
       104         17          0          1
       105        284          0          1
       106        339          0          1
       107        199          0          1
       108        134          1          1
       109         94          0          1
       110        152          0          1
       111        206          0          1
       112        112          0          1
       113         39          1          1
       114        157          0          1
       115         99          0          1
       116        211          1          1
       117         88          0          1
       118        238          0          1
       119        274          1          1
       120        395          0          1
       121         26          0          1
       122         49          1          1
       123        119          0          1
       124         28          1          1
       125        139          0          1
       126        162          1          1
       127        329          0          1
       128        215          0          1
       129        317          1          1
       130          2          0          1
       131        280          0          1
       132        213          0          1
       133        133          0          1
       134        282          1          1
       135        166          0          1
       136         86          0          1
       137        214          0          1
       138        372          1          1
       139        321          0          1
       140        373          1          1
       141        185          1          1
       142         95          0          1
       143         32          1          1
       144        126          0          1
       145         57          0          1
       146        137          0          1
       147         20          1          1
       148        266          0          1
       149        135          0          1
       150        140          1          1
       151        232          0          1
       152        302          0          1
       153        188          1          1
       154        250          0          1
       155        184          0          1
       156        285          0          1
       157        348          1          1
       158        172          0          1
       159        271          1          1
       160         38          0          1
       161        330          0          1
       162         77          1          1
       163        337          0          1
       164        127          0          1
       165        341          1          1
       166         53          0          1
       167        195          0          1
       168        324          1          1
       169        220          0          1
       170        343          0          1
       171        332          0          1
       172         65          1          1
       173        286          0          1
       174         29          0          1
       175          5          0          1
       176        196          0          1
       177         59          0          1
       178         64          1          1
       179        344          0          1
       180         22          1          1
       181        301          1          1
       182        197          0          1
       183        247          1          1
       184         89          0          1
       185        312          0          1
       186         83          1          1
       187         72          0          1
       188        386          0          1
       189        297          0          1
       190        205          0          1
       191          6          1          1
       192         11          0          1
       193         16          0          1
       194        207          0          1
       195        376          1          1
       196          1          0          1
       197        113          1          1
       198        114          0          1
       199        299          1          1
       200        203          0          1
       201        320          0          1
       202        104          0          1
       203         36          0          1
       204        160          0          1
       205        158          1          1
       206        331          0          1
       207        355          1          1
       208         12          0          1
       209        392          1          1
       210        318          0          1
       211         30          0          1
       212        147          0          1
       213        194          0          1
       214         43          1          1
       215        218          0          1
       216        383          1          1
       217        316          0          1
       218        144          0          1
       219        272          0          1
       220        388          0          1
       221        175          0          1
       222         67          0          1
       223        173          0          1
       224         80          1          1
       225        290          0          1
       226        371          1          1
       227        353          0          1
       228        270          1          1
       229         68          0          1
       230        385          0          1
       231        231          0          1
       232          7          1          1
       233        328          0          1
       234        115          0          1
       235         10          1          1
       236        153          0          1
       237        123          1          1
       238        167          0          1
       239        132          0          1
       240        258          1          1
       241        308          1          1
       242        254          0          1
       243        340          0          1
       244        187          0          1
       245         34          1          1
       246        356          0          1
       247        292          1          1
       248        237          0          1
       249        366          1          1
       250         78          0          1
       251        102          1          1
       252        235          0          1
       253        121          0          1
       254        310          1          1
       255        234          0          1
       256        380          0          1
       257        393          0          1
       258         63          0          1
       259         35          0          1
       260        241          0          1
       261        230          0          1
       262          3          1          1
       263        279          0          1
       264         51          1          1
       265         85          0          1
       266        130          1          1
       267        278          0          1
       268        204          1          1
       269        190          0          1
       270        369          0          1
       271        281          0          1
       272        276          0          1
       273          4          1          1
       274         52          0          1
       275        275          0          1
       276        120          1          1
       277        150          0          1
       278         44          1          1
       279         98          0          1
       280         74          0          1
       281        169          1          1
       282        313          0          1
       283        351          1          1
       284        159          0          1
       285         48          0          1
       286         19          0          1
       287        303          0          1
       288        174          0          1
       289        398          1          1
       290        165          0          1
       291        273          0          1
       292        346          0          1
       293        345          0          1
       294        294          0          1
       295        164          1          1
       296         81          0          1
       297        219          1          1
       298        116          0          1
       299        208          1          1
       300        397          0          1
       301        156          0          1
       302         70          1          1
       303        125          0          1
       304        243          1          1
       305        267          0          1
       306        105          1          1
       307        315          0          1
       308        378          0          1
       309        179          0          1
       310        226          1          1
       311        155          0          1
       312        178          1          1
       313        180          0          1
       314        361          1          1
       315        161          0          1
       316        362          1          1
       317        223          0          1
       318        295          1          1
       319        257          0          1
       320        384          1          1
       321        391          1          1
       322        387          0          1
       323         45          1          1
       324        239          0          1
       325        325          1          1
       326         60          0          1
       327        287          1          1
       328         82          0          1
       329        377          0          1
       330         61          0          1
       331        149          1          1
       332        358          0          1
       333         84          1          1
       334        277          0          1
       335         13          0          1
       336        336          0          1
       337        309          0          1
       338        326          0          1
       339        304          1          1
       340         40          0          1
       341        335          0          1
       342        141          1          1
       343         93          0          1
       344        163          1          1
       345        124          0          1
       346        224          0          1
       347        399          0          1
       348        240          0          1
       349        216          0          1
       350         79          0          1
       351        212          0          1
       352        352          1          1
       353        227          0          1
       354         37          0          1
       355        374          1          1
       356         75          0          1
       357        381          0          1
       358        259          0          1
       359        357          0          1
       360        323          1          1
       361        251          0          1
       362        360          0          1
       363        262          0          1
       364         62          0          1
       365         31          0          1
       366        248          0          1
       367        291          0          1
       368        233          1          1
       369          8          0          1
       370        236          0          1
       371        108          1          1
       372        217          0          1
       373        364          0          1
       374        370          1          1
       375        131          0          1
       376        293          0          1
       377         76          1          1
       378        168          0          1
       379        311          1          1
       380        170          0          1
       381        333          1          1
       382        389          0          1
       383        327          1          1
       384         69          0          1
       385        400          0          1
       386        363          0          1
       387        198          0          1
       388         18          0          1
       389        288          1          1
       390        390          0          1
       391         97          0          1
       392         73          0          1
       393        307          1          1
       394         90          0          1
       395        193          0          1
       396        298          1          1
       397         27          0          1
       398         71          0          1
       399         54          0          1
       400        253          0          1
                2437
configuration                    3                10000         2.5482425551777974E-02         2.9800000000000000E+02         1.3877787807814457E-17
         1         19          0          1
         2         72          1          1
         3        200          0          1
         4        173          0          1
         5        195          0          1
         6        397          0          1
         7        343          1          1
         8        327          0          1
         9        148          0          1
        10         20          0          1
        11         84          0          1
        12         45          0          1
        13        146          1          1
        14        243          0          1
        15         82          0          1
        16        360          1          1
        17        385          0          1
        18        388          0          1
        19        270          0          1
        20        272          0          1
        21        358          1          1
        22        161          0          1
        23        188          1          1
        24        341          0          1
        25        126          1          1
        26        282          0          1
        27        257          0          1
        28        296          0          1
        29        168          0          1
        30         24          0          1
        31        194          1          1
        32        338          0          1
        33        371          0          1
        34        147          0          1
        35        239          1          1
        36        316          0          1
        37        361          1          1
        38        103          0          1
        39         94          0          1
        40        392          0          1
        41        291          0          1
        42         53          1          1
        43        266          0          1
        44        281          0          1
        45        163          0          1
        46        347          0          1
        47         31          0          1
        48        139          1          1
        49         58          0          1
        50        223          1          1
        51        117          0          1
        52         52          1          1
        53        225          0          1
        54        276          1          1
        55         98          0          1
        56        378          1          1
        57        368          0          1
        58        120          0          1
        59        280          0          1
        60        340          0          1
        61        255          1          1
        62        171          0          1
        63        252          1          1
        64        317          0          1
        65        100          1          1
        66         46          0          1
        67        150          1          1
        68        231          0          1
        69        350          1          1
        70        128          0          1
        71        313          1          1
        72        381          0          1
        73        393          0          1
        74        106          0          1
        75        265          1          1
        76        259          0          1
        77        185          1          1
        78        375          0          1
        79         39          1          1
        80          6          0          1
        81        344          0          1
        82        214          0          1
        83         32          0          1
        84         62          1          1
        85         15          0          1
        86        304          1          1
        87         85          0          1
        88        153          1          1
        89        311          0          1
        90        205          1          1
        91        322          0          1
        92         44          1          1
        93         87          0          1
        94        186          1          1
        95        242          0          1
        96        383          1          1
        97        197          0          1
        98        382          1          1
        99         92          0          1
       100        135          0          1
       101        247          0          1
       102        132          0          1
       103        183          1          1
       104         17          0          1
       105        367          0          1
       106        339          0          1
       107        105          1          1
       108        111          0          1
       109        295          1          1
       110         10          0          1
       111        290          1          1
       112        394          0          1
       113        124          0          1
       114        157          0          1
       115        245          1          1
       116         22          0          1
       117        228          1          1
       118        118          0          1
       119        249          0          1
       120        336          1          1
       121        376          1          1
       122        372          0          1
       123        273          0          1
       124        321          1          1
       125         80          0          1
       126        345          1          1
       127        329          0          1
       128         14          0          1
       129        145          0          1
       130         37          1          1
       131         64          0          1
       132        390          1          1
       133        133          0          1
       134        312          0          1
       135         66          0          1
       136        141          0          1
       137        190          0          1
       138         50          0          1
       139        261          0          1
       140         41          0          1
       141         34          0          1
       142         47          1          1
       143        260          0          1
       144        230          0          1
       145          9          0          1
       146        119          0          1
       147        238          0          1
       148        298          1          1
       149        271          0          1
       150        373          0          1
       151          1          0          1
       152        302          0          1
       153        110          1          1
       154        355          0          1
       155        209          1          1
       156         18          0          1
       157        400          1          1
       158        198          0          1
       159        170          0          1
       160         76          1          1
       161        284          1          1
       162        325          0          1
       163        342          1          1
       164        353          0          1
       165        324          1          1
       166         95          0          1
       167        202          1          1
       168        359          0          1
       169          4          1          1
       170        220          0          1
       171         13          0          1
       172        399          1          1
       173        127          0          1
       174         55          1          1
       175        357          0          1
       176        346          1          1
       177         83          0          1
       178        219          1          1
       179        395          0          1
       180         88          0          1
       181         77          0          1
       182        181          1          1
       183        101          0          1
       184        155          0          1
       185        140          0          1
       186        199          0          1
       187        264          0          1
       188        137          0          1
       189        283          0          1
       190        389          0          1
       191        156          1          1
       192        288          0          1
       193        262          1          1
       194        207          0          1
       195        130          1          1
       196         59          0          1
       197         49          1          1
       198        224          0          1
       199         67          1          1
       200         99          0          1
       201        370          0          1
       202          8          0          1
       203        193          1          1
       204         43          0          1
       205        356          1          1
       206        305          0          1
       207        217          1          1
       208        374          0          1
       209         73          1          1
       210        391          0          1
       211        211          0          1
       212        331          1          1
       213        333          0          1
       214        379          0          1
       215        218          0          1
       216        102          1          1
       217        398          0          1
       218        221          1          1
       219        335          0          1
       220        326          1          1
       221         79          1          1
       222        196          0          1
       223         86          0          1
       224         54          0          1
       225        306          0          1
       226        179          1          1
       227         40          0          1
       228        294          1          1
       229         68          0          1
       230        300          1          1
       231        301          0          1
       232        248          0          1
       233        152          1          1
       234        115          0          1
       235        233          0          1
       236         91          0          1
       237         12          1          1
       238         21          0          1
       239        107          1          1
       240         29          0          1
       241        210          0          1
       242        206          1          1
       243        113          0          1
       244        285          0          1
       245        330          0          1
       246        328          0          1
       247        222          0          1
       248        237          0          1
       249         97          1          1
       250         78          0          1
       251        369          0          1
       252         30          1          1
       253        268          0          1
       254         27          1          1
       255        234          0          1
       256        212          0          1
       257         65          0          1
       258        114          1          1
       259        263          0          1
       260        386          1          1
       261        348          1          1
       262        176          0          1
       263        279          0          1
       264        203          1          1
       265        134          0          1
       266        293          0          1
       267         96          0          1
       268        121          1          1
       269         48          0          1
       270        108          1          1
       271        254          0          1
       272        278          0          1
       273        143          1          1
       274        299          0          1
       275        149          0          1
       276        160          0          1
       277        191          1          1
       278        365          0          1
       279        180          0          1
       280        352          0          1
       281        332          0          1
       282        308          0          1
       283        303          1          1
       284        159          0          1
       285          2          1          1
       286        162          0          1
       287        166          1          1
       288        154          0          1
       289        314          1          1
       290         16          0          1
       291        122          1          1
       292          3          0          1
       293        138          0          1
       294         35          1          1
       295        289          0          1
       296        187          1          1
       297        192          0          1
       298        274          0          1
       299        167          1          1
       300        363          0          1
       301        396          0          1
       302         57          0          1
       303        125          0          1
       304        177          0          1
       305         70          0          1
       306        277          1          1
       307        315          0          1
       308        323          1          1
       309        184          0          1
       310        244          1          1
       311        354          0          1
       312          5          0          1
       313        253          1          1
       314        235          0          1
       315         28          1          1
       316        384          0          1
       317         23          0          1
       318        319          1          1
       319        151          0          1
       320        377          1          1
       321        189          1          1
       322        387          0          1
       323        129          1          1
       324         51          0          1
       325        158          1          1
       326         60          0          1
       327        251          0          1
       328         61          0          1
       329        241          1          1
       330        334          0          1
       331        240          1          1
       332        269          0          1
       333        144          0          1
       334        297          0          1
       335        229          0          1
       336        275          0          1
       337         11          1          1
       338        201          0          1
       339        364          1          1
       340         26          0          1
       341        320          0          1
       342        142          1          1
       343         93          0          1
       344        227          1          1
       345        123          0          1
       346        351          1          1
       347         42          0          1
       348        349          1          1
       349        366          0          1
       350         81          0          1
       351        116          0          1
       352         36          0          1
       353        204          0          1
       354        172          1          1
       355        178          0          1
       356        226          1          1
       357        169          0          1
       358         75          0          1
       359        337          0          1
       360        258          0          1
       361        215          1          1
       362        182          0          1
       363        164          1          1
       364        112          0          1
       365        380          1          1
       366        286          0          1
       367         74          1          1
       368        131          0          1
       369        307          0          1
       370         33          0          1
       371        213          1          1
       372        236          0          1
       373         63          1          1
       374        246          0          1
       375        175          0          1
       376        318          0          1
       377        208          0          1
       378         90          1          1
       379        136          0          1
       380        104          0          1
       381        309          0          1
       382         25          0          1
       383        256          0          1
       384        267          1          1
       385        310          0          1
       386        109          1          1
       387        174          0          1
       388        292          0          1
       389        232          0          1
       390         69          1          1
       391        287          0          1
       392          7          0          1
       393        250          0          1
       394        165          1          1
       395         38          0          1
       396         56          0          1
       397         71          1          1
       398         89          0          1
       399        216          1          1
       400        362          0          1
                4930
configuration                    4                15000         3.8151705850731278E-02         2.9800000000000000E+02         1.3877787807814457E-17
         1         40          0          1
         2        353          1          1
         3        234          0          1
         4        335          1          1
         5          5          0          1
         6        388          0          1
         7        252          0          1
         8        228          1          1
         9        136          0          1
        10        170          0          1
        11        180          0          1
        12        130          0          1
        13        326          1          1
        14        370          0          1
        15        302          0          1
        16         13          0          1
        17         67          0          1
        18         87          0          1
        19         65          0          1
        20        122          1          1
        21        133          0          1
        22        161          0          1
        23        166          1          1
        24        141          0          1
        25        375          0          1
        26         38          1          1
        27        259          0          1
        28        318          0          1
        29        162          0          1
        30        354          0          1
        31        255          0          1
        32        323          1          1
        33         64          0          1
        34        261          0          1
        35        117          0          1
        36        188          1          1
        37        198          0          1
        38         93          1          1
        39         99          0          1
        40        327          0          1
        41        399          0          1
        42        305          1          1
        43        357          0          1
        44        109          1          1
        45        163          0          1
        46        148          0          1
        47        382          1          1
        48        281          0          1
        49        352          1          1
        50        266          0          1
        51        311          0          1
        52        320          0          1
        53        144          1          1
        54        105          0          1
        55        168          0          1
        56        369          0          1
        57        138          0          1
        58        295          0          1
        59        100          0          1
        60         42          1          1
        61         61          1          1
        62        151          0          1
        63          4          1          1
        64        229          0          1
        65        322          1          1
        66         46          0          1
        67        215          0          1
        68        330          0          1
        69         80          0          1
        70        246          1          1
        71        127          0          1
        72         47          1          1
        73        159          0          1
        74        219          1          1
        75         17          0          1
        76        345          1          1
        77        210          0          1
        78         48          0          1
        79         36          1          1
        80        247          0          1
        81         23          0          1
        82        365          1          1
        83         18          0          1
        84        347          1          1
        85         27          0          1
        86        297          0          1
        87         28          1          1
        88         95          0          1
        89         70          1          1
        90         84          0          1
        91        358          1          1
        92        184          0          1
        93        351          0          1
        94        226          0          1
        95        253          1          1
        96         11          0          1
        97        379          0          1
        98        264          1          1
        99        301          0          1
       100         53          1          1
       101         26          1          1
       102        244          0          1
       103        103          0          1
       104        334          0          1
       105        191          0          1
       106        276          1          1
       107        206          0          1
       108        338          1          1
       109        279          0          1
       110        321          1          1
       111        195          0          1
       112        289          1          1
       113        186          0          1
       114        156          1          1
       115        282          0          1
       116        292          0          1
       117        142          1          1
       118        118          0          1
       119        230          0          1
       120        296          0          1
       121          1          0          1
       122         57          0          1
       123        316          1          1
       124         33          0          1
       125        380          0          1
       126        208          0          1
       127        205          1          1
       128         25          0          1
       129        287          1          1
       130        272          0          1
       131         32          1          1
       132        216          0          1
       133        199          1          1
       134         90          0          1
       135        362          0          1
       136        235          1          1
       137        110          0          1
       138        200          0          1
       139        258          0          1
       140        213          0          1
       141        290          0          1
       142        271          0          1
       143        307          0          1
       144         81          1          1
       145        147          0          1
       146        376          1          1
       147        135          0          1
       148        128          0          1
       149        217          0          1
       150         35          1          1
       151        303          0          1
       152        273          0          1
       153        314          0          1
       154        207          1          1
       155        355          0          1
       156        373          0          1
       157        173          1          1
       158        397          0          1
       159        390          0          1
       160        329          1          1
       161        350          1          1
       162        139          0          1
       163         29          1          1
       164        240          0          1
       165         77          1          1
       166        364          0          1
       167         39          1          1
       168        359          0          1
       169        284          0          1
       170        220          0          1
       171        265          1          1
       172         52          0          1
       173        339          1          1
       174        187          0          1
       175        174          0          1
       176         37          1          1
       177        183          0          1
       178        189          0          1
       179        270          0          1
       180        182          0          1
       181        194          0          1
       182         66          1          1
       183        101          0          1
       184        387          0          1
       185        140          0          1
       186        150          0          1
       187        114          0          1
       188         44          1          1
       189        283          0          1
       190        313          0          1
       191        172          0          1
       192        308          1          1
       193        371          0          1
       194        280          0          1
       195        333          1          1
       196        361          0          1
       197        248          1          1
       198        293          0          1
       199        400          1          1
       200         88          0          1
       201        137          1          1
       202         30          0          1
       203        250          1          1
       204        260          0          1
       205        298          1          1
       206        325          0          1
       207        155          1          1
       208        374          0          1
       209        251          1          1
       210        391          0          1
       211         58          0          1
       212         56          0          1
       213        367          1          1
       214        363          0          1
       215        309          0          1
       216        349          1          1
       217        300          0          1
       218        178          0          1
       219        169          0          1
       220        107          0          1
       221        209          0          1
       222        106          1          1
       223         86          0          1
       224         34          0          1
       225         21          0          1
       226        242          1          1
       227          7          0          1
       228        124          1          1
       229         68          0          1
       230          3          0          1
       231        153          0          1
       232        196          1          1
       233        157          0          1
       234          6          1          1
       235        378          0          1
       236        224          0          1
       237        268          1          1
       238        383          0          1
       239         74          0          1
       240        115          0          1
       241        360          0          1
       242         76          0          1
       243         55          1          1
       244        285          0          1
       245          9          1          1
       246         12          0          1
       247        385          0          1
       248        340          0          1
       249        324          1          1
       250         78          0          1
       251         51          1          1
       252        304          0          1
       253         73          1          1
       254        315          0          1
       255        158          1          1
       256        236          0          1
       257         54          0          1
       258        165          0          1
       259         10          1          1
       260        392          0          1
       261        275          0          1
       262        132          1          1
       263        193          0          1
       264        116          0          1
       265        227          0          1
       266         43          1          1
       267        291          0          1
       268        294          1          1
       269         96          0          1
       270        175          1          1
       271        398          0          1
       272        102          1          1
       273         79          0          1
       274        346          1          1
       275        113          0          1
       276        204          1          1
       277        214          0          1
       278        317          0          1
       279         16          0          1
       280        160          1          1
       281        231          0          1
       282        299          0          1
       283         59          0          1
       284        381          0          1
       285        179          1          1
       286        394          0          1
       287          8          0          1
       288        223          0          1
       289        233          1          1
       290        221          0          1
       291        190          1          1
       292        134          0          1
       293        337          1          1
       294        386          0          1
       295        171          1          1
       296        211          0          1
       297        312          1          1
       298        393          0          1
       299        395          0          1
       300         91          0          1
       301         62          0          1
       302        389          1          1
       303        108          0          1
       304         71          0          1
       305        123          0          1
       306        192          1          1
       307        343          0          1
       308        225          0          1
       309        341          0          1
       310        125          0          1
       311        112          0          1
       312        368          1          1
       313        167          0          1
       314         98          1          1
       315        332          0          1
       316         15          0          1
       317         41          0          1
       318         75          1          1
       319        306          0          1
       320         85          1          1
       321         94          1          1
       322         24          0          1
       323        238          0          1
       324        336          1          1
       325        310          0          1
       326         14          0          1
       327        286          0          1
       328        152          0          1
       329        232          0          1
       330        111          1          1
       331        241          0          1
       332        269          0          1
       333        177          1          1
       334        344          0          1
       335        164          1          1
       336        202          0          1
       337        121          1          1
       338        201          0          1
       339        126          1          1
       340        372          0          1
       341        348          0          1
       342        120          0          1
       343        245          1          1
       344        342          0          1
       345        104          1          1
       346        146          0          1
       347        218          0          1
       348         97          1          1
       349         69          0          1
       350        145          0          1
       351        256          1          1
       352        278          0          1
       353        288          0          1
       354        384          1          1
       355        331          0          1
       356          2          1          1
       357         50          0          1
       358        131          0          1
       359        267          0          1
       360        277          0          1
       361        154          0          1
       362        237          1          1
       363        396          0          1
       364        203          1          1
       365        257          0          1
       366        243          1          1
       367        212          0          1
       368        129          0          1
       369         60          1          1
       370        328          0          1
       371         19          0          1
       372        356          0          1
       373        149          1          1
       374         89          0          1
       375         49          1          1
       376        181          0          1
       377        197          0          1
       378        222          1          1
       379        263          0          1
       380         45          1          1
       381        185          1          1
       382         82          0          1
       383         31          1          1
       384        249          0          1
       385         63          1          1
       386        119          0          1
       387         92          1          1
       388        377          0          1
       389        262          0          1
       390        274          0          1
       391        366          1          1
       392        254          0          1
       393        319          0          1
       394         72          0          1
       395        143          0          1
       396        239          1          1
       397         83          0          1
       398        176          0          1
       399         22          1          1
       400         20          0          1
                7429
configuration                    5                20000         5.1604816243687172E-02         2.9800000000000000E+02         1.3877787807814457E-17
         1         40          0          1
         2        361          0          1
         3         56          0          1
         4        180          0          1
         5          5          0          1
         6         37          1          1
         7        245          0          1
         8         20          1          1
         9        176          0          1
        10        183          1          1
        11        343          0          1
        12         86          0          1
        13        189          1          1
        14        370          0          1
        15        166          0          1
        16        331          0          1
        17        352          1          1
        18        235          0          1
        19        277          0          1
        20        102          1          1
        21         14          0          1
        22        354          0          1
        23        289          1          1
        24        229          0          1
        25        297          0          1
        26        141          0          1
        27        120          1          1
        28        397          0          1
        29         66          1          1
        30        314          0          1
        31        384          0          1
        32        200          0          1
        33        124          0          1
        34        323          1          1
        35        139          0          1
        36        151          0          1
        37        192          0          1
        38        147          1          1
        39        109          0          1
        40        327          0          1
        41        347          0          1
        42        188          1          1
        43         25          0          1
        44        315          1          1
        45        345          0          1
        46        341          0          1
        47        158          0          1
        48        279          1          1
        49        360          0          1
        50        368          1          1
        51        387          0          1
        52        205          0          1
        53         93          1          1
        54        267          0          1
        55          7          1          1
        56        112          0          1
        57         42          1          1
        58        197          0          1
        59        356          0          1
        60        295          1          1
        61        353          0          1
        62        161          0          1
        63        338          1          1
        64        232          0          1
        65        224          1          1
        66        286          0          1
        67        130          1          1
        68         35          0          1
        69        213          1          1
        70         18          0          1
        71        386          1          1
        72         57          0          1
        73        107          0          1
        74         36          0          1
        75        273          0          1
        76        202          1          1
        77         52          0          1
        78        362          0          1
        79        274          0          1
        80        247          0          1
        81         23          0          1
        82        259          0          1
        83        123          0          1
        84         88          1          1
        85        111          0          1
        86         55          0          1
        87         92          0          1
        88        127          1          1
        89        168          0          1
        90         82          1          1
        91        307          0          1
        92        258          0          1
        93        129          0          1
        94        313          0          1
        95        371          1          1
        96         11          0          1
        97        207          0          1
        98         51          1          1
        99        312          0          1
       100        143          1          1
       101        250          0          1
       102        392          0          1
       103        305          1          1
       104        220          0          1
       105         90          0          1
       106        108          1          1
       107        394          0          1
       108        214          0          1
       109        162          0          1
       110        269          0          1
       111        106          1          1
       112         26          0          1
       113         78          1          1
       114         32          0          1
       115        210          0          1
       116         48          1          1
       117        184          0          1
       118         63          0          1
       119         84          1          1
       120        145          0          1
       121        262          0          1
       122        174          1          1
       123        398          0          1
       124        346          0          1
       125        114          1          1
       126        150          0          1
       127        193          0          1
       128        393          0          1
       129        374          0          1
       130        118          0          1
       131        265          0          1
       132        284          1          1
       133         64          0          1
       134        372          0          1
       135        242          0          1
       136        225          0          1
       137        121          0          1
       138        231          1          1
       139        389          0          1
       140         79          1          1
       141        301          0          1
       142        333          0          1
       143        125          0          1
       144         69          1          1
       145        294          0          1
       146        326          0          1
       147        222          0          1
       148        190          1          1
       149        217          0          1
       150        144          0          1
       151        206          1          1
       152        104          0          1
       153        175          1          1
       154        334          0          1
       155        367          0          1
       156        300          0          1
       157         44          1          1
       158        302          0          1
       159        270          1          1
       160         97          0          1
       161        218          1          1
       162        198          0          1
       163        290          1          1
       164        240          0          1
       165        381          1          1
       166        364          0          1
       167        355          1          1
       168        359          0          1
       169         54          1          1
       170         61          0          1
       171        195          0          1
       172        369          1          1
       173        171          0          1
       174        234          1          1
       175        251          0          1
       176        163          0          1
       177        201          0          1
       178         62          1          1
       179        122          0          1
       180         45          0          1
       181        395          0          1
       182        149          1          1
       183        101          0          1
       184        376          1          1
       185        140          0          1
       186        227          1          1
       187         27          0          1
       188        291          0          1
       189        319          0          1
       190        239          0          1
       191        156          0          1
       192        379          0          1
       193        378          1          1
       194        280          0          1
       195        117          0          1
       196        105          1          1
       197        138          0          1
       198         74          0          1
       199        164          0          1
       200        382          0          1
       201        173          0          1
       202        113          0          1
       203         46          1          1
       204        128          0          1
       205        377          1          1
       206        325          0          1
       207        340          1          1
       208        155          0          1
       209        396          1          1
       210         65          0          1
       211        292          0          1
       212        283          1          1
       213        322          0          1
       214        308          0          1
       215        244          1          1
       216         13          0          1
       217        342          0          1
       218        226          1          1
       219        170          0          1
       220        179          0          1
       221        254          0          1
       222        153          1          1
       223         85          0          1
       224         39          1          1
       225         21          0          1
       226        194          1          1
       227        110          0          1
       228        159          1          1
       229        133          0          1
       230         24          0          1
       231         19          1          1
       232         49          0          1
       233        293          0          1
       234        276          1          1
       235        248          0          1
       236        160          1          1
       237        136          0          1
       238         59          0          1
       239        348          0          1
       240          4          0          1
       241        380          0          1
       242        260          0          1
       243        350          1          1
       244        285          0          1
       245          9          0          1
       246        278          0          1
       247        187          0          1
       248        241          0          1
       249         75          0          1
       250        320          1          1
       251         33          0          1
       252        169          1          1
       253        216          0          1
       254         72          0          1
       255        243          0          1
       256        157          0          1
       257         96          1          1
       258        365          0          1
       259        272          0          1
       260        357          0          1
       261        275          0          1
       262        264          1          1
       263        328          0          1
       264        199          0          1
       265         30          0          1
       266        219          0          1
       267         34          1          1
       268        390          0          1
       269        233          1          1
       270         47          0          1
       271        135          1          1
       272        208          0          1
       273        230          0          1
       274        165          0          1
       275        177          0          1
       276         29          1          1
       277        236          0          1
       278        375          1          1
       279         16          0          1
       280        268          1          1
       281        181          1          1
       282        299          0          1
       283         94          1          1
       284        203          0          1
       285          1          0          1
       286        335          1          1
       287        266          0          1
       288        316          1          1
       289        148          0          1
       290        182          0          1
       291        142          0          1
       292        103          0          1
       293        271          1          1
       294        288          0          1
       295         22          1          1
       296        211          0          1
       297        185          0          1
       298        385          0          1
       299         83          0          1
       300         60          0          1
       301        358          0          1
       302        178          1          1
       303        126          0          1
       304         70          0          1
       305        298          1          1
       306         15          0          1
       307         43          1          1
       308        311          0          1
       309        336          1          1
       310        261          0          1
       311        324          0          1
       312        303          1          1
       313        167          0          1
       314        349          1          1
       315        332          0          1
       316        317          0          1
       317         41          0          1
       318         12          1          1
       319        306          0          1
       320         38          0          1
       321          3          0          1
       322        255          0          1
       323         80          1          1
       324         31          0          1
       325         53          0          1
       326        339          1          1
       327        309          0          1
       328         95          1          1
       329        256          0          1
       330         67          1          1
       331        137          0          1
       332         28          0          1
       333        228          1          1
       334        344          0          1
       335        209          1          1
       336        132          0          1
       337        223          0          1
       338        115          0          1
       339         73          1          1
       340        221          0          1
       341        304          0          1
       342        399          1          1
       343        330          0          1
       344         81          0          1
       345        281          1          1
       346        329          0          1
       347         76          0          1
       348          8          0          1
       349        212          1          1
       350        282          0          1
       351         99          0          1
       352        383          1          1
       353        154          0          1
       354        400          0          1
       355        253          0          1
       356         10          1          1
       357         50          0          1
       358        196          1          1
       359        172          0          1
       360        391          0          1
       361        263          0          1
       362         68          0          1
       363        237          0          1
       364        321          1          1
       365        257          0          1
       366         58          1          1
       367        146          0          1
       368         77          1          1
       369        246          0          1
       370         71          1          1
       371        152          0          1
       372        337          0          1
       373        131          1          1
       374         89          0          1
       375        215          1          1
       376        351          0          1
       377        134          0          1
       378        186          0          1
       379        388          0          1
       380        366          1          1
       381        252          1          1
       382         98          0          1
       383         17          1          1
       384        249          0          1
       385        116          1          1
       386        119          0          1
       387        238          1          1
       388        191          0          1
       389          2          1          1
       390         87          0          1
       391        310          0          1
       392        296          1          1
       393        373          0          1
       394        100          1          1
       395        363          0          1
       396        287          1          1
       397        318          0          1
       398         91          0          1
       399          6          1          1
       400        204          0          1
                9931
configuration                    6                25000         6.4939420893206160E-02         2.9800000000000000E+02         1.3877787807814457E-17
         1        366          1          1
         2        387          0          1
         3         66          1          1
         4        149          0          1
         5        299          1          1
         6         13          0          1
         7        392          1          1
         8        274          0          1
         9         40          0          1
        10        313          0          1
        11        104          1          1
        12        293          0          1
        13        183          0          1
        14        123          0          1
        15        102          0          1
        16        349          1          1
        17        208          0          1
        18        281          1          1
        19        269          0          1
        20        196          0          1
        21        172          0          1
        22        255          0          1
        23        122          0          1
        24        283          1          1
        25        213          0          1
        26        168          1          1
        27        119          0          1
        28         80          1          1
        29         42          0          1
        30        230          0          1
        31        155          0          1
        32         53          1          1
        33        258          0          1
        34        379          0          1
        35         37          1          1
        36        245          0          1
        37        173          1          1
        38         29          0          1
        39        146          0          1
        40        326          1          1
        41        229          0          1
        42        303          0          1
        43        167          1          1
        44         31          0          1
        45        307          0          1
        46        297          0          1
        47        243          1          1
        48        257          0          1
        49        138          0          1
        50         32          1          1
        51        384          0          1
        52        339          0          1
        53        148          0          1
        54         89          1          1
        55        261          0          1
        56         75          1          1
        57         23          0          1
        58        130          0          1
        59        383          1          1
        60         93          0          1
        61        127          0          1
        62        314          0          1
        63        393          0          1
        64         11          1          1
        65         33          0          1
        66        344          0          1
        67        221          0          1
        68        291          0          1
        69        354          1          1
        70        367          0          1
        71         91          1          1
        72        160          0          1
        73        126          1          1
        74        124          0          1
        75        389          0          1
        76         59          0          1
        77        285          1          1
        78        263          0          1
        79          2          0          1
        80        272          0          1
        81        192          0          1
        82         97          1          1
        83        250          0          1
        84         68          0          1
        85        169          1          1
        86        224          0          1
        87        111          1          1
        88        347          0          1
        89        244          0          1
        90        182          0          1
        91        216          0          1
        92        271          1          1
        93        112          0          1
        94         81          1          1
        95        116          0          1
        96        378          0          1
        97        333          0          1
        98          5          1          1
        99        139          0          1
       100         47          1          1
       101         17          0          1
       102         72          0          1
       103         55          0          1
       104        220          0          1
       105        334          0          1
       106        320          0          1
       107        380          0          1
       108        282          0          1
       109         14          0          1
       110        193          1          1
       111        286          0          1
       112         57          0          1
       113         25          1          1
       114        375          0          1
       115        381          0          1
       116        370          1          1
       117        240          0          1
       118        154          0          1
       119        369          1          1
       120        135          0          1
       121        265          1          1
       122        178          0          1
       123        101          1          1
       124        346          0          1
       125        276          1          1
       126          7          0          1
       127         95          0          1
       128        368          0          1
       129        359          0          1
       130        125          0          1
       131         26          1          1
       132        152          0          1
       133        363          0          1
       134        246          0          1
       135         98          1          1
       136        302          0          1
       137        343          1          1
       138        134          0          1
       139         64          0          1
       140        109          0          1
       141        323          0          1
       142        325          1          1
       143        159          0          1
       144        158          1          1
       145        294          0          1
       146        248          1          1
       147        270          0          1
       148        386          1          1
       149        187          0          1
       150         19          1          1
       151        309          0          1
       152        391          1          1
       153        235          0          1
       154        140          0          1
       155        219          0          1
       156        312          1          1
       157        316          0          1
       158         21          1          1
       159        360          0          1
       160         41          1          1
       161        268          1          1
       162        198          0          1
       163         84          1          1
       164        161          0          1
       165         88          0          1
       166         49          0          1
       167         71          0          1
       168         22          0          1
       169        231          1          1
       170        267          0          1
       171        199          0          1
       172        348          0          1
       173         48          0          1
       174         28          0          1
       175        162          1          1
       176         61          0          1
       177        164          0          1
       178          4          0          1
       179        284          0          1
       180        341          0          1
       181        131          0          1
       182        301          1          1
       183         86          0          1
       184        218          0          1
       185        239          1          1
       186        321          0          1
       187        249          0          1
       188        280          1          1
       189        143          0          1
       190        115          0          1
       191        266          1          1
       192        203          0          1
       193        225          0          1
       194        185          0          1
       195         18          0          1
       196        304          0          1
       197        399          0          1
       198        336          1          1
       199        353          0          1
       200        210          1          1
       201        256          0          1
       202        113          0          1
       203        337          0          1
       204        128          0          1
       205         38          0          1
       206        117          1          1
       207        188          0          1
       208        365          0          1
       209        345          0          1
       210        174          0          1
       211         94          0          1
       212        308          0          1
       213        328          1          1
       214        141          0          1
       215         24          0          1
       216        100          0          1
       217        201          0          1
       218        105          0          1
       219         82          1          1
       220        292          0          1
       221        254          0          1
       222        153          1          1
       223         85          0          1
       224        215          0          1
       225        340          0          1
       226        310          0          1
       227        395          1          1
       228        184          0          1
       229        377          1          1
       230         74          0          1
       231        114          1          1
       232        190          0          1
       233        342          0          1
       234        166          0          1
       235        206          0          1
       236        251          0          1
       237        136          0          1
       238        176          1          1
       239          9          0          1
       240         96          1          1
       241        356          1          1
       242         90          0          1
       243        305          0          1
       244         54          0          1
       245         58          1          1
       246        150          0          1
       247        264          0          1
       248         83          1          1
       249         78          0          1
       250        222          0          1
       251        144          0          1
       252        121          0          1
       253        330          1          1
       254        290          0          1
       255        397          1          1
       256        157          0          1
       257        118          1          1
       258         35          0          1
       259        355          1          1
       260        189          0          1
       261        275          0          1
       262        205          0          1
       263         87          0          1
       264         36          1          1
       265        181          0          1
       266        232          1          1
       267         99          0          1
       268        390          0          1
       269        129          0          1
       270        331          0          1
       271          6          1          1
       272        382          0          1
       273         92          0          1
       274        372          1          1
       275        177          0          1
       276        142          1          1
       277        236          0          1
       278        277          1          1
       279         16          0          1
       280        147          1          1
       281        207          0          1
       282        318          0          1
       283        260          0          1
       284        376          0          1
       285        398          1          1
       286        209          0          1
       287        234          0          1
       288         52          1          1
       289        223          0          1
       290        120          1          1
       291         63          0          1
       292        228          0          1
       293        212          1          1
       294        371          0          1
       295        107          1          1
       296         76          0          1
       297        179          0          1
       298        385          0          1
       299        108          1          1
       300         60          0          1
       301        247          0          1
       302        273          0          1
       303         70          1          1
       304         62          0          1
       305         46          0          1
       306        288          1          1
       307        237          0          1
       308        311          0          1
       309        214          0          1
       310        350          0          1
       311         73          0          1
       312        400          1          1
       313        296          0          1
       314        373          1          1
       315        332          0          1
       316        352          1          1
       317        361          0          1
       318         65          0          1
       319        306          0          1
       320        396          1          1
       321        211          0          1
       322        262          1          1
       323        110          0          1
       324        133          1          1
       325        195          0          1
       326        145          0          1
       327        324          0          1
       328        170          0          1
       329         27          0          1
       330         20          0          1
       331        165          0          1
       332        364          0          1
       333         34          1          1
       334         43          0          1
       335        298          0          1
       336        252          0          1
       337         51          0          1
       338        241          0          1
       339        137          1          1
       340         77          0          1
       341        300          0          1
       342        351          0          1
       343        357          1          1
       344        335          0          1
       345         69          1          1
       346        317          0          1
       347        200          0          1
       348          8          0          1
       349        202          0          1
       350        197          1          1
       351        295          0          1
       352        238          1          1
       353        327          0          1
       354        132          0          1
       355        253          0          1
       356        194          1          1
       357         50          0          1
       358        242          1          1
       359         39          0          1
       360         30          1          1
       361        315          0          1
       362         79          0          1
       363        279          0          1
       364        171          0          1
       365        226          0          1
       366         67          0          1
       367         56          0          1
       368        319          1          1
       369        103          0          1
       370          1          0          1
       371        191          1          1
       372        394          0          1
       373        287          1          1
       374        217          0          1
       375        175          1          1
       376        233          0          1
       377        278          1          1
       378        186          0          1
       379         45          1          1
       380        338          0          1
       381        374          0          1
       382        151          0          1
       383        180          0          1
       384        329          1          1
       385         10          0          1
       386        227          0          1
       387        388          0          1
       388        204          0          1
       389        362          0          1
       390         44          1          1
       391        259          0          1
       392        289          0          1
       393         15          0          1
       394        156          1          1
       395        358          0          1
       396         12          0          1
       397        106          0          1
       398        322          0          1
       399        163          0          1
       400          3          0          1
               12434
configuration                    7                30000         7.7675790865857422E-02         2.9800000000000000E+02         1.3877787807814457E-17
         1        174          1          1
         2        376          0          1
         3        280          1          1
         4        241          0          1
         5        245          0          1
         6        201          0          1
         7        284          0          1
         8        274          0          1
         9         90          0          1
        10        319          0          1
        11        349          1          1
        12         23          0          1
        13        101          1          1
        14         85          0          1
        15         78          0          1
        16        242          0          1
        17        394          0          1
        18        278          0          1
        19        205          1          1
        20        217          0          1
        21         69          0          1
        22        293          0          1
        23        204          0          1
        24         59          1          1
        25        129          0          1
        26        233          0          1
        27         35          1          1
        28        132          0          1
        29        181          0          1
        30        117          0          1
        31        156          0          1
        32        285          0          1
        33        190          0          1
        34        315          1          1
        35        370          0          1
        36        380          1          1
        37        366          0          1
        38        337          1          1
        39         65          0          1
        40        165          1          1
        41         43          1          1
        42        141          0          1
        43        231          1          1
        44        282          0          1
        45        183          1          1
        46        214          0          1
        47        255          0          1
        48        147          0          1
        49         16          0          1
        50        193          1          1
        51        225          0          1
        52        257          0          1
        53        324          0          1
        54        136          0          1
        55        359          1          1
        56        374          0          1
        57        122          1          1
        58         28          0          1
        59        100          0          1
        60        326          0          1
        61        119          0          1
        62         25          1          1
        63        393          0          1
        64        187          1          1
        65         33          0          1
        66        348          0          1
        67        385          0          1
        68        395          1          1
        69          4          0          1
        70         40          0          1
        71        116          1          1
        72         92          0          1
        73         36          0          1
        74        306          0          1
        75         81          0          1
        76        343          1          1
        77        362          0          1
        78        102          0          1
        79         80          1          1
        80        303          0          1
        81         95          1          1
        82         27          0          1
        83        286          1          1
        84        158          0          1
        85        391          1          1
        86         96          0          1
        87          2          1          1
        88        133          0          1
        89        155          0          1
        90        115          1          1
        91        252          0          1
        92        378          0          1
        93        288          0          1
        94        308          0          1
        95        235          1          1
        96        267          0          1
        97         68          0          1
        98        277          1          1
        99        154          0          1
       100        367          0          1
       101         52          0          1
       102         97          1          1
       103         55          0          1
       104        196          1          1
       105        264          0          1
       106        294          1          1
       107         66          0          1
       108         63          0          1
       109        368          1          1
       110        203          0          1
       111         15          1          1
       112        358          0          1
       113        118          0          1
       114        333          0          1
       115        253          0          1
       116         64          0          1
       117         34          1          1
       118        260          0          1
       119        234          1          1
       120         50          0          1
       121        209          1          1
       122        182          0          1
       123        239          0          1
       124        300          0          1
       125        109          1          1
       126          7          0          1
       127        357          1          1
       128        164          0          1
       129        363          0          1
       130          5          1          1
       131        336          0          1
       132        262          0          1
       133        320          1          1
       134         24          0          1
       135         58          0          1
       136        198          1          1
       137         70          0          1
       138        390          0          1
       139        381          0          1
       140        220          0          1
       141         51          0          1
       142        259          1          1
       143        159          0          1
       144        169          0          1
       145         61          0          1
       146        194          1          1
       147        270          0          1
       148        192          0          1
       149        120          1          1
       150        160          0          1
       151        291          0          1
       152         89          1          1
       153          1          0          1
       154          8          1          1
       155        256          0          1
       156        237          0          1
       157        350          0          1
       158        152          1          1
       159         45          0          1
       160        261          1          1
       161        335          1          1
       162        212          0          1
       163        140          1          1
       164        161          0          1
       165        216          1          1
       166        121          0          1
       167        224          0          1
       168        218          1          1
       169        266          0          1
       170        243          1          1
       171        346          0          1
       172        331          0          1
       173        157          1          1
       174        396          0          1
       175        334          1          1
       176        329          0          1
       177        283          1          1
       178        377          0          1
       179        223          1          1
       180         75          0          1
       181        386          0          1
       182        351          1          1
       183        238          0          1
       184        246          1          1
       185        375          0          1
       186        312          0          1
       187        142          0          1
       188        166          0          1
       189         98          1          1
       190        347          0          1
       191        361          1          1
       192        186          0          1
       193        213          0          1
       194        127          0          1
       195        258          0          1
       196        200          1          1
       197        150          0          1
       198        211          1          1
       199         44          0          1
       200        103          1          1
       201        131          1          1
       202        113          0          1
       203        388          0          1
       204        128          0          1
       205        310          1          1
       206        139          0          1
       207         11          0          1
       208        323          0          1
       209        354          0          1
       210        171          1          1
       211         88          0          1
       212         54          1          1
       213        297          0          1
       214        148          0          1
       215        167          1          1
       216        135          0          1
       217         37          1          1
       218         12          0          1
       219        268          1          1
       220        263          0          1
       221         93          0          1
       222        342          0          1
       223        339          1          1
       224         84          0          1
       225         91          0          1
       226        321          0          1
       227         56          0          1
       228        130          1          1
       229         82          0          1
       230        254          0          1
       231        340          1          1
       232        387          0          1
       233        289          1          1
       234        240          0          1
       235        276          0          1
       236        382          0          1
       237        341          0          1
       238        172          1          1
       239        352          0          1
       240        108          1          1
       241        123          0          1
       242         18          1          1
       243        134          0          1
       244        338          1          1
       245         19          0          1
       246        215          1          1
       247        207          0          1
       248         46          0          1
       249        191          0          1
       250        206          0          1
       251        287          0          1
       252        307          0          1
       253        163          0          1
       254        290          0          1
       255        175          0          1
       256        138          0          1
       257        327          1          1
       258         42          0          1
       259        379          0          1
       260        202          0          1
       261        356          1          1
       262        369          0          1
       263         71          0          1
       264        360          0          1
       265        153          1          1
       266        125          0          1
       267        180          1          1
       268        299          0          1
       269         39          1          1
       270        185          0          1
       271        188          0          1
       272         49          1          1
       273         38          0          1
       274          6          1          1
       275        177          0          1
       276         29          1          1
       277        236          0          1
       278        105          0          1
       279        275          1          1
       280        110          0          1
       281         30          0          1
       282        318          0          1
       283         83          1          1
       284        397          0          1
       285        143          0          1
       286        328          0          1
       287        168          0          1
       288        173          1          1
       289         20          0          1
       290        107          0          1
       291        249          1          1
       292        228          0          1
       293        170          0          1
       294        371          0          1
       295        250          0          1
       296         76          0          1
       297        305          1          1
       298        229          0          1
       299        111          0          1
       300         60          0          1
       301        247          0          1
       302         86          1          1
       303        222          0          1
       304        176          1          1
       305        311          0          1
       306        126          0          1
       307        269          1          1
       308         94          0          1
       309        184          0          1
       310        179          1          1
       311         72          0          1
       312        292          1          1
       313         47          0          1
       314        372          1          1
       315        332          0          1
       316        279          1          1
       317        208          0          1
       318        151          0          1
       319         10          0          1
       320         87          0          1
       321         26          1          1
       322        273          0          1
       323        344          0          1
       324        399          0          1
       325        124          0          1
       326        271          0          1
       327        384          0          1
       328         31          1          1
       329        146          0          1
       330        389          0          1
       331        400          1          1
       332        145          0          1
       333        104          0          1
       334         74          0          1
       335        149          1          1
       336        210          0          1
       337        330          0          1
       338         13          1          1
       339         53          0          1
       340         77          0          1
       341        162          0          1
       342        189          0          1
       343        295          1          1
       344        364          0          1
       345        137          0          1
       346        317          0          1
       347         99          1          1
       348        353          0          1
       349        373          1          1
       350        383          0          1
       351         57          0          1
       352        322          1          1
       353         22          0          1
       354          9          1          1
       355        221          0          1
       356        355          0          1
       357        114          1          1
       358        227          0          1
       359        392          0          1
       360        301          1          1
       361        265          1          1
       362         79          0          1
       363        251          0          1
       364        313          1          1
       365        199          0          1
       366        272          1          1
       367        309          0          1
       368        316          0          1
       369          3          0          1
       370        219          1          1
       371         32          0          1
       372        112          0          1
       373        244          0          1
       374         41          0          1
       375        304          0          1
       376        230          0          1
       377        345          0          1
       378        281          1          1
       379         14          0          1
       380        195          0          1
       381        232          0          1
       382         73          1          1
       383        226          0          1
       384        248          0          1
       385         21          1          1
       386        197          0          1
       387        298          0          1
       388        325          1          1
       389        314          0          1
       390        365          0          1
       391         62          0          1
       392        106          1          1
       393         48          0          1
       394        398          0          1
       395         17          1          1
       396        302          0          1
       397        296          1          1
       398        144          0          1
       399         67          0          1
       400        178          1          1
               14924
configuration                    8                35000         9.0869969940664069E-02         2.9800000000000000E+02         1.3877787807814457E-17
         1        115          1          1
         2        379          0          1
         3        354          1          1
         4        323          0          1
         5        360          1          1
         6        311          0          1
         7         25          1          1
         8        303          0          1
         9         21          0          1
        10        117          0          1
        11        353          1          1
        12        331          0          1
        13         13          1          1
        14        291          0          1
        15        219          1          1
        16        391          0          1
        17        344          1          1
        18        227          0          1
        19         28          0          1
        20        217          0          1
        21        383          0          1
        22        396          1          1
        23        204          0          1
        24         78          1          1
        25        129          0          1
        26         90          1          1
        27        193          0          1
        28        171          1          1
        29        107          0          1
        30        327          0          1
        31        316          0          1
        32        245          0          1
        33        144          0          1
        34        253          1          1
        35        113          0          1
        36        333          1          1
        37        325          0          1
        38        340          0          1
        39        188          0          1
        40        201          1          1
        41         12          1          1
        42        141          0          1
        43        280          0          1
        44        282          0          1
        45         44          1          1
        46        214          0          1
        47         30          1          1
        48        147          0          1
        49        278          1          1
        50        326          0          1
        51         85          0          1
        52        143          1          1
        53        220          0          1
        54         29          0          1
        55        168          1          1
        56        374          0          1
        57        298          1          1
        58         55          0          1
        59        136          1          1
        60        382          0          1
        61          9          0          1
        62        174          1          1
        63        393          0          1
        64        111          0          1
        65        208          0          1
        66        335          0          1
        67        385          0          1
        68        209          1          1
        69         64          0          1
        70        299          1          1
        71         53          0          1
        72        192          0          1
        73        228          0          1
        74        279          1          1
        75        149          0          1
        76         16          1          1
        77        362          0          1
        78         81          1          1
        79         72          0          1
        80        268          1          1
        81        398          1          1
        82         27          0          1
        83         48          1          1
        84        158          0          1
        85        120          1          1
        86        185          0          1
        87        163          0          1
        88         54          0          1
        89        348          1          1
        90        132          0          1
        91        234          1          1
        92        207          0          1
        93        244          1          1
        94        357          0          1
        95        125          1          1
        96        267          0          1
        97        179          1          1
        98        399          0          1
        99        225          1          1
       100        367          0          1
       101        392          0          1
       102         33          1          1
       103         82          0          1
       104        384          1          1
       105        264          0          1
       106        329          1          1
       107         66          0          1
       108         99          1          1
       109        130          0          1
       110        297          1          1
       111        203          0          1
       112        334          1          1
       113        118          0          1
       114        308          1          1
       115        330          0          1
       116         57          1          1
       117        243          0          1
       118        269          0          1
       119        194          0          1
       120        241          1          1
       121        152          1          1
       122        182          0          1
       123        285          1          1
       124        178          0          1
       125        157          1          1
       126          7          0          1
       127        221          1          1
       128        290          0          1
       129        318          1          1
       130        306          0          1
       131         93          1          1
       132        262          0          1
       133        397          1          1
       134         24          0          1
       135        345          1          1
       136        211          0          1
       137        322          1          1
       138         35          0          1
       139        339          0          1
       140        368          0          1
       141        150          0          1
       142        363          1          1
       143        238          0          1
       144        226          1          1
       145         61          0          1
       146        100          1          1
       147         87          0          1
       148         70          0          1
       149        250          0          1
       150        145          1          1
       151        365          0          1
       152         83          0          1
       153         15          0          1
       154        218          1          1
       155        256          0          1
       156        104          1          1
       157         58          0          1
       158        271          1          1
       159         45          0          1
       160        386          1          1
       161        388          1          1
       162        140          0          1
       163        181          0          1
       164        161          0          1
       165        164          1          1
       166        121          0          1
       167        116          1          1
       168        242          0          1
       169         19          1          1
       170        240          0          1
       171          5          1          1
       172        289          0          1
       173        127          1          1
       174          3          0          1
       175        305          1          1
       176        126          0          1
       177        151          0          1
       178        377          0          1
       179        172          1          1
       180        231          0          1
       181        248          0          1
       182        186          1          1
       183         31          0          1
       184        133          1          1
       185        167          0          1
       186        112          1          1
       187         43          0          1
       188        395          1          1
       189        390          0          1
       190        183          1          1
       191        114          0          1
       192        387          1          1
       193        301          0          1
       194        381          1          1
       195         52          0          1
       196        321          0          1
       197         11          0          1
       198         86          1          1
       199        215          0          1
       200        134          0          1
       201         50          1          1
       202        312          0          1
       203        230          1          1
       204        128          0          1
       205        394          0          1
       206        191          0          1
       207         20          0          1
       208        251          0          1
       209        119          1          1
       210         42          0          1
       211        284          0          1
       212        300          0          1
       213        371          1          1
       214        137          0          1
       215        272          0          1
       216        294          0          1
       217        277          1          1
       218         38          0          1
       219        375          1          1
       220        200          0          1
       221        184          0          1
       222        349          1          1
       223        337          0          1
       224        313          0          1
       225        252          0          1
       226        358          1          1
       227         26          0          1
       228        109          1          1
       229        160          0          1
       230         59          1          1
       231         73          0          1
       232        317          1          1
       233        266          0          1
       234        199          1          1
       235        315          0          1
       236         96          1          1
       237        124          0          1
       238         94          1          1
       239         71          0          1
       240          2          1          1
       241        293          1          1
       242        176          0          1
       243         10          1          1
       244        103          0          1
       245         98          0          1
       246        131          0          1
       247         56          0          1
       248          4          0          1
       249        155          1          1
       250         39          0          1
       251        122          1          1
       252         17          0          1
       253        281          1          1
       254         68          0          1
       255        190          1          1
       256        138          0          1
       257        213          1          1
       258        187          0          1
       259        376          1          1
       260        202          0          1
       261        198          0          1
       262         23          1          1
       263         91          0          1
       264        400          0          1
       265        180          0          1
       266        286          1          1
       267        352          0          1
       268        275          1          1
       269        347          0          1
       270        197          0          1
       271        361          0          1
       272        276          0          1
       273        338          0          1
       274        369          1          1
       275        196          0          1
       276        295          0          1
       277        236          0          1
       278        259          1          1
       279        148          0          1
       280        101          1          1
       281        314          1          1
       282        139          0          1
       283        232          1          1
       284        343          0          1
       285        175          0          1
       286         46          0          1
       287        106          1          1
       288        205          0          1
       289        378          1          1
       290        146          0          1
       291        154          1          1
       292        292          0          1
       293        249          1          1
       294        350          0          1
       295        364          1          1
       296        307          0          1
       297         18          1          1
       298        229          0          1
       299        254          0          1
       300         60          0          1
       301        247          0          1
       302        356          1          1
       303        222          0          1
       304        108          0          1
       305        370          1          1
       306         76          0          1
       307         69          0          1
       308        302          1          1
       309         14          0          1
       310        156          0          1
       311        309          0          1
       312        287          1          1
       313         47          0          1
       314         84          1          1
       315        332          0          1
       316        153          1          1
       317        283          0          1
       318        320          1          1
       319        346          0          1
       320        165          0          1
       321        288          1          1
       322        273          0          1
       323         49          1          1
       324        173          0          1
       325        366          0          1
       326        212          0          1
       327        380          0          1
       328        304          0          1
       329        389          1          1
       330        265          0          1
       331        258          1          1
       332        372          0          1
       333        319          0          1
       334         74          0          1
       335        177          0          1
       336        210          0          1
       337        246          1          1
       338         32          0          1
       339        260          1          1
       340         77          0          1
       341        162          0          1
       342        237          1          1
       343        328          0          1
       344        105          1          1
       345        110          0          1
       346         89          0          1
       347        255          0          1
       348        336          1          1
       349        274          0          1
       350         65          1          1
       351         97          0          1
       352        373          1          1
       353         22          0          1
       354        216          1          1
       355        233          0          1
       356        170          1          1
       357        296          0          1
       358         80          1          1
       359         37          0          1
       360        223          1          1
       361        324          0          1
       362         75          0          1
       363        341          1          1
       364        102          0          1
       365         88          0          1
       366        189          0          1
       367         41          1          1
       368        359          0          1
       369        342          0          1
       370        235          0          1
       371        355          0          1
       372        261          0          1
       373          1          1          1
       374        351          0          1
       375        159          1          1
       376        270          0          1
       377         92          1          1
       378        142          0          1
       379        257          1          1
       380        195          0          1
       381        310          0          1
       382         51          1          1
       383        263          0          1
       384        123          1          1
       385         95          0          1
       386        224          1          1
       387        206          0          1
       388          6          1          1
       389          8          0          1
       390         40          0          1
       391         62          0          1
       392        135          1          1
       393        169          0          1
       394        166          1          1
       395         34          0          1
       396         36          1          1
       397        239          0          1
       398         79          0          1
       399         67          0          1
       400         63          1          1
               17409
configuration                    9                40000         1.0413897808161639E-01         2.9800000000000000E+02         1.3877787807814457E-17
         1        132          1          1
         2        159          0          1
         3        194          1          1
         4        138          0          1
         5         28          1          1
         6        351          0          1
         7        337          1          1
         8         19          0          1
         9          1          0          1
        10        210          0          1
        11        224          0          1
        12        348          0          1
        13        240          1          1
        14        392          0          1
        15        350          1          1
        16        262          0          1
        17        158          0          1
        18        163          0          1
        19         58          1          1
        20        231          0          1
        21        383          0          1
        22        381          0          1
        23        204          0          1
        24        380          1          1
        25        322          0          1
        26        371          1          1
        27        260          0          1
        28        147          0          1
        29        336          0          1
        30        317          0          1
        31          9          1          1
        32         65          0          1
        33        150          0          1
        34        202          0          1
        35        113          0          1
        36         41          1          1
        37        325          0          1
        38        167          1          1
        39        308          0          1
        40        300          1          1
        41          2          1          1
        42        141          0          1
        43         79          1          1
        44        282          0          1
        45        277          1          1
        46        198          0          1
        47        170          1          1
        48        375          0          1
        49         14          1          1
        50        326          0          1
        51        349          0          1
        52         32          1          1
        53        149          0          1
        54         29          0          1
        55        165          1          1
        56        374          0          1
        57        296          1          1
        58         55          0          1
        59        192          1          1
        60        382          0          1
        61        376          0          1
        62         50          0          1
        63         66          0          1
        64        182          1          1
        65        279          0          1
        66        352          1          1
        67         89          0          1
        68        345          1          1
        69         78          0          1
        70        233          0          1
        71         53          0          1
        72        362          0          1
        73        386          0          1
        74        339          1          1
        75        104          0          1
        76        155          0          1
        77        253          0          1
        78        335          1          1
        79        114          0          1
        80        275          1          1
        81        115          0          1
        82        153          1          1
        83        206          0          1
        84        299          0          1
        85        173          1          1
        86        185          0          1
        87        129          1          1
        88         49          0          1
        89        146          1          1
        90        311          0          1
        91        355          1          1
        92        207          0          1
        93        387          1          1
        94        105          0          1
        95        152          1          1
        96        313          0          1
        97         98          1          1
        98        399          0          1
        99        161          1          1
       100        367          0          1
       101         81          1          1
       102        201          0          1
       103        172          0          1
       104        377          1          1
       105        364          0          1
       106        111          1          1
       107         76          0          1
       108         97          1          1
       109        130          0          1
       110        266          1          1
       111        292          0          1
       112        396          0          1
       113        223          0          1
       114         33          0          1
       115        330          0          1
       116        333          1          1
       117        243          0          1
       118        391          1          1
       119        121          0          1
       120         80          0          1
       121        164          0          1
       122        197          0          1
       123        226          1          1
       124        178          0          1
       125         64          0          1
       126          7          0          1
       127        221          0          1
       128        290          0          1
       129        278          1          1
       130        166          0          1
       131        169          1          1
       132        249          0          1
       133          5          1          1
       134         15          0          1
       135         82          0          1
       136        211          0          1
       137         85          0          1
       138         20          0          1
       139        368          0          1
       140         24          1          1
       141        303          0          1
       142        217          1          1
       143        238          0          1
       144        247          0          1
       145        344          1          1
       146        341          0          1
       147         70          1          1
       148        200          0          1
       149         16          0          1
       150         73          0          1
       151        365          0          1
       152        119          1          1
       153        305          0          1
       154        222          0          1
       155        256          0          1
       156        136          1          1
       157        280          0          1
       158        297          0          1
       159         47          1          1
       160        120          0          1
       161        264          1          1
       162         84          0          1
       163        319          0          1
       164        302          1          1
       165        100          0          1
       166        244          1          1
       167        285          0          1
       168        242          0          1
       169        257          1          1
       170          6          0          1
       171        208          0          1
       172        125          0          1
       173         75          1          1
       174        366          0          1
       175        193          1          1
       176        101          0          1
       177        234          1          1
       178        328          0          1
       179        107          0          1
       180        394          0          1
       181         96          0          1
       182        213          0          1
       183         93          0          1
       184         36          0          1
       185        109          1          1
       186        306          0          1
       187         43          0          1
       188         72          1          1
       189        390          0          1
       190        126          0          1
       191        283          1          1
       192         99          0          1
       193        144          0          1
       194        189          1          1
       195        388          0          1
       196         27          1          1
       197        287          0          1
       198        332          0          1
       199         67          0          1
       200         74          0          1
       201         40          0          1
       202        312          0          1
       203        248          1          1
       204        128          0          1
       205         11          0          1
       206        191          0          1
       207        370          1          1
       208        251          0          1
       209         88          1          1
       210        320          0          1
       211        142          0          1
       212        289          0          1
       213         23          0          1
       214        398          0          1
       215         51          1          1
       216        294          0          1
       217         42          1          1
       218         21          0          1
       219        168          0          1
       220         34          0          1
       221        184          0          1
       222        171          1          1
       223        151          0          1
       224         18          1          1
       225        252          0          1
       226        140          0          1
       227         26          0          1
       228        183          1          1
       229        103          0          1
       230        393          0          1
       231          3          0          1
       232        186          1          1
       233        291          0          1
       234        118          1          1
       235        315          0          1
       236        177          1          1
       237        124          0          1
       238        340          1          1
       239         71          0          1
       240         86          0          1
       241        379          1          1
       242        397          0          1
       243        246          1          1
       244        216          0          1
       245        259          0          1
       246        131          0          1
       247         48          1          1
       248         30          0          1
       249        353          0          1
       250         39          0          1
       251        106          0          1
       252        284          0          1
       253        123          1          1
       254        372          0          1
       255        400          0          1
       256        286          0          1
       257        361          0          1
       258        187          0          1
       259        174          1          1
       260        225          0          1
       261        127          0          1
       262         52          1          1
       263         91          0          1
       264        321          1          1
       265        180          0          1
       266        133          0          1
       267        235          0          1
       268         46          1          1
       269        347          0          1
       270         69          1          1
       271        220          0          1
       272        199          1          1
       273        338          0          1
       274        227          1          1
       275         10          0          1
       276        117          0          1
       277        236          0          1
       278        203          1          1
       279        148          0          1
       280        190          1          1
       281        232          1          1
       282        139          0          1
       283        295          0          1
       284        212          0          1
       285         44          1          1
       286        209          0          1
       287        241          1          1
       288        205          0          1
       289         63          1          1
       290        293          0          1
       291        134          1          1
       292        218          0          1
       293         59          0          1
       294        179          0          1
       295        154          1          1
       296        307          0          1
       297        162          0          1
       298        229          0          1
       299        145          1          1
       300         60          0          1
       301        196          0          1
       302         92          1          1
       303        288          0          1
       304        378          1          1
       305        298          0          1
       306         61          0          1
       307        108          0          1
       308        389          1          1
       309        228          0          1
       310         54          1          1
       311        309          0          1
       312        157          0          1
       313         31          1          1
       314        324          0          1
       315        214          0          1
       316        301          0          1
       317        156          1          1
       318        188          0          1
       319        346          0          1
       320        369          0          1
       321         68          1          1
       322        135          0          1
       323        143          0          1
       324        323          0          1
       325        239          1          1
       326        250          0          1
       327         25          0          1
       328        304          0          1
       329        334          1          1
       330        265          0          1
       331        281          0          1
       332        274          1          1
       333        314          0          1
       334         87          0          1
       335         90          0          1
       336        245          1          1
       337        237          0          1
       338        258          0          1
       339        354          1          1
       340         77          0          1
       341        385          0          1
       342        175          0          1
       343        219          0          1
       344        269          1          1
       345        110          0          1
       346         94          1          1
       347        255          0          1
       348         12          1          1
       349        268          0          1
       350        181          0          1
       351        215          0          1
       352        271          0          1
       353        122          1          1
       354        176          0          1
       355        160          1          1
       356        395          0          1
       357        254          0          1
       358         38          1          1
       359         37          0          1
       360         83          0          1
       361          4          1          1
       362        331          0          1
       363        357          1          1
       364        102          0          1
       365         17          1          1
       366        267          0          1
       367        116          1          1
       368        359          0          1
       369        230          1          1
       370         56          0          1
       371        316          1          1
       372        329          0          1
       373        318          0          1
       374        327          0          1
       375         35          0          1
       376        270          0          1
       377         45          1          1
       378        363          0          1
       379        373          1          1
       380        195          0          1
       381        310          0          1
       382        342          1          1
       383        263          0          1
       384        360          1          1
       385         95          0          1
       386         22          0          1
       387        358          0          1
       388         62          1          1
       389          8          0          1
       390        261          1          1
       391        272          0          1
       392        137          0          1
       393        343          0          1
       394         57          1          1
       395        384          0          1
       396        112          1          1
       397        356          0          1
       398        273          0          1
       399        276          0          1
       400         13          1          1
               19919
configuration                   10                45000         1.1718671493583147E-01         2.9800000000000000E+02         1.3877787807814457E-17
         1        302          0          1
         2        387          1          1
         3        125          0          1
         4        102          0          1
         5         83          1          1
         6        384          0          1
         7         60          1          1
         8         91          0          1
         9         75          1          1
        10        210          0          1
        11         20          1          1
        12        348          0          1
        13        381          1          1
        14        193          0          1
        15        247          1          1
        16        361          0          1
        17        220          1          1
        18        297          0          1
        19        239          0          1
        20        258          1          1
        21        383          0          1
        22        293          0          1
        23        204          0          1
        24        144          1          1
        25        133          0          1
        26        175          1          1
        27        285          0          1
        28        216          0          1
        29        336          0          1
        30        377          1          1
        31         31          0          1
        32        309          0          1
        33        282          0          1
        34        100          0          1
        35        113          0          1
        36        161          1          1
        37        325          0          1
        38        356          0          1
        39        117          0          1
        40        230          0          1
        41         98          1          1
        42        141          0          1
        43        393          1          1
        44        396          0          1
        45        176          1          1
        46        198          0          1
        47        132          1          1
        48        370          0          1
        49        163          0          1
        50        262          0          1
        51        154          1          1
        52        225          0          1
        53        181          1          1
        54        272          0          1
        55         44          1          1
        56        374          0          1
        57         38          0          1
        58         55          0          1
        59        390          1          1
        60        382          0          1
        61        241          0          1
        62        330          1          1
        63          9          0          1
        64         64          0          1
        65        279          0          1
        66        103          1          1
        67         89          0          1
        68        207          0          1
        69        354          0          1
        70        400          1          1
        71        294          0          1
        72         12          1          1
        73        339          0          1
        74        171          0          1
        75        252          0          1
        76        142          1          1
        77         43          0          1
        78        306          1          1
        79        114          0          1
        80          3          1          1
        81         72          0          1
        82        192          0          1
        83         85          1          1
        84        212          0          1
        85        313          1          1
        86        185          0          1
        87        319          1          1
        88        226          0          1
        89        238          0          1
        90        276          0          1
        91        109          1          1
        92        289          0          1
        93        261          1          1
        94        366          0          1
        95        359          1          1
        96        137          0          1
        97        292          1          1
        98        190          0          1
        99        237          0          1
       100        367          0          1
       101        337          0          1
       102         39          0          1
       103        234          0          1
       104        104          0          1
       105          7          0          1
       106        158          1          1
       107        199          0          1
       108        271          1          1
       109         18          0          1
       110        351          0          1
       111         78          0          1
       112         76          1          1
       113        157          0          1
       114        365          1          1
       115         14          0          1
       116        284          1          1
       117        298          0          1
       118        130          0          1
       119         94          0          1
       120        240          1          1
       121        362          1          1
       122        186          0          1
       123         10          1          1
       124        134          0          1
       125        219          1          1
       126        345          0          1
       127         24          1          1
       128        392          0          1
       129         48          1          1
       130        115          0          1
       131        139          1          1
       132        275          0          1
       133        270          1          1
       134         59          0          1
       135         92          1          1
       136        211          0          1
       137        278          1          1
       138        162          0          1
       139        386          0          1
       140        299          0          1
       141        189          0          1
       142        323          1          1
       143        153          0          1
       144        363          1          1
       145         80          0          1
       146        283          1          1
       147        135          0          1
       148        340          1          1
       149         16          0          1
       150        326          0          1
       151        173          0          1
       152        311          1          1
       153        266          0          1
       154        376          1          1
       155        256          0          1
       156         67          0          1
       157         33          0          1
       158        208          1          1
       159          1          0          1
       160        202          1          1
       161        291          0          1
       162         84          0          1
       163        251          1          1
       164        167          0          1
       165        165          1          1
       166        255          0          1
       167        295          1          1
       168        333          0          1
       169        236          0          1
       170        201          1          1
       171         26          0          1
       172        214          0          1
       173        159          1          1
       174        177          0          1
       175         36          1          1
       176        101          0          1
       177        174          1          1
       178        328          0          1
       179        364          1          1
       180        394          0          1
       181         96          0          1
       182         49          1          1
       183         93          0          1
       184        301          1          1
       185        111          0          1
       186        196          1          1
       187        191          0          1
       188        182          1          1
       189        183          0          1
       190         82          0          1
       191        260          0          1
       192        300          1          1
       193        288          0          1
       194        127          1          1
       195        388          0          1
       196        253          0          1
       197        287          0          1
       198        223          1          1
       199         79          0          1
       200        373          1          1
       201        290          1          1
       202        312          0          1
       203        329          1          1
       204        178          0          1
       205        229          1          1
       206        320          0          1
       207        327          1          1
       208        305          0          1
       209         62          0          1
       210        195          0          1
       211         70          1          1
       212        147          0          1
       213        385          1          1
       214        245          0          1
       215        160          0          1
       216        355          0          1
       217        112          1          1
       218         21          0          1
       219        120          1          1
       220        170          0          1
       221        184          0          1
       222        324          0          1
       223        246          0          1
       224         65          0          1
       225        168          0          1
       226        398          1          1
       227        344          0          1
       228        342          1          1
       229        217          0          1
       230        371          1          1
       231        106          0          1
       232        166          1          1
       233        143          0          1
       234         32          0          1
       235        274          0          1
       236        332          0          1
       237         47          0          1
       238        316          1          1
       239         71          0          1
       240         19          1          1
       241         29          0          1
       242        397          0          1
       243        187          1          1
       244         37          0          1
       245        128          1          1
       246        131          0          1
       247        335          1          1
       248         58          0          1
       249        349          1          1
       250        206          0          1
       251        105          1          1
       252         61          0          1
       253        395          1          1
       254         73          0          1
       255        269          1          1
       256        389          0          1
       257        110          1          1
       258        254          0          1
       259         66          0          1
       260         22          0          1
       261        118          0          1
       262        180          1          1
       263        215          0          1
       264         69          0          1
       265        334          0          1
       266        314          0          1
       267        235          0          1
       268        321          1          1
       269         25          0          1
       270        136          0          1
       271         51          0          1
       272        233          1          1
       273        338          0          1
       274        268          1          1
       275         52          0          1
       276        317          0          1
       277        264          0          1
       278        286          1          1
       279        148          0          1
       280        121          0          1
       281        124          0          1
       282         86          0          1
       283        369          0          1
       284         41          0          1
       285         11          0          1
       286        209          0          1
       287        379          1          1
       288        205          0          1
       289        265          1          1
       290         54          0          1
       291        399          0          1
       292        218          0          1
       293        172          1          1
       294        179          0          1
       295        331          1          1
       296        307          0          1
       297        273          1          1
       298        391          0          1
       299         23          0          1
       300        119          1          1
       301         17          0          1
       302         45          0          1
       303         27          1          1
       304         13          0          1
       305        188          0          1
       306        200          1          1
       307        108          0          1
       308        378          1          1
       309        228          0          1
       310         57          1          1
       311         28          0          1
       312         46          1          1
       313          5          0          1
       314         35          1          1
       315        243          0          1
       316        221          1          1
       317        368          0          1
       318        227          0          1
       319        280          0          1
       320        248          0          1
       321        347          0          1
       322         53          1          1
       323         99          0          1
       324        310          0          1
       325        352          0          1
       326        250          0          1
       327        169          1          1
       328        304          0          1
       329        346          1          1
       330         68          0          1
       331         77          1          1
       332         81          0          1
       333        357          0          1
       334         50          0          1
       335        318          1          1
       336        249          0          1
       337        151          0          1
       338        360          1          1
       339         42          0          1
       340        138          1          1
       341        277          1          1
       342         63          0          1
       343        343          1          1
       344         97          0          1
       345        129          0          1
       346        231          1          1
       347        341          0          1
       348        380          1          1
       349        259          0          1
       350        263          1          1
       351        296          0          1
       352         30          1          1
       353        308          0          1
       354         88          1          1
       355        244          0          1
       356        123          1          1
       357        116          0          1
       358        164          0          1
       359        146          1          1
       360        224          0          1
       361         87          0          1
       362        152          1          1
       363        150          0          1
       364        350          0          1
       365        372          1          1
       366        267          0          1
       367        353          1          1
       368         40          0          1
       369        194          1          1
       370         56          0          1
       371         15          1          1
       372        145          0          1
       373        197          1          1
       374        203          0          1
       375        242          1          1
       376          6          0          1
       377        257          1          1
       378        122          0          1
       379        315          0          1
       380        107          1          1
       381          2          1          1
       382        222          0          1
       383        213          1          1
       384          4          0          1
       385         95          0          1
       386         34          0          1
       387        358          0          1
       388        281          1          1
       389          8          0          1
       390        140          1          1
       391        126          0          1
       392         74          1          1
       393        232          0          1
       394        156          1          1
       395        322          0          1
       396        155          1          1
       397        303          0          1
       398        149          0          1
       399         90          0          1
       400        375          0          1
               22408
configuration                   11                50000         1.3020079640627233E-01         2.9800000000000000E+02         1.3877787807814457E-17
         1        269          0          1
         2        376          1          1
         3        239          0          1
         4        130          0          1
         5        176          1          1
         6        196          0          1
         7         36          0          1
         8        383          0          1
         9        147          1          1
        10        210          0          1
        11        325          1          1
        12        348          0          1
        13         52          1          1
        14        155          0          1
        15        180          0          1
        16        371          0          1
        17        120          1          1
        18        224          0          1
        19        169          0          1
        20        280          0          1
        21        139          0          1
        22        105          0          1
        23        217          0          1
        24        365          1          1
        25        162          0          1
        26        143          1          1
        27        285          0          1
        28         91          1          1
        29        281          0          1
        30         39          1          1
        31         31          0          1
        32         50          1          1
        33        282          0          1
        34         35          1          1
        35        113          0          1
        36         57          1          1
        37        295          0          1
        38        389          1          1
        39        187          0          1
        40        380          0          1
        41        329          0          1
        42        335          0          1
        43        340          0          1
        44        133          0          1
        45         26          0          1
        46        318          0          1
        47        328          0          1
        48        370          0          1
        49        399          1          1
        50        262          0          1
        51        351          1          1
        52        225          0          1
        53        122          1          1
        54         77          0          1
        55        261          1          1
        56        374          0          1
        57        212          1          1
        58        293          0          1
        59        378          1          1
        60        361          0          1
        61        238          0          1
        62          1          0          1
        63        138          1          1
        64         75          0          1
        65        287          0          1
        66        243          1          1
        67         89          0          1
        68         60          0          1
        69        354          0          1
        70        193          0          1
        71        294          0          1
        72        367          1          1
        73        339          0          1
        74        222          1          1
        75        252          0          1
        76        128          0          1
        77         43          0          1
        78        254          0          1
        79        230          0          1
        80        216          0          1
        81        342          1          1
        82         63          0          1
        83        271          0          1
        84        117          0          1
        85          6          1          1
        86        185          0          1
        87         72          1          1
        88        226          0          1
        89        218          0          1
        90         71          1          1
        91        395          0          1
        92        246          0          1
        93        163          1          1
        94        386          0          1
        95        400          0          1
        96        206          0          1
        97        192          0          1
        98          7          1          1
        99        151          0          1
       100        315          0          1
       101        324          0          1
       102         24          1          1
       103        119          0          1
       104         82          1          1
       105        291          0          1
       106         95          1          1
       107        157          0          1
       108        182          0          1
       109         18          0          1
       110        302          0          1
       111        220          1          1
       112         44          0          1
       113        158          0          1
       114         83          1          1
       115        382          0          1
       116        353          1          1
       117         84          0          1
       118        194          0          1
       119        248          1          1
       120        292          0          1
       121         67          1          1
       122        186          0          1
       123        123          1          1
       124        253          0          1
       125         48          1          1
       126        251          0          1
       127        219          0          1
       128         58          1          1
       129        393          0          1
       130         87          1          1
       131        311          0          1
       132        273          1          1
       133        167          0          1
       134         59          0          1
       135         53          0          1
       136        211          0          1
       137         37          0          1
       138        286          0          1
       139        359          0          1
       140        233          0          1
       141        189          0          1
       142        146          1          1
       143        144          0          1
       144        237          1          1
       145        221          0          1
       146        256          0          1
       147        135          0          1
       148        198          0          1
       149        190          1          1
       150         49          0          1
       151        258          1          1
       152        284          0          1
       153        364          0          1
       154        331          1          1
       155         34          0          1
       156        299          1          1
       157        236          0          1
       158         17          1          1
       159        297          0          1
       160         16          1          1
       161        276          0          1
       162        229          0          1
       163        277          0          1
       164         65          0          1
       165         99          1          1
       166        227          0          1
       167        300          1          1
       168        333          0          1
       169        202          0          1
       170        265          1          1
       171        191          0          1
       172        247          0          1
       173        223          1          1
       174        278          0          1
       175        274          1          1
       176        323          0          1
       177         81          1          1
       178        173          0          1
       179        232          1          1
       180        394          0          1
       181         68          1          1
       182        175          0          1
       183        245          1          1
       184        142          0          1
       185        126          0          1
       186        118          1          1
       187          2          0          1
       188        392          1          1
       189        279          0          1
       190        111          0          1
       191         85          0          1
       192        168          0          1
       193        390          0          1
       194         51          1          1
       195        156          0          1
       196        125          1          1
       197        100          0          1
       198         45          0          1
       199        181          0          1
       200        288          0          1
       201         41          0          1
       202        312          0          1
       203        320          0          1
       204         19          0          1
       205        309          0          1
       206        140          0          1
       207         12          1          1
       208         70          0          1
       209        275          1          1
       210        195          0          1
       211         55          1          1
       212          3          0          1
       213        341          1          1
       214        228          0          1
       215        170          0          1
       216         47          0          1
       217        154          1          1
       218         21          0          1
       219        368          0          1
       220        272          1          1
       221        184          0          1
       222        242          1          1
       223        153          0          1
       224         92          1          1
       225        356          0          1
       226        249          0          1
       227        152          0          1
       228        296          0          1
       229        268          0          1
       230         28          1          1
       231        321          0          1
       232        205          1          1
       233        352          0          1
       234        396          0          1
       235         38          0          1
       236        137          1          1
       237         54          0          1
       238         25          1          1
       239         46          0          1
       240        106          0          1
       241        384          1          1
       242        304          0          1
       243        115          1          1
       244        244          0          1
       245        213          1          1
       246        131          0          1
       247        129          1          1
       248        178          0          1
       249        327          1          1
       250        172          0          1
       251        174          0          1
       252        375          0          1
       253         23          1          1
       254        214          0          1
       255         64          1          1
       256        266          0          1
       257        165          1          1
       258         94          0          1
       259        207          1          1
       260         22          0          1
       261         90          0          1
       262        290          1          1
       263        357          0          1
       264         27          0          1
       265        334          0          1
       266        360          1          1
       267        235          0          1
       268        215          1          1
       269         61          0          1
       270         14          1          1
       271        313          0          1
       272        255          1          1
       273        231          0          1
       274        134          0          1
       275        148          0          1
       276         86          1          1
       277        264          0          1
       278        332          1          1
       279        347          0          1
       280        298          1          1
       281        141          1          1
       282        241          0          1
       283         96          1          1
       284         66          0          1
       285         32          1          1
       286        209          0          1
       287        344          0          1
       288        306          0          1
       289        330          1          1
       290        355          0          1
       291         20          1          1
       292        338          0          1
       293        322          1          1
       294        179          0          1
       295         62          1          1
       296        114          0          1
       297        240          0          1
       298        391          0          1
       299        110          0          1
       300        301          0          1
       301        314          0          1
       302         11          0          1
       303        303          0          1
       304        387          1          1
       305         29          0          1
       306         79          0          1
       307        369          0          1
       308        101          0          1
       309        336          0          1
       310        388          0          1
       311        121          0          1
       312        164          1          1
       313        200          0          1
       314        104          0          1
       315        109          0          1
       316        263          1          1
       317         69          0          1
       318        234          1          1
       319         42          0          1
       320         13          1          1
       321         10          0          1
       322        289          0          1
       323        116          1          1
       324         88          0          1
       325        379          0          1
       326        250          0          1
       327        267          1          1
       328        108          0          1
       329         93          0          1
       330         33          0          1
       331        363          1          1
       332        208          0          1
       333        377          0          1
       334        366          0          1
       335        161          1          1
       336        124          0          1
       337        159          1          1
       338        150          0          1
       339        373          1          1
       340        183          0          1
       341        346          0          1
       342          4          1          1
       343        199          0          1
       344        260          0          1
       345        326          0          1
       346          9          1          1
       347         73          0          1
       348        201          1          1
       349        259          0          1
       350         74          0          1
       351        204          0          1
       352        349          1          1
       353        308          0          1
       354        132          0          1
       355        310          0          1
       356        316          0          1
       357         80          0          1
       358        160          1          1
       359        319          0          1
       360        343          0          1
       361        305          0          1
       362        283          0          1
       363        188          1          1
       364        257          0          1
       365        149          1          1
       366        398          0          1
       367         97          1          1
       368         40          0          1
       369        107          1          1
       370         56          0          1
       371        381          1          1
       372        145          0          1
       373        362          1          1
       374         30          0          1
       375        397          1          1
       376        197          0          1
       377        350          1          1
       378        385          0          1
       379        127          0          1
       380        345          1          1
       381        270          0          1
       382        317          0          1
       383        372          0          1
       384        337          1          1
       385         76          0          1
       386        112          0          1
       387        358          0          1
       388        307          1          1
       389          8          0          1
       390         78          1          1
       391        171          0          1
       392        102          1          1
       393         98          0          1
       394          5          1          1
       395        136          0          1
       396        103          1          1
       397        203          0          1
       398         15          0          1
       399        177          1          1
       400        166          0          1
               24913
configuration                   12                55000         1.4337131964882721E-01         2.9800000000000000E+02         1.3877787807814457E-17
         1        290          1          1
         2        328          0          1
         3         74          1          1
         4        367          0          1
         5         28          0          1
         6        196          0          1
         7         71          1          1
         8        383          0          1
         9         92          0          1
        10        210          0          1
        11         12          1          1
        12        180          0          1
        13         48          1          1
        14        155          0          1
        15         10          1          1
        16        371          0          1
        17        200          1          1
        18        224          0          1
        19        119          0          1
        20        300          0          1
        21        139          0          1
        22        256          1          1
        23         69          0          1
        24        308          1          1
        25         14          0          1
        26        377          0          1
        27        132          0          1
        28         19          1          1
        29         62          0          1
        30        134          1          1
        31         31          0          1
        32          4          1          1
        33        304          0          1
        34         41          1          1
        35         80          0          1
        36        391          0          1
        37        107          0          1
        38         32          1          1
        39         26          0          1
        40        260          1          1
        41        234          1          1
        42        389          0          1
        43        395          0          1
        44         61          0          1
        45         97          1          1
        46        254          0          1
        47         54          0          1
        48        310          0          1
        49        399          1          1
        50        388          0          1
        51        398          1          1
        52        275          0          1
        53        138          1          1
        54         77          0          1
        55        317          0          1
        56        148          0          1
        57          5          0          1
        58        293          0          1
        59         96          1          1
        60        361          0          1
        61        173          0          1
        62        246          0          1
        63         56          0          1
        64        161          1          1
        65        287          0          1
        66        222          1          1
        67         83          0          1
        68        332          1          1
        69         30          0          1
        70        272          1          1
        71        248          0          1
        72        112          0          1
        73        339          0          1
        74        249          1          1
        75        125          0          1
        76         25          1          1
        77        295          0          1
        78         47          1          1
        79        230          0          1
        80         18          0          1
        81        268          1          1
        82        223          0          1
        83         58          0          1
        84        376          0          1
        85         73          1          1
        86         51          0          1
        87        309          1          1
        88        174          0          1
        89         59          0          1
        90        258          0          1
        91        348          1          1
        92        322          0          1
        93         35          1          1
        94        375          0          1
        95        165          0          1
        96        350          0          1
        97        352          1          1
        98        159          0          1
        99         79          1          1
       100        315          0          1
       101        324          0          1
       102        113          1          1
       103        104          0          1
       104        194          1          1
       105        291          0          1
       106        177          0          1
       107        157          0          1
       108        368          1          1
       109        186          0          1
       110        347          0          1
       111        259          0          1
       112        279          1          1
       113        158          0          1
       114        396          1          1
       115        201          0          1
       116        282          1          1
       117        215          0          1
       118        114          1          1
       119        128          0          1
       120        131          1          1
       121        349          0          1
       122        330          0          1
       123        354          1          1
       124        253          0          1
       125         64          0          1
       126        216          0          1
       127         17          0          1
       128        344          0          1
       129        187          1          1
       130        193          0          1
       131        397          1          1
       132         88          0          1
       133        206          1          1
       134        374          0          1
       135         27          1          1
       136        392          0          1
       137        166          1          1
       138        286          0          1
       139        319          1          1
       140        109          0          1
       141        189          0          1
       142          1          1          1
       143        144          0          1
       144         63          0          1
       145        221          0          1
       146        343          0          1
       147         53          0          1
       148         52          1          1
       149        178          0          1
       150        400          0          1
       151        331          0          1
       152         39          1          1
       153        129          0          1
       154        182          1          1
       155         34          0          1
       156        363          1          1
       157        236          0          1
       158         89          1          1
       159         24          0          1
       160        359          1          1
       161        167          1          1
       162        229          0          1
       163         84          1          1
       164        280          0          1
       165         15          0          1
       166        227          0          1
       167         72          1          1
       168         78          0          1
       169        204          1          1
       170          9          0          1
       171        247          1          1
       172        202          0          1
       173        160          0          1
       174        261          0          1
       175        214          1          1
       176        298          0          1
       177         33          0          1
       178        394          0          1
       179        380          1          1
       180        168          0          1
       181         36          0          1
       182        314          0          1
       183         70          0          1
       184         81          0          1
       185        184          0          1
       186        252          1          1
       187        271          0          1
       188        142          0          1
       189         20          0          1
       190        151          1          1
       191        340          0          1
       192        217          0          1
       193        390          0          1
       194        267          1          1
       195        364          0          1
       196         85          0          1
       197         75          0          1
       198         40          0          1
       199         43          0          1
       200        100          0          1
       201        154          1          1
       202        393          0          1
       203        181          1          1
       204        116          0          1
       205        265          0          1
       206        140          0          1
       207        130          1          1
       208        296          0          1
       209        382          1          1
       210        269          0          1
       211        335          1          1
       212          3          0          1
       213        183          1          1
       214         99          0          1
       215        239          0          1
       216        143          1          1
       217        228          0          1
       218         21          0          1
       219         93          1          1
       220          2          0          1
       221         16          0          1
       222        120          1          1
       223        153          0          1
       224        195          1          1
       225        356          0          1
       226        294          1          1
       227        152          0          1
       228        320          1          1
       229        312          0          1
       230        329          0          1
       231        137          0          1
       232        373          1          1
       233        164          0          1
       234        149          1          1
       235        156          0          1
       236        209          0          1
       237        198          0          1
       238        305          0          1
       239        351          0          1
       240        311          1          1
       241        357          0          1
       242        241          0          1
       243        226          1          1
       244        244          0          1
       245        318          1          1
       246        176          0          1
       247        302          1          1
       248         68          0          1
       249        262          1          1
       250        169          0          1
       251         82          0          1
       252         95          0          1
       253         65          1          1
       254        102          0          1
       255        369          1          1
       256        266          0          1
       257        179          1          1
       258        345          0          1
       259        213          1          1
       260        355          0          1
       261        297          0          1
       262        220          0          1
       263        101          0          1
       264        378          0          1
       265        334          0          1
       266         29          1          1
       267         87          0          1
       268         44          0          1
       269         91          0          1
       270        358          1          1
       271        313          0          1
       272        190          1          1
       273        231          0          1
       274        387          1          1
       275         38          0          1
       276        172          1          1
       277        264          0          1
       278        353          0          1
       279        263          0          1
       280         45          0          1
       281         94          0          1
       282         90          0          1
       283        240          0          1
       284         66          0          1
       285         13          1          1
       286        147          0          1
       287        118          1          1
       288        306          0          1
       289        175          1          1
       290        307          0          1
       291        117          0          1
       292        338          0          1
       293        115          0          1
       294        365          0          1
       295        281          0          1
       296        337          0          1
       297        327          0          1
       298        366          1          1
       299        127          0          1
       300        301          0          1
       301        197          0          1
       302        323          1          1
       303        303          0          1
       304         22          1          1
       305        110          0          1
       306        124          1          1
       307        170          0          1
       308        192          1          1
       309        123          0          1
       310          7          1          1
       311        121          0          1
       312        205          1          1
       313        141          0          1
       314        245          0          1
       315        333          0          1
       316         55          0          1
       317        211          0          1
       318        288          0          1
       319         42          0          1
       320         23          1          1
       321        232          0          1
       322        289          0          1
       323        235          1          1
       324        185          0          1
       325        233          0          1
       326        250          0          1
       327        278          0          1
       328        336          0          1
       329        208          1          1
       330        126          0          1
       331        106          1          1
       332        274          0          1
       333        225          0          1
       334         98          1          1
       335        277          0          1
       336        218          0          1
       337        135          0          1
       338        133          0          1
       339        346          1          1
       340         37          0          1
       341        321          0          1
       342        384          1          1
       343        199          0          1
       344        292          1          1
       345        326          0          1
       346        163          1          1
       347        146          0          1
       348         57          1          1
       349        207          0          1
       350        362          0          1
       351         11          0          1
       352        242          0          1
       353        162          1          1
       354        342          0          1
       355        122          0          1
       356        341          1          1
       357         49          0          1
       358          8          0          1
       359        150          0          1
       360        255          1          1
       361        273          0          1
       362        283          0          1
       363        238          0          1
       364        257          0          1
       365        188          1          1
       366        219          0          1
       367        386          1          1
       368        381          0          1
       369        212          0          1
       370        243          0          1
       371        285          1          1
       372        145          0          1
       373        251          0          1
       374        284          0          1
       375         86          1          1
       376        191          0          1
       377        325          1          1
       378        385          0          1
       379        111          0          1
       380        276          0          1
       381        270          0          1
       382         60          0          1
       383        372          0          1
       384          6          0          1
       385         76          0          1
       386         67          1          1
       387        103          0          1
       388        237          0          1
       389        316          1          1
       390        108          0          1
       391        105          0          1
       392         50          1          1
       393        299          0          1
       394         46          0          1
       395        136          0          1
       396        370          1          1
       397        203          0          1
       398        360          0          1
       399        171          1          1
       400        379          0          1
               27410
configuration                   13                60000         1.5640675960961220E-01         2.9800000000000000E+02         1.3877787807814457E-17
         1        124          1          1
         2        327          0          1
         3        275          1          1
         4        367          0          1
         5        345          0          1
         6         93          0          1
         7        179          1          1
         8         44          0          1
         9        375          0          1
        10        391          1          1
        11        293          0          1
        12        184          1          1
        13        263          0          1
        14        166          0          1
        15        265          1          1
        16         28          0          1
        17        366          1          1
        18        174          0          1
        19         81          1          1
        20        300          0          1
        21        139          0          1
        22        370          1          1
        23        387          0          1
        24        209          0          1
        25        155          0          1
        26        351          1          1
        27        132          0          1
        28        296          0          1
        29        378          1          1
        30         19          0          1
        31        392          1          1
        32        104          0          1
        33        252          0          1
        34        302          1          1
        35         80          0          1
        36         82          1          1
        37        107          0          1
        38         50          1          1
        39        316          0          1
        40        383          1          1
        41        100          0          1
        42        389          0          1
        43        357          0          1
        44        291          0          1
        45        105          1          1
        46        365          0          1
        47         98          1          1
        48         79          0          1
        49         33          0          1
        50        373          0          1
        51         41          0          1
        52        135          1          1
        53        321          0          1
        54         77          0          1
        55        214          1          1
        56        148          0          1
        57        288          1          1
        58         85          0          1
        59         74          1          1
        60        361          0          1
        61        173          0          1
        62        273          1          1
        63         56          0          1
        64        311          1          1
        65         62          0          1
        66        112          1          1
        67        284          0          1
        68        317          1          1
        69         30          0          1
        70        241          1          1
        71        248          0          1
        72         96          0          1
        73        339          0          1
        74         26          1          1
        75        220          0          1
        76          8          1          1
        77        295          0          1
        78        358          1          1
        79        230          0          1
        80          9          1          1
        81        254          1          1
        82        223          0          1
        83         75          1          1
        84        338          0          1
        85         84          1          1
        86        346          0          1
        87         31          0          1
        88         54          0          1
        89        292          1          1
        90        260          0          1
        91        161          1          1
        92        218          0          1
        93        142          1          1
        94        359          0          1
        95          5          1          1
        96        226          0          1
        97        168          1          1
        98        159          0          1
        99        125          1          1
       100        193          0          1
       101        324          0          1
       102        126          1          1
       103        379          0          1
       104        277          0          1
       105        190          0          1
       106         70          1          1
       107        149          0          1
       108        119          1          1
       109        353          0          1
       110        309          1          1
       111        259          0          1
       112        162          0          1
       113        158          0          1
       114        188          1          1
       115        201          0          1
       116         48          1          1
       117        350          0          1
       118        106          0          1
       119        128          0          1
       120        329          1          1
       121        397          1          1
       122        330          0          1
       123        306          0          1
       124         42          0          1
       125         13          1          1
       126        256          0          1
       127         92          1          1
       128        342          0          1
       129        269          1          1
       130        144          0          1
       131        249          1          1
       132        133          0          1
       133        183          1          1
       134        318          0          1
       135        196          1          1
       136        187          0          1
       137        380          1          1
       138        286          0          1
       139        304          1          1
       140        217          0          1
       141        189          0          1
       142        121          0          1
       143        113          0          1
       144        274          1          1
       145        335          0          1
       146        160          1          1
       147        130          0          1
       148        194          0          1
       149         21          0          1
       150        386          0          1
       151        111          0          1
       152        333          1          1
       153        129          0          1
       154        349          1          1
       155         34          0          1
       156        262          0          1
       157        236          0          1
       158        278          1          1
       159         24          0          1
       160        374          1          1
       161        280          0          1
       162        229          0          1
       163         83          0          1
       164        301          0          1
       165         51          1          1
       166        108          0          1
       167        376          1          1
       168         78          0          1
       169        224          0          1
       170        202          1          1
       171         46          0          1
       172        102          0          1
       173        393          1          1
       174        261          0          1
       175        371          1          1
       176        298          0          1
       177        340          1          1
       178        394          0          1
       179        172          1          1
       180        396          0          1
       181         36          0          1
       182        120          1          1
       183        279          0          1
       184        320          1          1
       185        268          0          1
       186         67          1          1
       187        271          0          1
       188        198          0          1
       189         20          0          1
       190        399          0          1
       191        307          0          1
       192         72          0          1
       193        225          0          1
       194        255          1          1
       195        364          0          1
       196        243          1          1
       197        395          0          1
       198        167          1          1
       199        258          0          1
       200         37          0          1
       201        276          0          1
       202        178          0          1
       203        114          1          1
       204          2          0          1
       205        238          1          1
       206        153          0          1
       207        109          0          1
       208        382          0          1
       209         14          1          1
       210        267          0          1
       211        235          1          1
       212          3          0          1
       213         86          1          1
       214         99          0          1
       215        322          1          1
       216        294          0          1
       217        281          1          1
       218        332          0          1
       219         90          0          1
       220        341          1          1
       221        115          0          1
       222         39          0          1
       223         89          0          1
       224         16          1          1
       225        163          0          1
       226         47          1          1
       227        117          0          1
       228        328          1          1
       229        312          0          1
       230        136          0          1
       231        122          0          1
       232        237          1          1
       233        164          0          1
       234        182          0          1
       235        156          0          1
       236        152          0          1
       237        200          0          1
       238         55          1          1
       239        266          0          1
       240         59          0          1
       241        270          1          1
       242        180          0          1
       243        360          1          1
       244        244          0          1
       245        331          0          1
       246          7          0          1
       247         87          1          1
       248         68          0          1
       249        285          0          1
       250        169          0          1
       251        242          1          1
       252        205          0          1
       253        210          0          1
       254        246          0          1
       255        352          1          1
       256        337          0          1
       257         15          1          1
       258        287          0          1
       259         25          1          1
       260        239          0          1
       261        297          0          1
       262        177          0          1
       263        101          0          1
       264        213          0          1
       265        334          0          1
       266         97          1          1
       267        343          0          1
       268         60          0          1
       269         22          0          1
       270         57          0          1
       271        313          0          1
       272        344          1          1
       273        231          0          1
       274        145          1          1
       275        204          0          1
       276        363          1          1
       277        181          0          1
       278        347          1          1
       279        377          0          1
       280         43          1          1
       281        348          0          1
       282        234          0          1
       283        325          1          1
       284         66          0          1
       285        388          1          1
       286        147          0          1
       287         18          1          1
       288        195          0          1
       289        315          1          1
       290        384          0          1
       291        137          1          1
       292          4          0          1
       293         27          0          1
       294          1          0          1
       295         61          1          1
       296        154          0          1
       297         73          0          1
       298        221          0          1
       299        232          1          1
       300        165          0          1
       301        197          0          1
       302        354          0          1
       303        303          0          1
       304         10          1          1
       305        110          0          1
       306         52          1          1
       307        170          0          1
       308        206          1          1
       309        123          0          1
       310        247          1          1
       311        118          0          1
       312         76          1          1
       313        390          0          1
       314         35          1          1
       315        175          0          1
       316        116          1          1
       317        211          0          1
       318        245          1          1
       319         29          0          1
       320         71          1          1
       321        192          0          1
       322        323          0          1
       323        253          1          1
       324        185          0          1
       325         40          1          1
       326        250          0          1
       327        143          1          1
       328        336          0          1
       329        305          0          1
       330        356          0          1
       331         53          1          1
       332        319          0          1
       333        176          1          1
       334        140          0          1
       335        290          1          1
       336        212          0          1
       337        228          1          1
       338        171          0          1
       339         32          1          1
       340         38          0          1
       341        227          0          1
       342        282          1          1
       343        199          0          1
       344        216          1          1
       345        326          0          1
       346         95          1          1
       347        146          0          1
       348         91          1          1
       349        207          0          1
       350        151          0          1
       351         11          0          1
       352         63          1          1
       353         45          0          1
       354        264          1          1
       355        240          0          1
       356        400          1          1
       357         49          0          1
       358         88          0          1
       359        150          0          1
       360        157          1          1
       361        368          0          1
       362        283          0          1
       363        381          1          1
       364        257          0          1
       365        141          1          1
       366        219          0          1
       367        398          1          1
       368          6          0          1
       369        233          1          1
       370        369          0          1
       371         65          1          1
       372        131          0          1
       373         94          1          1
       374        289          0          1
       375         23          1          1
       376        191          0          1
       377        134          0          1
       378        385          0          1
       379         17          1          1
       380        215          0          1
       381        310          0          1
       382        208          0          1
       383        372          0          1
       384        186          1          1
       385        308          0          1
       386         69          1          1
       387        103          0          1
       388         58          1          1
       389        127          0          1
       390        362          0          1
       391        251          0          1
       392        314          0          1
       393        299          0          1
       394         64          0          1
       395        222          0          1
       396        355          0          1
       397        203          0          1
       398        138          0          1
       399         12          0          1
       400        272          0          1
               29900
configuration                   14                65000         1.6965030968413419E-01         2.9800000000000000E+02         1.3877787807814457E-17
         1        302          0          1
         2         47          0          1
         3        234          1          1
         4        367          0          1
         5        207          1          1
         6         93          0          1
         7         82          0          1
         8        232          0          1
         9        106          1          1
        10        320          0          1
        11        137          1          1
        12        315          0          1
        13         61          1          1
        14        364          0          1
        15        363          1          1
        16         28          0          1
        17        384          0          1
        18        174          0          1
        19         90          0          1
        20        300          0          1
        21         64          0          1
        22        138          0          1
        23        387          0          1
        24        309          1          1
        25        155          0          1
        26        140          1          1
        27        132          0          1
        28        366          1          1
        29        168          0          1
        30        202          0          1
        31        159          0          1
        32        116          1          1
        33        362          0          1
        34        330          1          1
        35        213          0          1
        36        361          1          1
        37         45          0          1
        38        283          1          1
        39        316          0          1
        40        192          1          1
        41        256          1          1
        42        224          0          1
        43         89          0          1
        44        349          0          1
        45        229          1          1
        46        184          0          1
        47        314          1          1
        48         74          0          1
        49        263          1          1
        50         75          0          1
        51        212          1          1
        52        317          0          1
        53        337          0          1
        54        235          0          1
        55        215          0          1
        56        303          0          1
        57        265          0          1
        58        189          0          1
        59        182          1          1
        60        341          0          1
        61        122          0          1
        62        100          1          1
        63         56          0          1
        64         78          1          1
        65        277          0          1
        66         95          1          1
        67         40          0          1
        68         69          1          1
        69        164          0          1
        70        345          1          1
        71        280          0          1
        72        327          0          1
        73        228          1          1
        74        248          0          1
        75         66          1          1
        76        282          0          1
        77        322          0          1
        78        284          1          1
        79         27          0          1
        80        112          1          1
        81        389          0          1
        82        261          0          1
        83        201          1          1
        84         16          0          1
        85          9          0          1
        86        346          0          1
        87          1          1          1
        88        262          0          1
        89         42          1          1
        90        393          0          1
        91        208          1          1
        92        172          0          1
        93        226          0          1
        94        128          1          1
        95         22          0          1
        96         31          0          1
        97        129          0          1
        98        143          0          1
        99        161          0          1
       100        193          0          1
       101        324          0          1
       102        241          0          1
       103        379          0          1
       104        319          1          1
       105         46          0          1
       106        131          1          1
       107        149          0          1
       108        357          0          1
       109        343          0          1
       110        339          0          1
       111        230          0          1
       112        371          1          1
       113        158          0          1
       114        209          0          1
       115        160          0          1
       116        216          1          1
       117        400          0          1
       118        260          0          1
       119        147          1          1
       120         44          0          1
       121        151          0          1
       122        269          0          1
       123        145          1          1
       124          6          0          1
       125        121          1          1
       126         30          0          1
       127         87          1          1
       128        342          0          1
       129        196          1          1
       130        399          0          1
       131        378          1          1
       132         73          0          1
       133        190          1          1
       134        318          0          1
       135        225          1          1
       136        187          0          1
       137        134          1          1
       138         71          0          1
       139         88          0          1
       140        292          1          1
       141        386          0          1
       142        169          1          1
       143         10          0          1
       144        313          0          1
       145        335          0          1
       146         77          0          1
       147         24          0          1
       148         19          1          1
       149         21          0          1
       150        206          1          1
       151         63          0          1
       152        249          1          1
       153        250          0          1
       154        333          0          1
       155        188          0          1
       156        383          0          1
       157        236          0          1
       158        266          1          1
       159         60          0          1
       160        214          0          1
       161        239          1          1
       162        356          0          1
       163        218          1          1
       164        301          0          1
       165         72          0          1
       166        344          0          1
       167        176          1          1
       168        118          0          1
       169        177          1          1
       170        274          0          1
       171        352          0          1
       172        198          0          1
       173         68          0          1
       174        133          0          1
       175        396          1          1
       176         14          0          1
       177        365          1          1
       178        394          0          1
       179        246          1          1
       180         85          0          1
       181         36          0          1
       182        156          1          1
       183        279          0          1
       184        291          1          1
       185        268          0          1
       186         62          0          1
       187        271          0          1
       188         51          1          1
       189         20          0          1
       190        107          1          1
       191        135          0          1
       192        285          0          1
       193        238          0          1
       194        374          1          1
       195        355          0          1
       196        165          0          1
       197        395          0          1
       198         52          0          1
       199        258          0          1
       200        183          0          1
       201        245          1          1
       202        210          0          1
       203        336          1          1
       204          2          0          1
       205        242          1          1
       206         59          0          1
       207        287          1          1
       208        127          0          1
       209         54          1          1
       210        397          0          1
       211        305          1          1
       212        381          0          1
       213        170          1          1
       214        141          0          1
       215         91          1          1
       216        375          0          1
       217        152          1          1
       218        204          0          1
       219        368          1          1
       220          5          0          1
       221        115          0          1
       222        390          1          1
       223         81          0          1
       224        109          0          1
       225        191          0          1
       226        257          1          1
       227        221          0          1
       228         32          1          1
       229        111          0          1
       230        353          1          1
       231         98          0          1
       232        251          1          1
       233        119          0          1
       234         57          1          1
       235        325          0          1
       236         70          1          1
       237        200          0          1
       238        359          1          1
       239        153          0          1
       240        298          1          1
       241        117          1          1
       242        180          0          1
       243         48          1          1
       244        281          0          1
       245         23          0          1
       246        233          0          1
       247        382          1          1
       248        290          0          1
       249         34          1          1
       250        273          0          1
       251         67          1          1
       252        252          0          1
       253        328          1          1
       254        304          0          1
       255        223          1          1
       256        108          0          1
       257        194          0          1
       258        276          0          1
       259         18          1          1
       260        130          0          1
       261        297          0          1
       262        347          1          1
       263        101          0          1
       264        338          1          1
       265        334          0          1
       266         35          1          1
       267         29          0          1
       268        264          1          1
       269          3          0          1
       270        331          1          1
       271        142          0          1
       272        154          0          1
       273        231          0          1
       274         80          1          1
       275         76          0          1
       276         33          1          1
       277        139          0          1
       278        310          1          1
       279        377          0          1
       280         37          1          1
       281         26          0          1
       282        307          0          1
       283        144          1          1
       284        157          0          1
       285        380          1          1
       286        259          0          1
       287          4          1          1
       288        195          0          1
       289         53          0          1
       290        110          0          1
       291        296          0          1
       292        105          0          1
       293        350          1          1
       294        398          0          1
       295        286          1          1
       296        113          0          1
       297        255          1          1
       298        288          0          1
       299        244          1          1
       300        126          0          1
       301        391          0          1
       302        299          1          1
       303        253          0          1
       304        171          1          1
       305        167          0          1
       306        295          1          1
       307        360          0          1
       308        185          1          1
       309         58          0          1
       310        392          0          1
       311        178          0          1
       312         55          1          1
       313         79          0          1
       314        321          1          1
       315        175          0          1
       316         96          1          1
       317        211          0          1
       318        148          1          1
       319         86          0          1
       320        272          1          1
       321        369          0          1
       322        340          0          1
       323        114          1          1
       324         94          0          1
       325        166          1          1
       326        237          0          1
       327         50          1          1
       328        179          0          1
       329        186          1          1
       330        348          0          1
       331          8          1          1
       332        173          0          1
       333        197          1          1
       334        311          0          1
       335        278          1          1
       336         43          0          1
       337         13          1          1
       338        247          0          1
       339        351          1          1
       340        267          0          1
       341        227          0          1
       342        306          0          1
       343        199          0          1
       344         11          0          1
       345        326          0          1
       346          7          1          1
       347         99          0          1
       348        205          1          1
       349        146          0          1
       350        370          1          1
       351        163          0          1
       352         84          0          1
       353         38          0          1
       354         97          1          1
       355        240          0          1
       356        102          1          1
       357         49          0          1
       358        293          0          1
       359        150          0          1
       360        358          1          1
       361        388          0          1
       362        354          0          1
       363         15          1          1
       364         41          0          1
       365        376          1          1
       366        219          0          1
       367         92          1          1
       368        120          0          1
       369         17          1          1
       370        323          0          1
       371        124          1          1
       372        270          0          1
       373        162          1          1
       374        329          0          1
       375        294          1          1
       376         65          0          1
       377        136          1          1
       378        385          0          1
       379        373          0          1
       380        254          0          1
       381        104          1          1
       382        275          0          1
       383        372          0          1
       384         83          0          1
       385        308          0          1
       386        312          1          1
       387        103          0          1
       388        123          1          1
       389        220          0          1
       390         39          0          1
       391        289          0          1
       392        181          1          1
       393        125          0          1
       394        332          1          1
       395        222          0          1
       396         25          1          1
       397        203          0          1
       398        217          0          1
       399         12          0          1
       400        243          0          1
               32396
configuration                   15                70000         1.8277160227844577E-01         2.9800000000000000E+02         1.3877787807814457E-17
         1         19          1          1
         2        306          0          1
         3        271          1          1
         4        254          0          1
         5        288          0          1
         6         97          0          1
         7        337          1          1
         8        325          0          1
         9        305          1          1
        10        121          0          1
        11        396          1          1
        12         33          0          1
        13         88          1          1
        14        335          0          1
        15        106          1          1
        16        389          0          1
        17        382          0          1
        18        201          0          1
        19        109          1          1
        20         55          0          1
        21        321          0          1
        22        316          1          1
        23        134          0          1
        24        367          1          1
        25         86          0          1
        26        299          1          1
        27        132          0          1
        28        224          0          1
        29        223          0          1
        30        320          1          1
        31        387          0          1
        32         82          0          1
        33        190          0          1
        34         50          1          1
        35        139          0          1
        36         80          0          1
        37        249          1          1
        38        251          0          1
        39        351          0          1
        40        130          1          1
        41        255          1          1
        42         69          0          1
        43        174          1          1
        44        349          0          1
        45        214          1          1
        46         13          0          1
        47         96          1          1
        48        197          0          1
        49         47          1          1
        50        183          0          1
        51        378          1          1
        52        169          0          1
        53        104          1          1
        54        206          0          1
        55        314          1          1
        56        397          0          1
        57         60          0          1
        58        303          1          1
        59        313          0          1
        60        391          0          1
        61         91          0          1
        62        105          0          1
        63         56          0          1
        64        347          1          1
        65        277          0          1
        66        145          1          1
        67         75          0          1
        68         65          1          1
        69        164          0          1
        70        148          1          1
        71        280          0          1
        72        128          1          1
        73        162          0          1
        74        256          1          1
        75         67          0          1
        76         44          1          1
        77        193          0          1
        78        113          0          1
        79        227          1          1
        80        370          0          1
        81         29          0          1
        82         99          0          1
        83        168          0          1
        84         16          0          1
        85         68          1          1
        86        346          0          1
        87        241          0          1
        88        262          0          1
        89         98          1          1
        90        117          0          1
        91         72          1          1
        92        333          0          1
        93        292          1          1
        94        112          0          1
        95        289          1          1
        96        225          0          1
        97        322          0          1
        98        160          1          1
        99         42          0          1
       100        151          1          1
       101        114          0          1
       102        217          0          1
       103        170          0          1
       104        156          0          1
       105         46          0          1
       106         53          1          1
       107        149          0          1
       108        334          1          1
       109        343          0          1
       110        232          0          1
       111        230          0          1
       112        182          1          1
       113        368          0          1
       114        252          1          1
       115         10          0          1
       116        364          0          1
       117         12          1          1
       118         15          0          1
       119        336          0          1
       120        285          0          1
       121         70          1          1
       122         30          0          1
       123        281          1          1
       124        159          0          1
       125         11          1          1
       126         54          0          1
       127        394          1          1
       128          6          0          1
       129        327          0          1
       130        209          0          1
       131        371          1          1
       132         22          0          1
       133         34          0          1
       134        374          0          1
       135        116          0          1
       136        187          0          1
       137        158          0          1
       138        264          0          1
       139        180          1          1
       140        192          0          1
       141         77          0          1
       142        226          1          1
       143        184          0          1
       144        141          1          1
       145        245          0          1
       146         61          1          1
       147        384          0          1
       148        392          0          1
       149         21          0          1
       150        399          1          1
       151        133          0          1
       152        298          0          1
       153        171          1          1
       154        275          0          1
       155        188          0          1
       156        228          0          1
       157        236          0          1
       158        319          0          1
       159        265          0          1
       160        366          0          1
       161         63          1          1
       162        356          0          1
       163        386          1          1
       164        301          0          1
       165         95          1          1
       166        362          0          1
       167        260          1          1
       168        118          0          1
       169         62          1          1
       170        398          0          1
       171         90          0          1
       172         64          1          1
       173        126          0          1
       174        172          0          1
       175        213          0          1
       176         14          0          1
       177        144          1          1
       178        131          0          1
       179        380          0          1
       180         85          0          1
       181         36          0          1
       182        199          0          1
       183        279          0          1
       184        138          0          1
       185        268          0          1
       186        372          1          1
       187        274          0          1
       188         52          1          1
       189         20          0          1
       190        147          0          1
       191        237          1          1
       192         27          0          1
       193        238          0          1
       194        155          1          1
       195        355          0          1
       196        176          1          1
       197        395          0          1
       198        202          1          1
       199        258          0          1
       200        379          1          1
       201        177          0          1
       202          5          0          1
       203        282          1          1
       204          2          0          1
       205        135          1          1
       206         59          0          1
       207         17          1          1
       208        283          0          1
       209        115          1          1
       210        124          0          1
       211          9          0          1
       212        381          0          1
       213        385          0          1
       214        194          0          1
       215        108          1          1
       216        375          0          1
       217        186          1          1
       218        204          0          1
       219        210          1          1
       220          1          0          1
       221         66          0          1
       222        369          1          1
       223         81          0          1
       224        357          1          1
       225        191          0          1
       226        235          1          1
       227         57          0          1
       228         39          1          1
       229        246          0          1
       230        350          0          1
       231        324          0          1
       232         83          1          1
       233        383          0          1
       234        129          1          1
       235        257          0          1
       236        339          1          1
       237        200          0          1
       238        216          0          1
       239         23          0          1
       240        205          1          1
       241        286          1          1
       242        317          0          1
       243        123          1          1
       244         28          0          1
       245        373          1          1
       246        233          0          1
       247        293          0          1
       248        290          0          1
       249        315          0          1
       250        140          1          1
       251         41          0          1
       252        102          0          1
       253        332          0          1
       254        229          0          1
       255         76          1          1
       256        152          0          1
       257        243          1          1
       258        276          0          1
       259        259          1          1
       260        345          0          1
       261        297          0          1
       262        338          1          1
       263        101          0          1
       264         24          0          1
       265        342          0          1
       266        287          0          1
       267         45          0          1
       268        154          1          1
       269          3          0          1
       270        111          0          1
       271        359          1          1
       272         32          0          1
       273        231          0          1
       274        309          1          1
       275         87          0          1
       276        207          1          1
       277        119          0          1
       278        304          0          1
       279         18          0          1
       280        242          1          1
       281         48          1          1
       282        307          0          1
       283        218          0          1
       284        161          0          1
       285        388          0          1
       286         40          0          1
       287        312          0          1
       288        195          0          1
       289        361          1          1
       290        110          0          1
       291        365          0          1
       292         25          0          1
       293        376          1          1
       294        125          0          1
       295         93          1          1
       296        363          0          1
       297        328          0          1
       298        253          0          1
       299        400          0          1
       300        221          0          1
       301         49          0          1
       302          8          0          1
       303         73          0          1
       304        189          0          1
       305        167          0          1
       306         74          0          1
       307        360          0          1
       308         78          1          1
       309         58          0          1
       310         71          0          1
       311        178          0          1
       312        203          1          1
       313         79          0          1
       314        240          1          1
       315        175          0          1
       316         37          1          1
       317        234          0          1
       318        107          1          1
       319        103          0          1
       320        340          1          1
       321        390          1          1
       322        198          0          1
       323        153          1          1
       324         94          0          1
       325        244          1          1
       326        142          0          1
       327        302          1          1
       328        179          0          1
       329        248          0          1
       330        348          0          1
       331         51          1          1
       332        173          0          1
       333         92          1          1
       334        311          0          1
       335        181          0          1
       336        185          0          1
       337        352          1          1
       338        146          0          1
       339        266          1          1
       340        267          0          1
       341         89          0          1
       342        222          1          1
       343        208          0          1
       344        331          0          1
       345        326          0          1
       346        318          1          1
       347         84          0          1
       348        137          0          1
       349        215          0          1
       350        273          1          1
       351        163          0          1
       352        166          1          1
       353         38          0          1
       354        300          1          1
       355         26          0          1
       356          4          1          1
       357         43          0          1
       358        261          1          1
       359        150          0          1
       360        100          1          1
       361        157          1          1
       362        136          0          1
       363        341          1          1
       364        165          0          1
       365        296          1          1
       366        219          0          1
       367        212          1          1
       368        120          0          1
       369        269          1          1
       370        323          0          1
       371        294          1          1
       372        270          0          1
       373        393          1          1
       374        329          0          1
       375        344          0          1
       376        330          0          1
       377        284          1          1
       378        278          0          1
       379        353          0          1
       380         31          0          1
       381        310          0          1
       382         35          1          1
       383        263          0          1
       384        250          1          1
       385        308          0          1
       386        122          1          1
       387        377          0          1
       388        239          0          1
       389        220          0          1
       390        247          1          1
       391          7          0          1
       392        127          1          1
       393        295          0          1
       394        291          1          1
       395        196          0          1
       396        354          1          1
       397        211          0          1
       398        143          1          1
       399        358          0          1
       400        272          1          1
               34897
configuration                   16                75000         1.9594155686333745E-01         2.9800000000000000E+02         1.0000000000000002E-01
         1         27          0          1
         2        224          0          1
         3        329          1          1
         4         75          0          1
         5         90          0          1
         6        294          0          1
         7         20          0          1
         8        211          0          1
         9        156          0          1
        10        129          0          1
        11        149          1          1
        12         33          0          1
        13        151          1          1
        14        360          0          1
        15         40          1          1
        16        206          0          1
        17        227          0          1
        18        124          1          1
        19        344          0          1
        20        291          0          1
        21        239          1          1
        22        134          0          1
        23        397          0          1
        24        393          0          1
        25        207          1          1
        26        331          0          1
        27        377          1          1
        28        271          0          1
        29        390          1          1
        30         56          0          1
        31        387          0          1
        32        178          1          1
        33        222          0          1
        34        346          0          1
        35          6          0          1
        36        259          0          1
        37        356          1          1
        38        319          0          1
        39        272          1          1
        40        254          0          1
        41        386          0          1
        42        381          1          1
        43        177          0          1
        44        133          0          1
        45        187          0          1
        46         96          1          1
        47        357          0          1
        48        366          0          1
        49        216          0          1
        50        148          1          1
        51        235          0          1
        52        116          0          1
        53         23          1          1
        54        282          0          1
        55         35          0          1
        56        144          1          1
        57        251          0          1
        58        300          0          1
        59        302          0          1
        60          4          0          1
        61        333          1          1
        62        361          0          1
        63        160          1          1
        64        289          0          1
        65        379          0          1
        66        392          0          1
        67        147          1          1
        68        236          0          1
        69        353          0          1
        70         74          0          1
        71        280          0          1
        72        233          0          1
        73        162          0          1
        74         76          0          1
        75         94          1          1
        76        218          0          1
        77         47          0          1
        78         42          0          1
        79         86          1          1
        80        370          0          1
        81        376          0          1
        82         98          1          1
        83        168          0          1
        84        266          0          1
        85        400          1          1
        86         53          1          1
        87         99          0          1
        88        341          1          1
        89         65          0          1
        90          8          0          1
        91        326          1          1
        92        383          0          1
        93        104          0          1
        94         19          1          1
        95         81          0          1
        96        185          1          1
        97         21          0          1
        98        126          1          1
        99        263          0          1
       100        130          0          1
       101        371          1          1
       102         44          0          1
       103        312          0          1
       104        105          1          1
       105        354          0          1
       106        204          0          1
       107        214          1          1
       108        255          0          1
       109        321          0          1
       110        113          0          1
       111        230          0          1
       112        268          0          1
       113         69          1          1
       114         58          0          1
       115        154          0          1
       116        274          0          1
       117         41          1          1
       118        373          0          1
       119        285          1          1
       120        212          0          1
       121        369          0          1
       122        327          0          1
       123        287          1          1
       124        220          0          1
       125        367          0          1
       126        164          0          1
       127        137          0          1
       128        107          0          1
       129        132          0          1
       130         85          1          1
       131         39          0          1
       132         51          1          1
       133        283          0          1
       134         48          1          1
       135        273          0          1
       136        324          1          1
       137        174          0          1
       138         50          1          1
       139        309          0          1
       140        277          1          1
       141         17          0          1
       142         13          1          1
       143         15          0          1
       144        201          1          1
       145         72          0          1
       146        245          1          1
       147        384          0          1
       148        199          1          1
       149        102          0          1
       150        115          0          1
       151        299          1          1
       152        191          0          1
       153         25          1          1
       154         34          0          1
       155         93          1          1
       156        364          0          1
       157        171          1          1
       158        320          0          1
       159        391          0          1
       160        228          0          1
       161        310          1          1
       162        308          0          1
       163        351          0          1
       164        301          0          1
       165        385          0          1
       166        122          0          1
       167        198          1          1
       168        205          0          1
       169        380          1          1
       170         59          0          1
       171        349          0          1
       172        111          1          1
       173        139          0          1
       174        362          1          1
       175        335          0          1
       176        261          1          1
       177        208          0          1
       178        262          0          1
       179        183          1          1
       180         31          0          1
       181         77          0          1
       182        295          0          1
       183        286          1          1
       184         38          0          1
       185        108          0          1
       186         36          1          1
       187        298          0          1
       188        121          1          1
       189         24          0          1
       190        140          1          1
       191        297          0          1
       192        179          0          1
       193        145          1          1
       194         95          0          1
       195        166          1          1
       196        190          0          1
       197        395          0          1
       198        284          0          1
       199         28          0          1
       200        292          1          1
       201         22          0          1
       202        213          1          1
       203         54          0          1
       204         61          1          1
       205        202          0          1
       206        210          0          1
       207        315          1          1
       208         79          0          1
       209         80          1          1
       210        181          0          1
       211        193          0          1
       212        176          0          1
       213        365          0          1
       214        194          0          1
       215         49          0          1
       216        131          0          1
       217         46          1          1
       218        313          0          1
       219        157          1          1
       220          1          0          1
       221        143          1          1
       222        182          0          1
       223        170          1          1
       224        109          0          1
       225        394          0          1
       226         11          0          1
       227         57          0          1
       228        368          1          1
       229        246          0          1
       230        103          1          1
       231        186          0          1
       232         63          1          1
       233         14          0          1
       234        281          0          1
       235        257          0          1
       236        247          1          1
       237        200          0          1
       238        238          1          1
       239        225          0          1
       240        372          0          1
       241        265          0          1
       242        358          0          1
       243         64          0          1
       244        163          0          1
       245        328          1          1
       246        322          0          1
       247        398          1          1
       248        290          0          1
       249         45          1          1
       250        396          0          1
       251         71          1          1
       252         68          0          1
       253        217          1          1
       254        229          0          1
       255        352          0          1
       256        152          0          1
       257        325          1          1
       258        276          0          1
       259        243          1          1
       260         97          0          1
       261         88          0          1
       262          3          1          1
       263        101          0          1
       264        374          1          1
       265        342          0          1
       266        189          1          1
       267        195          0          1
       268        118          0          1
       269         30          0          1
       270        267          0          1
       271        114          0          1
       272        192          1          1
       273         67          0          1
       274         87          0          1
       275        135          0          1
       276        256          0          1
       277        119          0          1
       278        293          1          1
       279        167          0          1
       280        197          1          1
       281        258          0          1
       282        307          0          1
       283        306          1          1
       284        161          0          1
       285        355          1          1
       286        378          0          1
       287        347          0          1
       288        250          1          1
       289        382          0          1
       290        110          0          1
       291        240          0          1
       292        296          0          1
       293        317          1          1
       294        125          0          1
       295        339          0          1
       296        158          0          1
       297        260          1          1
       298        253          0          1
       299        252          1          1
       300        221          0          1
       301        219          1          1
       302        337          0          1
       303         73          0          1
       304        314          1          1
       305         18          0          1
       306        244          1          1
       307        138          0          1
       308         52          0          1
       309        348          0          1
       310        232          0          1
       311        359          0          1
       312        334          1          1
       313         62          0          1
       314         55          1          1
       315        231          0          1
       316        153          1          1
       317        234          0          1
       318         78          1          1
       319        275          0          1
       320        117          0          1
       321         92          0          1
       322        203          1          1
       323        375          0          1
       324          5          0          1
       325        112          0          1
       326        332          0          1
       327        264          1          1
       328        389          0          1
       329        318          0          1
       330        100          0          1
       331        123          1          1
       332        159          0          1
       333         83          1          1
       334        311          0          1
       335         32          1          1
       336        338          0          1
       337        278          0          1
       338        146          0          1
       339        106          0          1
       340        350          0          1
       341         89          0          1
       342        165          0          1
       343        127          0          1
       344        172          1          1
       345         91          0          1
       346        128          0          1
       347         84          0          1
       348        173          1          1
       349        215          0          1
       350        288          0          1
       351        363          0          1
       352        175          1          1
       353         82          0          1
       354         10          1          1
       355         26          0          1
       356        316          1          1
       357        336          0          1
       358          9          1          1
       359        150          0          1
       360          2          1          1
       361        304          1          1
       362        136          0          1
       363        142          1          1
       364        188          0          1
       365         12          1          1
       366        223          0          1
       367        120          1          1
       368        155          0          1
       369        226          0          1
       370        323          0          1
       371         43          1          1
       372        270          0          1
       373        399          0          1
       374         66          0          1
       375        184          0          1
       376        330          0          1
       377        388          1          1
       378        345          0          1
       379        305          0          1
       380         70          0          1
       381        237          0          1
       382        279          1          1
       383        141          0          1
       384        303          1          1
       385        180          0          1
       386        241          0          1
       387        209          0          1
       388         16          1          1
       389        269          0          1
       390         29          1          1
       391          7          0          1
       392        169          1          1
       393        248          0          1
       394        340          1          1
       395        242          0          1
       396        196          1          1
       397        249          0          1
       398         37          0          1
       399         60          0          1
       400        343          1          1
               37399
configuration                   17                80000         2.0915732807672130E-01         2.9800000000000000E+02         1.0000000000000002E-01
         1        293          0          1
         2         50          0          1
         3        121          0          1
         4         75          0          1
         5        146          1          1
         6        294          0          1
         7          6          0          1
         8        117          0          1
         9         81          0          1
        10        198          0          1
        11        335          0          1
        12        241          0          1
        13         78          1          1
        14        230          0          1
        15        201          1          1
        16        315          0          1
        17        123          0          1
        18        259          0          1
        19        299          1          1
        20        139          0          1
        21        192          0          1
        22        317          1          1
        23        397          0          1
        24        366          0          1
        25         54          0          1
        26        267          1          1
        27         74          0          1
        28        389          0          1
        29        135          0          1
        30        231          1          1
        31         31          0          1
        32        380          1          1
        33        197          0          1
        34        187          0          1
        35         10          0          1
        36        162          1          1
        37        211          0          1
        38        234          1          1
        39        216          0          1
        40         98          0          1
        41        383          1          1
        42        265          0          1
        43         63          1          1
        44        292          0          1
        45        212          1          1
        46         83          0          1
        47        355          1          1
        48        386          0          1
        49        189          1          1
        50         52          0          1
        51        228          0          1
        52        110          0          1
        53         29          1          1
        54        274          0          1
        55        116          1          1
        56        190          0          1
        57        142          1          1
        58        205          0          1
        59         99          0          1
        60        126          0          1
        61        264          0          1
        62        363          1          1
        63        339          0          1
        64        393          0          1
        65        379          0          1
        66        132          0          1
        67         71          0          1
        68        145          1          1
        69        164          0          1
        70        322          1          1
        71        280          0          1
        72         51          1          1
        73         28          0          1
        74         35          1          1
        75        120          0          1
        76          1          1          1
        77         77          0          1
        78        113          0          1
        79         21          1          1
        80        277          0          1
        81        276          0          1
        82        382          0          1
        83        240          1          1
        84        271          0          1
        85         76          1          1
        86        140          0          1
        87        324          1          1
        88        300          0          1
        89        174          1          1
        90        359          0          1
        91        242          1          1
        92        200          0          1
        93        325          1          1
        94        392          0          1
        95         57          1          1
        96        166          0          1
        97        213          1          1
        98         87          0          1
        99        226          0          1
       100          2          1          1
       101        341          1          1
       102         44          0          1
       103        138          0          1
       104        137          0          1
       105        249          0          1
       106        350          1          1
       107        134          0          1
       108        227          1          1
       109        399          0          1
       110        151          1          1
       111        360          0          1
       112         53          1          1
       113        258          0          1
       114         58          0          1
       115         89          0          1
       116        160          1          1
       117        296          0          1
       118        143          0          1
       119        147          0          1
       120        172          0          1
       121         32          0          1
       122        173          0          1
       123        158          0          1
       124        233          0          1
       125        295          1          1
       126         38          0          1
       127        337          1          1
       128        107          0          1
       129        218          0          1
       130        346          0          1
       131        225          1          1
       132        323          0          1
       133        224          0          1
       134        148          1          1
       135        273          0          1
       136          9          0          1
       137        345          0          1
       138        167          1          1
       139        336          0          1
       140         39          1          1
       141        352          1          1
       142        206          0          1
       143        255          0          1
       144        131          1          1
       145         94          0          1
       146        362          1          1
       147        384          0          1
       148        128          1          1
       149        328          0          1
       150         37          1          1
       151        287          0          1
       152        262          1          1
       153        329          0          1
       154         42          0          1
       155         27          1          1
       156        398          0          1
       157        181          1          1
       158         33          0          1
       159        288          0          1
       160        371          0          1
       161        289          0          1
       162        156          0          1
       163        281          1          1
       164        301          0          1
       165        338          1          1
       166        115          0          1
       167         11          1          1
       168        149          0          1
       169         15          0          1
       170        184          0          1
       171        349          1          1
       172        256          0          1
       173        272          0          1
       174        136          0          1
       175        177          0          1
       176        202          1          1
       177        385          0          1
       178         72          1          1
       179        387          0          1
       180        244          1          1
       181        175          0          1
       182         25          1          1
       183        129          0          1
       184         49          1          1
       185        108          0          1
       186          3          1          1
       187        247          0          1
       188         95          1          1
       189        368          0          1
       190        238          1          1
       191        251          0          1
       192        179          0          1
       193        222          1          1
       194        304          0          1
       195          4          1          1
       196        312          0          1
       197        268          0          1
       198        185          0          1
       199         12          1          1
       200        150          0          1
       201         22          0          1
       202        180          0          1
       203        252          1          1
       204         41          0          1
       205         23          1          1
       206        159          0          1
       207        191          1          1
       208        144          0          1
       209         47          1          1
       210        254          0          1
       211        297          1          1
       212         13          0          1
       213        125          0          1
       214        263          1          1
       215        310          0          1
       216        118          1          1
       217        356          0          1
       218        236          1          1
       219         20          0          1
       220         82          0          1
       221         24          0          1
       222         48          1          1
       223         79          0          1
       224        278          1          1
       225        183          0          1
       226         70          1          1
       227        260          0          1
       228        348          1          1
       229        246          0          1
       230        133          1          1
       231        316          0          1
       232        253          0          1
       233        232          0          1
       234        358          0          1
       235        169          1          1
       236        320          0          1
       237        353          0          1
       238        204          0          1
       239        219          1          1
       240        400          1          1
       241        105          1          1
       242        220          0          1
       243         46          1          1
       244        163          0          1
       245        229          1          1
       246        391          0          1
       247        122          1          1
       248        193          0          1
       249         92          1          1
       250        119          0          1
       251        361          1          1
       252         67          0          1
       253        106          0          1
       254         56          1          1
       255        302          0          1
       256         80          1          1
       257         85          0          1
       258        344          1          1
       259        376          0          1
       260         93          0          1
       261         26          0          1
       262        141          1          1
       263        101          0          1
       264        365          1          1
       265        342          0          1
       266        314          1          1
       267        319          0          1
       268        168          1          1
       269         30          0          1
       270        364          1          1
       271        114          0          1
       272        330          1          1
       273        186          0          1
       274         34          0          1
       275        370          0          1
       276        308          0          1
       277        239          0          1
       278        237          0          1
       279        357          1          1
       280        245          0          1
       281        390          1          1
       282        307          0          1
       283        250          1          1
       284         90          0          1
       285         43          1          1
       286        378          0          1
       287        321          1          1
       288         64          0          1
       289        194          1          1
       290        306          0          1
       291         62          1          1
       292        305          0          1
       293        291          1          1
       294        199          0          1
       295        269          0          1
       296         61          1          1
       297        102          0          1
       298        377          1          1
       299        161          0          1
       300        221          0          1
       301        203          0          1
       302        243          1          1
       303         73          0          1
       304        388          1          1
       305         18          0          1
       306        279          1          1
       307        153          0          1
       308        154          0          1
       309        347          0          1
       310        214          1          1
       311        275          0          1
       312         55          1          1
       313         19          0          1
       314        343          1          1
       315         36          0          1
       316        103          0          1
       317        311          1          1
       318        217          0          1
       319        333          0          1
       320        257          0          1
       321        327          0          1
       322        303          0          1
       323         65          0          1
       324          5          0          1
       325         17          1          1
       326         16          0          1
       327        369          0          1
       328        210          0          1
       329        208          1          1
       330        298          0          1
       331        235          1          1
       332        266          0          1
       333        372          0          1
       334         86          0          1
       335        290          0          1
       336         45          1          1
       337        318          0          1
       338        104          1          1
       339         69          0          1
       340        367          1          1
       341        152          1          1
       342         60          0          1
       343        127          0          1
       344        130          1          1
       345        373          0          1
       346        375          0          1
       347         84          0          1
       348        396          1          1
       349        215          0          1
       350        381          1          1
       351        182          0          1
       352         96          0          1
       353         68          1          1
       354        282          0          1
       355         88          1          1
       356        195          0          1
       357         97          1          1
       358        170          0          1
       359        326          1          1
       360        207          0          1
       361        374          0          1
       362         91          1          1
       363        196          0          1
       364        171          0          1
       365         40          1          1
       366        223          0          1
       367        354          1          1
       368        155          0          1
       369        334          1          1
       370        313          0          1
       371        340          1          1
       372        331          0          1
       373        124          0          1
       374         66          0          1
       375        188          0          1
       376        178          0          1
       377        165          0          1
       378         14          0          1
       379        109          0          1
       380        283          1          1
       381        395          1          1
       382        112          0          1
       383        261          0          1
       384        285          0          1
       385        309          0          1
       386        332          1          1
       387        209          0          1
       388        176          0          1
       389        351          0          1
       390        284          0          1
       391          7          0          1
       392        111          0          1
       393        248          0          1
       394        394          1          1
       395        286          0          1
       396        100          1          1
       397         59          0          1
       398        270          1          1
       399        157          0          1
       400          8          0          1
               39892
configuration                   18                85000         2.2200915545041922E-01         2.9800000000000000E+02         1.3877787807814457E-17
         1        136          0          1
         2        383          0          1
         3         98          0          1
         4        364          1          1
         5        239          0          1
         6        229          0          1
         7        169          0          1
         8        181          0          1
         9        286          1          1
        10        209          0          1
        11        108          1          1
        12          9          0          1
        13         11          0          1
        14        321          0          1
        15        223          1          1
        16        262          0          1
        17         61          1          1
        18        109          0          1
        19        341          0          1
        20        135          1          1
        21        188          0          1
        22        180          1          1
        23        194          0          1
        24         59          0          1
        25        335          0          1
        26         91          1          1
        27         72          0          1
        28         19          1          1
        29        309          0          1
        30        287          1          1
        31        241          0          1
        32         42          0          1
        33         90          1          1
        34        304          0          1
        35        331          0          1
        36         96          0          1
        37         79          0          1
        38         40          1          1
        39         18          0          1
        40        106          0          1
        41         10          1          1
        42        121          0          1
        43        118          1          1
        44         34          0          1
        45        254          1          1
        46        125          0          1
        47         53          1          1
        48        352          0          1
        49        161          1          1
        50        186          0          1
        51        144          0          1
        52        272          0          1
        53         54          0          1
        54        400          1          1
        55        377          0          1
        56        348          1          1
        57        326          0          1
        58         31          0          1
        59        367          1          1
        60        227          0          1
        61        264          0          1
        62        302          1          1
        63         78          0          1
        64        174          1          1
        65        150          0          1
        66         52          0          1
        67         71          0          1
        68        315          0          1
        69        164          0          1
        70        137          1          1
        71        267          0          1
        72        325          1          1
        73        123          0          1
        74        301          0          1
        75        284          1          1
        76         43          0          1
        77        142          1          1
        78        139          0          1
        79        155          0          1
        80         44          1          1
        81        182          0          1
        82        273          0          1
        83         24          1          1
        84        115          0          1
        85        212          1          1
        86        332          0          1
        87         88          1          1
        88        300          0          1
        89        230          1          1
        90        359          0          1
        91        170          1          1
        92         37          0          1
        93        263          0          1
        94         48          1          1
        95         26          0          1
        96        111          1          1
        97         46          0          1
        98        320          0          1
        99        291          1          1
       100        279          0          1
       101         67          0          1
       102        295          1          1
       103        313          0          1
       104        163          1          1
       105        208          0          1
       106        176          1          1
       107        134          0          1
       108        345          0          1
       109        399          0          1
       110        258          1          1
       111         29          0          1
       112        381          0          1
       113        240          1          1
       114         47          0          1
       115        366          1          1
       116        141          0          1
       117        307          1          1
       118         74          0          1
       119        316          0          1
       120        275          1          1
       121        177          0          1
       122        173          0          1
       123        372          1          1
       124        233          0          1
       125         27          0          1
       126         38          0          1
       127        266          1          1
       128        107          0          1
       129         21          1          1
       130        346          0          1
       131        385          0          1
       132        147          1          1
       133        130          0          1
       134         16          0          1
       135          6          0          1
       136        219          1          1
       137        214          0          1
       138        283          1          1
       139        293          0          1
       140         75          0          1
       141         20          0          1
       142         13          1          1
       143         45          0          1
       144        334          1          1
       145         94          0          1
       146        259          1          1
       147        384          0          1
       148        203          0          1
       149        184          0          1
       150        337          1          1
       151        394          0          1
       152        179          0          1
       153        261          1          1
       154        127          0          1
       155         62          1          1
       156        305          0          1
       157        224          1          1
       158         33          0          1
       159        232          0          1
       160        256          0          1
       161        380          0          1
       162         58          0          1
       163        312          1          1
       164        190          0          1
       165        189          1          1
       166        175          0          1
       167         93          1          1
       168        290          0          1
       169        235          1          1
       170        228          0          1
       171         25          0          1
       172        110          1          1
       173        386          0          1
       174        274          1          1
       175        296          0          1
       176         14          1          1
       177          7          0          1
       178        236          0          1
       179        387          0          1
       180        363          0          1
       181        104          1          1
       182         82          0          1
       183        133          0          1
       184        105          0          1
       185        382          0          1
       186        395          0          1
       187        247          0          1
       188         41          1          1
       189        368          0          1
       190        388          1          1
       191         73          0          1
       192        375          0          1
       193        101          1          1
       194        225          0          1
       195        324          0          1
       196         84          0          1
       197         55          1          1
       198        185          0          1
       199        213          1          1
       200        210          0          1
       201        145          0          1
       202        226          1          1
       203        100          0          1
       204        379          1          1
       205        260          0          1
       206        168          1          1
       207        250          0          1
       208          2          0          1
       209         51          1          1
       210        339          0          1
       211        311          0          1
       212        329          1          1
       213        158          0          1
       214        113          1          1
       215        220          0          1
       216        183          0          1
       217        132          0          1
       218        323          1          1
       219         50          0          1
       220         32          1          1
       221        217          1          1
       222        362          0          1
       223        192          1          1
       224        148          0          1
       225        371          1          1
       226        340          0          1
       227        138          0          1
       228        160          0          1
       229        162          0          1
       230        297          0          1
       231        374          1          1
       232        171          0          1
       233        277          1          1
       234        343          0          1
       235        310          0          1
       236        117          0          1
       237        152          0          1
       238        351          0          1
       239        365          1          1
       240        116          0          1
       241        322          0          1
       242        166          1          1
       243        333          0          1
       244        328          1          1
       245        124          0          1
       246        248          1          1
       247        358          0          1
       248        146          1          1
       249         70          0          1
       250        298          1          1
       251        157          0          1
       252        191          1          1
       253        200          0          1
       254         66          1          1
       255         83          0          1
       256        349          0          1
       257         85          0          1
       258        361          1          1
       259         80          0          1
       260        336          1          1
       261        306          1          1
       262         60          0          1
       263        231          0          1
       264         56          0          1
       265        242          1          1
       266        396          0          1
       267        246          0          1
       268        342          0          1
       269        391          1          1
       270          3          0          1
       271        218          1          1
       272        354          0          1
       273        149          1          1
       274        392          0          1
       275        278          0          1
       276        308          0          1
       277         95          1          1
       278        237          0          1
       279        238          1          1
       280        245          0          1
       281        268          0          1
       282        202          1          1
       283        112          0          1
       284        355          1          1
       285        317          0          1
       286        280          0          1
       287        197          1          1
       288         77          0          1
       289        276          0          1
       290        265          0          1
       291        282          0          1
       292         63          1          1
       293        234          0          1
       294        244          0          1
       295        269          0          1
       296         35          1          1
       297        102          0          1
       298        330          1          1
       299        285          0          1
       300         36          1          1
       301        215          1          1
       302          5          0          1
       303         30          1          1
       304        281          0          1
       305        292          0          1
       306        314          1          1
       307        122          0          1
       308        270          0          1
       309        221          0          1
       310        303          1          1
       311         89          0          1
       312         92          0          1
       313        288          1          1
       314        206          0          1
       315        151          1          1
       316        103          0          1
       317        119          1          1
       318        294          0          1
       319          8          0          1
       320        257          0          1
       321        327          0          1
       322        126          1          1
       323        243          0          1
       324        154          0          1
       325        376          1          1
       326        159          0          1
       327         69          0          1
       328        198          0          1
       329        397          1          1
       330        211          0          1
       331        205          1          1
       332        369          0          1
       333         15          0          1
       334        319          0          1
       335        252          0          1
       336        357          1          1
       337        318          0          1
       338        373          0          1
       339        350          0          1
       340        289          1          1
       341        120          0          1
       342        199          0          1
       343          4          1          1
       344         99          0          1
       345        370          0          1
       346         86          0          1
       347         49          0          1
       348        271          1          1
       349        204          0          1
       350        140          1          1
       351        196          0          1
       352        390          0          1
       353        207          1          1
       354        114          0          1
       355        344          1          1
       356        195          0          1
       357        129          1          1
       358         39          0          1
       359        356          0          1
       360        360          0          1
       361        393          0          1
       362         76          0          1
       363         23          0          1
       364         64          1          1
       365         22          0          1
       366        389          0          1
       367        187          1          1
       368        347          0          1
       369         65          1          1
       370        253          0          1
       371        216          1          1
       372         87          0          1
       373        167          0          1
       374         12          0          1
       375        128          0          1
       376         57          0          1
       377        156          0          1
       378        338          1          1
       379         68          0          1
       380        222          1          1
       381         81          1          1
       382          1          0          1
       383         28          0          1
       384        178          0          1
       385        143          0          1
       386        172          0          1
       387        378          0          1
       388        201          1          1
       389        193          0          1
       390        165          1          1
       391        131          0          1
       392         17          1          1
       393        153          0          1
       394        249          1          1
       395         97          0          1
       396        398          1          1
       397        353          0          1
       398        251          0          1
       399        255          1          1
       400        299          0          1
               42392
configuration                   19                90000         2.3500056190996224E-01         2.9800000000000000E+02         1.0000000000000002E-01
         1          4          1          1
         2        130          0          1
         3         37          1          1
         4        157          0          1
         5        321          0          1
         6         16          0          1
         7        202          1          1
         8        176          0          1
         9        251          0          1
        10        189          0          1
        11        108          0          1
        12        147          0          1
        13        324          1          1
        14         92          0          1
        15        331          0          1
        16        284          0          1
        17         35          1          1
        18        341          0          1
        19          6          1          1
        20        334          0          1
        21        174          0          1
        22        398          1          1
        23        194          0          1
        24          7          0          1
        25          9          0          1
        26         13          1          1
        27        217          0          1
        28         44          0          1
        29         91          0          1
        30         78          1          1
        31         21          0          1
        32         40          1          1
        33        393          0          1
        34        318          0          1
        35         20          0          1
        36        332          1          1
        37        312          0          1
        38         94          0          1
        39        278          0          1
        40        138          1          1
        41        152          1          1
        42        172          0          1
        43         79          1          1
        44        218          0          1
        45         70          1          1
        46        297          0          1
        47        236          0          1
        48        376          0          1
        49        263          1          1
        50        262          0          1
        51          8          1          1
        52        396          0          1
        53         18          0          1
        54         98          0          1
        55        268          1          1
        56        166          0          1
        57        110          1          1
        58        266          0          1
        59         12          1          1
        60        245          0          1
        61         22          0          1
        62        288          1          1
        63          2          0          1
        64        351          1          1
        65        234          0          1
        66        292          1          1
        67         88          0          1
        68        270          1          1
        69         26          0          1
        70        215          1          1
        71         38          0          1
        72         39          1          1
        73        280          0          1
        74        368          0          1
        75        347          0          1
        76        116          1          1
        77         36          0          1
        78        208          1          1
        79        377          0          1
        80        319          1          1
        81        371          1          1
        82        361          0          1
        83        135          1          1
        84        115          0          1
        85        148          0          1
        86        168          0          1
        87        141          1          1
        88         89          0          1
        89        261          0          1
        90        359          0          1
        91        231          1          1
        92        151          0          1
        93        320          1          1
        94         83          0          1
        95        209          1          1
        96        243          0          1
        97        382          1          1
        98        323          0          1
        99        226          1          1
       100        180          0          1
       101        295          0          1
       102         84          0          1
       103        134          0          1
       104        150          0          1
       105        255          0          1
       106        177          1          1
       107        305          0          1
       108        211          1          1
       109        119          0          1
       110         59          1          1
       111         56          0          1
       112         82          1          1
       113         42          0          1
       114        264          0          1
       115        246          0          1
       116        291          1          1
       117         81          0          1
       118        316          0          1
       119         66          0          1
       120        207          0          1
       121        232          0          1
       122        161          1          1
       123        336          0          1
       124        249          0          1
       125        260          0          1
       126        306          0          1
       127        355          0          1
       128        333          0          1
       129         52          0          1
       130         32          0          1
       131        381          0          1
       132         31          0          1
       133         54          1          1
       134         33          0          1
       135        273          1          1
       136        314          0          1
       137        225          0          1
       138        183          0          1
       139         69          1          1
       140        303          0          1
       141        286          0          1
       142        142          0          1
       143        123          0          1
       144        210          1          1
       145        389          0          1
       146        192          1          1
       147         45          0          1
       148        104          0          1
       149         48          1          1
       150        277          0          1
       151        238          0          1
       152        132          0          1
       153        267          0          1
       154        125          1          1
       155        397          0          1
       156        354          1          1
       157        201          0          1
       158        167          1          1
       159        244          0          1
       160         63          1          1
       161        375          0          1
       162         27          1          1
       163         90          0          1
       164        385          0          1
       165        214          1          1
       166        175          0          1
       167        272          1          1
       168        300          0          1
       169        160          0          1
       170         73          1          1
       171         71          0          1
       172        337          1          1
       173        186          1          1
       174         14          0          1
       175          3          1          1
       176         67          0          1
       177        329          0          1
       178        388          0          1
       179        387          0          1
       180         65          0          1
       181         74          0          1
       182         19          0          1
       183        133          1          1
       184        379          0          1
       185        304          0          1
       186        384          0          1
       187        223          0          1
       188        229          1          1
       189        330          0          1
       190        230          0          1
       191        282          1          1
       192        188          0          1
       193        111          0          1
       194         57          1          1
       195         87          0          1
       196        313          1          1
       197        158          0          1
       198        113          0          1
       199        156          1          1
       200        325          0          1
       201        145          0          1
       202        198          1          1
       203        360          0          1
       204        317          0          1
       205        139          1          1
       206        328          0          1
       207        302          1          1
       208        170          0          1
       209        171          0          1
       210        191          1          1
       211        241          0          1
       212         41          1          1
       213        345          0          1
       214        358          0          1
       215        213          1          1
       216         72          0          1
       217        121          1          1
       218         50          0          1
       219        289          0          1
       220        129          0          1
       221         86          0          1
       222        362          0          1
       223        240          1          1
       224        390          0          1
       225        190          0          1
       226        322          1          1
       227        163          0          1
       228         96          1          1
       229        159          0          1
       230        315          0          1
       231        220          1          1
       232        205          0          1
       233        296          0          1
       234         34          1          1
       235         51          0          1
       236        206          0          1
       237         60          0          1
       238        343          0          1
       239        127          1          1
       240        299          0          1
       241        155          0          1
       242        349          1          1
       243        248          0          1
       244        356          0          1
       245        400          0          1
       246        109          0          1
       247        224          0          1
       248        391          0          1
       249        352          0          1
       250         46          1          1
       251         95          0          1
       252        101          1          1
       253        200          0          1
       254         53          0          1
       255        298          0          1
       256        281          1          1
       257         85          0          1
       258        120          1          1
       259        287          0          1
       260         64          0          1
       261        399          0          1
       262        293          0          1
       263        276          1          1
       264        301          0          1
       265        136          0          1
       266        187          1          1
       267        372          0          1
       268         99          0          1
       269        233          1          1
       270        327          0          1
       271        250          1          1
       272         23          0          1
       273         76          1          1
       274        274          0          1
       275        394          1          1
       276        308          0          1
       277        370          0          1
       278        237          0          1
       279        366          0          1
       280        279          1          1
       281        149          1          1
       282        118          0          1
       283        107          0          1
       284        105          0          1
       285        112          1          1
       286        256          0          1
       287        338          0          1
       288         62          1          1
       289        154          0          1
       290        392          0          1
       291          5          0          1
       292        197          0          1
       293        380          0          1
       294        184          0          1
       295        269          0          1
       296        196          1          1
       297        102          0          1
       298        386          1          1
       299        285          0          1
       300        335          0          1
       301         97          0          1
       302        227          1          1
       303        146          0          1
       304        228          1          1
       305        162          0          1
       306        199          0          1
       307         77          1          1
       308        242          0          1
       309        164          1          1
       310         80          0          1
       311        344          1          1
       312         24          0          1
       313        378          0          1
       314        169          1          1
       315         58          0          1
       316        103          0          1
       317        258          0          1
       318        294          0          1
       319        247          1          1
       320         55          0          1
       321         49          0          1
       322        216          0          1
       323        182          0          1
       324        309          0          1
       325        252          0          1
       326        259          1          1
       327        219          0          1
       328        143          0          1
       329         93          0          1
       330        173          0          1
       331        363          0          1
       332         75          1          1
       333        265          0          1
       334        106          0          1
       335        346          1          1
       336        165          0          1
       337         29          0          1
       338        185          0          1
       339        350          0          1
       340        239          1          1
       341        195          0          1
       342         61          1          1
       343        221          0          1
       344        124          0          1
       345        342          1          1
       346        290          0          1
       347        100          0          1
       348        126          1          1
       349         11          0          1
       350        204          0          1
       351        310          0          1
       352        128          0          1
       353        114          0          1
       354        203          0          1
       355        257          0          1
       356         10          1          1
       357        367          0          1
       358         28          1          1
       359        374          0          1
       360        395          0          1
       361        365          1          1
       362        326          0          1
       363         30          1          1
       364         17          0          1
       365        283          0          1
       366         68          0          1
       367        339          0          1
       368        181          0          1
       369        311          1          1
       370        253          0          1
       371         43          0          1
       372        348          0          1
       373         25          0          1
       374        235          1          1
       375        254          0          1
       376        373          0          1
       377        137          0          1
       378        364          0          1
       379        340          1          1
       380          1          0          1
       381        275          0          1
       382         15          1          1
       383        357          0          1
       384        222          1          1
       385        144          0          1
       386         47          1          1
       387        122          0          1
       388        117          1          1
       389        193          0          1
       390        212          1          1
       391        131          0          1
       392        271          1          1
       393        153          0          1
       394        383          0          1
       395        307          1          1
       396        369          0          1
       397        353          0          1
       398        140          1          1
       399        179          0          1
       400        178          1          1
               44895
configuration                   20                95000         2.4817687587717890E-01         2.9800000000000000E+02         1.3877787807814457E-17
         1        151          0          1
         2        284          1          1
         3        174          0          1
         4        140          0          1
         5        105          0          1
         6        373          0          1
         7         15          0          1
         8        322          0          1
         9        376          1          1
        10         89          0          1
        11         19          0          1
        12        276          0          1
        13        109          0          1
        14        277          1          1
        15        398          0          1
        16        384          1          1
        17        341          0          1
        18        136          1          1
        19        112          0          1
        20         65          0          1
        21        281          0          1
        22         11          0          1
        23        325          1          1
        24         26          0          1
        25        320          1          1
        26          9          0          1
        27        246          0          1
        28         23          0          1
        29         91          0          1
        30        347          1          1
        31        397          0          1
        32        339          0          1
        33        316          1          1
        34        198          0          1
        35        186          1          1
        36        204          0          1
        37        286          1          1
        38        360          0          1
        39        283          0          1
        40        352          0          1
        41        378          0          1
        42        172          0          1
        43        231          0          1
        44         82          1          1
        45         34          0          1
        46        262          1          1
        47         35          0          1
        48        268          1          1
        49        334          0          1
        50         60          0          1
        51        211          0          1
        52        129          0          1
        53         69          0          1
        54        131          1          1
        55        275          0          1
        56        191          1          1
        57         74          0          1
        58        266          0          1
        59        363          0          1
        60        159          1          1
        61        386          0          1
        62         57          1          1
        63        372          0          1
        64         45          0          1
        65        207          1          1
        66        227          0          1
        67        388          0          1
        68        233          0          1
        69        223          1          1
        70         46          0          1
        71        155          1          1
        72        187          0          1
        73        150          0          1
        74        310          0          1
        75        200          1          1
        76        165          0          1
        77         36          0          1
        78        138          1          1
        79        377          0          1
        80        327          0          1
        81        367          1          1
        82        361          0          1
        83        235          1          1
        84        115          0          1
        85        166          0          1
        86        179          0          1
        87        282          1          1
        88        228          0          1
        89        201          0          1
        90         51          0          1
        91         98          0          1
        92        392          1          1
        93         75          0          1
        94        196          1          1
        95        257          0          1
        96        307          1          1
        97          3          0          1
        98        216          0          1
        99        265          0          1
       100        180          0          1
       101         76          0          1
       102        240          1          1
       103        134          0          1
       104         33          0          1
       105        255          0          1
       106        221          1          1
       107         87          0          1
       108        128          0          1
       109        224          0          1
       110        304          0          1
       111         54          1          1
       112        290          0          1
       113        230          1          1
       114          5          0          1
       115        245          1          1
       116        296          0          1
       117        117          0          1
       118        108          1          1
       119        145          0          1
       120        309          1          1
       121        338          1          1
       122        344          0          1
       123         20          0          1
       124        249          0          1
       125        111          0          1
       126        306          0          1
       127         40          1          1
       128        195          0          1
       129         71          1          1
       130         43          0          1
       131        212          0          1
       132         14          0          1
       133        237          0          1
       134        152          1          1
       135        149          0          1
       136        314          1          1
       137        278          0          1
       138        253          0          1
       139        238          1          1
       140        263          0          1
       141        312          0          1
       142        247          1          1
       143        123          0          1
       144        319          1          1
       145        389          0          1
       146        390          1          1
       147        261          0          1
       148        305          1          1
       149        214          0          1
       150         56          1          1
       151        110          0          1
       152         27          1          1
       153        122          0          1
       154        288          0          1
       155        171          1          1
       156        160          0          1
       157        168          1          1
       158         83          0          1
       159        106          0          1
       160        351          1          1
       161         10          0          1
       162        250          0          1
       163        291          1          1
       164         67          0          1
       165        132          0          1
       166        206          0          1
       167        365          1          1
       168        116          0          1
       169         77          0          1
       170         88          0          1
       171        158          1          1
       172         55          0          1
       173        208          0          1
       174        192          1          1
       175         66          0          1
       176        348          1          1
       177        252          0          1
       178         92          1          1
       179         84          0          1
       180        374          0          1
       181        357          0          1
       182        163          0          1
       183        375          0          1
       184        219          0          1
       185        269          1          1
       186         53          0          1
       187        220          0          1
       188        169          0          1
       189         94          1          1
       190        126          0          1
       191        164          0          1
       192        336          0          1
       193          2          1          1
       194         81          0          1
       195         22          1          1
       196        143          0          1
       197        215          1          1
       198         13          0          1
       199        194          1          1
       200         93          0          1
       201        317          0          1
       202        241          1          1
       203        345          0          1
       204        356          1          1
       205        173          0          1
       206        395          0          1
       207         99          1          1
       208        313          0          1
       209        303          0          1
       210        213          1          1
       211        280          0          1
       212         39          1          1
       213        229          0          1
       214        323          1          1
       215        157          0          1
       216        205          0          1
       217        141          0          1
       218        167          1          1
       219         50          0          1
       220        154          0          1
       221        188          0          1
       222        236          0          1
       223        175          1          1
       224        103          0          1
       225        104          1          1
       226        177          0          1
       227          8          0          1
       228        381          1          1
       229        294          0          1
       230          4          0          1
       231        189          1          1
       232        226          0          1
       233        292          1          1
       234         86          0          1
       235        289          1          1
       236        239          0          1
       237        349          0          1
       238         90          0          1
       239        326          0          1
       240        232          0          1
       241         63          0          1
       242        217          0          1
       243         97          0          1
       244         58          0          1
       245        254          0          1
       246        260          0          1
       247        337          0          1
       248         17          0          1
       249        101          0          1
       250        244          1          1
       251         12          0          1
       252        355          1          1
       253        362          0          1
       254        142          1          1
       255        298          0          1
       256        300          0          1
       257         28          0          1
       258        121          0          1
       259        385          1          1
       260        161          0          1
       261        364          0          1
       262        139          0          1
       263        144          1          1
       264        368          0          1
       265        346          1          1
       266        335          0          1
       267        383          0          1
       268        199          0          1
       269        118          1          1
       270        148          0          1
       271        222          1          1
       272        399          0          1
       273         52          0          1
       274        331          0          1
       275        130          1          1
       276        308          0          1
       277        100          1          1
       278        382          0          1
       279        203          0          1
       280         24          1          1
       281         30          1          1
       282         44          0          1
       283        393          0          1
       284         78          1          1
       285        271          0          1
       286        176          1          1
       287        124          0          1
       288         70          1          1
       289        153          0          1
       290        210          1          1
       291         18          0          1
       292         68          1          1
       293        251          0          1
       294         31          0          1
       295        127          0          1
       296        133          1          1
       297        120          0          1
       298          7          1          1
       299        193          0          1
       300         61          0          1
       301         64          0          1
       302         73          1          1
       303        182          0          1
       304        184          0          1
       305        114          1          1
       306        371          0          1
       307        190          0          1
       308        358          0          1
       309        295          1          1
       310        264          0          1
       311        146          0          1
       312        324          0          1
       313        321          0          1
       314        137          0          1
       315        400          0          1
       316        328          0          1
       317        302          1          1
       318         25          0          1
       319        391          1          1
       320        394          0          1
       321         49          0          1
       322        119          0          1
       323        125          0          1
       324        287          1          1
       325        301          0          1
       326        248          1          1
       327         95          0          1
       328        340          0          1
       329          1          0          1
       330         41          0          1
       331        350          1          1
       332        274          0          1
       333         42          0          1
       334         47          1          1
       335        156          0          1
       336        267          1          1
       337        273          0          1
       338        279          1          1
       339         85          0          1
       340        379          0          1
       341        259          1          1
       342        272          0          1
       343        202          1          1
       344        242          0          1
       345        243          0          1
       346        225          0          1
       347        318          0          1
       348        343          1          1
       349        209          0          1
       350         38          1          1
       351        299          0          1
       352        359          0          1
       353        170          0          1
       354        102          0          1
       355        369          1          1
       356         59          0          1
       357         72          1          1
       358        293          0          1
       359        285          1          1
       360         16          0          1
       361        258          0          1
       362        330          1          1
       363        333          0          1
       364        178          0          1
       365        183          1          1
       366        315          0          1
       367        147          1          1
       368         32          0          1
       369        107          1          1
       370        135          0          1
       371         21          0          1
       372        297          1          1
       373        185          0          1
       374         37          1          1
       375        353          0          1
       376        354          1          1
       377         79          0          1
       378         80          1          1
       379         62          0          1
       380        311          1          1
       381        270          0          1
       382         29          0          1
       383        342          1          1
       384        332          0          1
       385        396          0          1
       386          6          1          1
       387        162          0          1
       388        218          1          1
       389        387          0          1
       390        256          0          1
       391        366          1          1
       392        181          0          1
       393        329          1          1
       394        197          0          1
       395         96          1          1
       396        234          0          1
       397         48          0          1
       398        380          0          1
       399        113          0          1
       400        370          0          1
               47391
