Gas_Species:          H2
Surface_Species:      H*
Simulation_Box:         
           5.5500000000000000E+001           0.0000000000000000E+000
           0.0000000000000000E+000           5.5500000000000000E+001
Site_Types:           StTp1
configuration                    1                    0         0.0000000000000000E+00         2.9800000000000000E+02         0.0000000000000000E+00
         1          1          0          1
         2          2          0          1
         3          3          0          1
         4          4          0          1
         5          5          0          1
         6          6          0          1
         7          7          0          1
         8          8          0          1
         9          9          0          1
        10         10          0          1
        11         11          0          1
        12         12          0          1
        13         13          0          1
        14         14          0          1
        15         15          0          1
        16         16          0          1
        17         17          0          1
        18         18          0          1
        19         19          0          1
        20         20          0          1
        21         21          0          1
        22         22          0          1
        23         23          0          1
        24         24          0          1
        25         25          0          1
        26         26          0          1
        27         27          0          1
        28         28          0          1
        29         29          0          1
        30         30          0          1
        31         31          0          1
        32         32          0          1
        33         33          0          1
        34         34          0          1
        35         35          0          1
        36         36          0          1
        37         37          0          1
        38         38          0          1
        39         39          0          1
        40         40          0          1
        41         41          0          1
        42         42          0          1
        43         43          0          1
        44         44          0          1
        45         45          0          1
        46         46          0          1
        47         47          0          1
        48         48          0          1
        49         49          0          1
        50         50          0          1
        51         51          0          1
        52         52          0          1
        53         53          0          1
        54         54          0          1
        55         55          0          1
        56         56          0          1
        57         57          0          1
        58         58          0          1
        59         59          0          1
        60         60          0          1
        61         61          0          1
        62         62          0          1
        63         63          0          1
        64         64          0          1
        65         65          0          1
        66         66          0          1
        67         67          0          1
        68         68          0          1
        69         69          0          1
        70         70          0          1
        71         71          0          1
        72         72          0          1
        73         73          0          1
        74         74          0          1
        75         75          0          1
        76         76          0          1
        77         77          0          1
        78         78          0          1
        79         79          0          1
        80         80          0          1
        81         81          0          1
        82         82          0          1
        83         83          0          1
        84         84          0          1
        85         85          0          1
        86         86          0          1
        87         87          0          1
        88         88          0          1
        89         89          0          1
        90         90          0          1
        91         91          0          1
        92         92          0          1
        93         93          0          1
        94         94          0          1
        95         95          0          1
        96         96          0          1
        97         97          0          1
        98         98          0          1
        99         99          0          1
       100        100          0          1
       101        101          0          1
       102        102          0          1
       103        103          0          1
       104        104          0          1
       105        105          0          1
       106        106          0          1
       107        107          0          1
       108        108          0          1
       109        109          0          1
       110        110          0          1
       111        111          0          1
       112        112          0          1
       113        113          0          1
       114        114          0          1
       115        115          0          1
       116        116          0          1
       117        117          0          1
       118        118          0          1
       119        119          0          1
       120        120          0          1
       121        121          0          1
       122        122          0          1
       123        123          0          1
       124        124          0          1
       125        125          0          1
       126        126          0          1
       127        127          0          1
       128        128          0          1
       129        129          0          1
       130        130          0          1
       131        131          0          1
       132        132          0          1
       133        133          0          1
       134        134          0          1
       135        135          0          1
       136        136          0          1
       137        137          0          1
       138        138          0          1
       139        139          0          1
       140        140          0          1
       141        141          0          1
       142        142          0          1
       143        143          0          1
       144        144          0          1
       145        145          0          1
       146        146          0          1
       147        147          0          1
       148        148          0          1
       149        149          0          1
       150        150          0          1
       151        151          0          1
       152        152          0          1
       153        153          0          1
       154        154          0          1
       155        155          0          1
       156        156          0          1
       157        157          0          1
       158        158          0          1
       159        159          0          1
       160        160          0          1
       161        161          0          1
       162        162          0          1
       163        163          0          1
       164        164          0          1
       165        165          0          1
       166        166          0          1
       167        167          0          1
       168        168          0          1
       169        169          0          1
       170        170          0          1
       171        171          0          1
       172        172          0          1
       173        173          0          1
       174        174          0          1
       175        175          0          1
       176        176          0          1
       177        177          0          1
       178        178          0          1
       179        179          0          1
       180        180          0          1
       181        181          0          1
       182        182          0          1
       183        183          0          1
       184        184          0          1
       185        185          0          1
       186        186          0          1
       187        187          0          1
       188        188          0          1
       189        189          0          1
       190        190          0          1
       191        191          0          1
       192        192          0          1
       193        193          0          1
       194        194          0          1
       195        195          0          1
       196        196          0          1
       197        197          0          1
       198        198          0          1
       199        199          0          1
       200        200          0          1
       201        201          0          1
       202        202          0          1
       203        203          0          1
       204        204          0          1
       205        205          0          1
       206        206          0          1
       207        207          0          1
       208        208          0          1
       209        209          0          1
       210        210          0          1
       211        211          0          1
       212        212          0          1
       213        213          0          1
       214        214          0          1
       215        215          0          1
       216        216          0          1
       217        217          0          1
       218        218          0          1
       219        219          0          1
       220        220          0          1
       221        221          0          1
       222        222          0          1
       223        223          0          1
       224        224          0          1
       225        225          0          1
       226        226          0          1
       227        227          0          1
       228        228          0          1
       229        229          0          1
       230        230          0          1
       231        231          0          1
       232        232          0          1
       233        233          0          1
       234        234          0          1
       235        235          0          1
       236        236          0          1
       237        237          0          1
       238        238          0          1
       239        239          0          1
       240        240          0          1
       241        241          0          1
       242        242          0          1
       243        243          0          1
       244        244          0          1
       245        245          0          1
       246        246          0          1
       247        247          0          1
       248        248          0          1
       249        249          0          1
       250        250          0          1
       251        251          0          1
       252        252          0          1
       253        253          0          1
       254        254          0          1
       255        255          0          1
       256        256          0          1
       257        257          0          1
       258        258          0          1
       259        259          0          1
       260        260          0          1
       261        261          0          1
       262        262          0          1
       263        263          0          1
       264        264          0          1
       265        265          0          1
       266        266          0          1
       267        267          0          1
       268        268          0          1
       269        269          0          1
       270        270          0          1
       271        271          0          1
       272        272          0          1
       273        273          0          1
       274        274          0          1
       275        275          0          1
       276        276          0          1
       277        277          0          1
       278        278          0          1
       279        279          0          1
       280        280          0          1
       281        281          0          1
       282        282          0          1
       283        283          0          1
       284        284          0          1
       285        285          0          1
       286        286          0          1
       287        287          0          1
       288        288          0          1
       289        289          0          1
       290        290          0          1
       291        291          0          1
       292        292          0          1
       293        293          0          1
       294        294          0          1
       295        295          0          1
       296        296          0          1
       297        297          0          1
       298        298          0          1
       299        299          0          1
       300        300          0          1
       301        301          0          1
       302        302          0          1
       303        303          0          1
       304        304          0          1
       305        305          0          1
       306        306          0          1
       307        307          0          1
       308        308          0          1
       309        309          0          1
       310        310          0          1
       311        311          0          1
       312        312          0          1
       313        313          0          1
       314        314          0          1
       315        315          0          1
       316        316          0          1
       317        317          0          1
       318        318          0          1
       319        319          0          1
       320        320          0          1
       321        321          0          1
       322        322          0          1
       323        323          0          1
       324        324          0          1
       325        325          0          1
       326        326          0          1
       327        327          0          1
       328        328          0          1
       329        329          0          1
       330        330          0          1
       331        331          0          1
       332        332          0          1
       333        333          0          1
       334        334          0          1
       335        335          0          1
       336        336          0          1
       337        337          0          1
       338        338          0          1
       339        339          0          1
       340        340          0          1
       341        341          0          1
       342        342          0          1
       343        343          0          1
       344        344          0          1
       345        345          0          1
       346        346          0          1
       347        347          0          1
       348        348          0          1
       349        349          0          1
       350        350          0          1
       351        351          0          1
       352        352          0          1
       353        353          0          1
       354        354          0          1
       355        355          0          1
       356        356          0          1
       357        357          0          1
       358        358          0          1
       359        359          0          1
       360        360          0          1
       361        361          0          1
       362        362          0          1
       363        363          0          1
       364        364          0          1
       365        365          0          1
       366        366          0          1
       367        367          0          1
       368        368          0          1
       369        369          0          1
       370        370          0          1
       371        371          0          1
       372        372          0          1
       373        373          0          1
       374        374          0          1
       375        375          0          1
       376        376          0          1
       377        377          0          1
       378        378          0          1
       379        379          0          1
       380        380          0          1
       381        381          0          1
       382        382          0          1
       383        383          0          1
       384        384          0          1
       385        385          0          1
       386        386          0          1
       387        387          0          1
       388        388          0          1
       389        389          0          1
       390        390          0          1
       391        391          0          1
       392        392          0          1
       393        393          0          1
       394        394          0          1
       395        395          0          1
       396        396          0          1
       397        397          0          1
       398        398          0          1
       399        399          0          1
       400        400          0          1
                   0
configuration                    2                 5000         2.5892830319076759E-04         2.9800000000000000E+02         1.3877787807814457E-17
         1        253          0          1
         2        240          0          1
         3        193          1          1
         4         37          0          1
         5        293          1          1
         6        247          0          1
         7        327          1          1
         8        254          0          1
         9        133          0          1
        10        281          1          1
        11        207          0          1
        12        235          1          1
        13        205          0          1
        14        258          0          1
        15        383          0          1
        16        109          0          1
        17         16          0          1
        18         15          1          1
        19        393          0          1
        20         92          1          1
        21        300          0          1
        22        311          1          1
        23        149          0          1
        24        257          0          1
        25        256          0          1
        26        153          1          1
        27        346          0          1
        28         20          1          1
        29        344          0          1
        30        329          0          1
        31        362          0          1
        32        296          0          1
        33        173          1          1
        34        230          0          1
        35        318          0          1
        36        358          0          1
        37        120          0          1
        38        188          0          1
        39        309          1          1
        40        332          0          1
        41         32          0          1
        42         42          0          1
        43        295          0          1
        44        110          0          1
        45        115          1          1
        46         23          0          1
        47        103          1          1
        48        182          0          1
        49        370          0          1
        50        273          0          1
        51        132          0          1
        52        286          1          1
        53         53          0          1
        54          5          1          1
        55         55          0          1
        56         56          1          1
        57         57          0          1
        58        210          1          1
        59        314          0          1
        60        335          0          1
        61        248          0          1
        62        208          0          1
        63         94          1          1
        64          2          0          1
        65         65          0          1
        66        251          1          1
        67          6          0          1
        68         60          1          1
        69        106          0          1
        70        154          0          1
        71         88          1          1
        72        177          0          1
        73        372          0          1
        74        186          0          1
        75        260          1          1
        76         47          0          1
        77         85          1          1
        78        392          0          1
        79        243          1          1
        80         46          0          1
        81        284          1          1
        82        259          0          1
        83        167          0          1
        84         84          0          1
        85         25          0          1
        86        105          0          1
        87        152          1          1
        88        128          0          1
        89        391          0          1
        90        228          0          1
        91         91          0          1
        92        386          1          1
        93        298          0          1
        94        292          1          1
        95        366          0          1
        96        270          0          1
        97        211          0          1
        98         74          1          1
        99        380          0          1
       100        357          0          1
       101        399          0          1
       102         64          1          1
       103        234          0          1
       104        320          1          1
       105        325          0          1
       106        246          1          1
       107        165          0          1
       108        239          1          1
       109        282          0          1
       110        252          0          1
       111         28          0          1
       112        112          0          1
       113        319          1          1
       114        114          0          1
       115        162          1          1
       116        375          0          1
       117        361          1          1
       118        233          0          1
       119        102          0          1
       120        301          0          1
       121        396          0          1
       122        122          0          1
       123        200          0          1
       124         71          0          1
       125        127          1          1
       126         97          0          1
       127         59          1          1
       128        338          0          1
       129        355          1          1
       130        297          0          1
       131        113          1          1
       132        138          0          1
       133        289          0          1
       134        317          1          1
       135         70          0          1
       136        217          1          1
       137        175          0          1
       138         21          1          1
       139        354          0          1
       140        262          1          1
       141         76          0          1
       142        126          0          1
       143        244          0          1
       144        121          0          1
       145        213          0          1
       146         43          1          1
       147        147          0          1
       148         48          1          1
       149        245          0          1
       150        223          1          1
       151        397          0          1
       152        330          1          1
       153        195          0          1
       154          4          0          1
       155        218          1          1
       156        241          0          1
       157        185          1          1
       158         36          0          1
       159        280          0          1
       160        137          0          1
       161        219          0          1
       162        331          1          1
       163        178          0          1
       164        130          1          1
       165        316          0          1
       166        308          0          1
       167        345          1          1
       168        363          0          1
       169         63          1          1
       170        136          0          1
       171        294          1          1
       172        368          0          1
       173          7          0          1
       174         93          0          1
       175         72          0          1
       176        184          1          1
       177        274          0          1
       178        394          1          1
       179        221          0          1
       180        352          1          1
       181        384          1          1
       182        398          0          1
       183        145          1          1
       184        169          0          1
       185        336          0          1
       186         35          1          1
       187        187          0          1
       188        343          1          1
       189        302          0          1
       190        163          1          1
       191        151          0          1
       192        131          1          1
       193        143          0          1
       194        179          0          1
       195        291          1          1
       196        236          0          1
       197         73          1          1
       198        202          0          1
       199        390          1          1
       200         30          0          1
       201        278          0          1
       202        389          1          1
       203        119          0          1
       204        155          1          1
       205        255          0          1
       206        209          0          1
       207        204          1          1
       208        150          0          1
       209         77          1          1
       210         69          0          1
       211        334          0          1
       212        212          0          1
       213        226          0          1
       214        269          0          1
       215        216          0          1
       216        171          1          1
       217        328          0          1
       218        373          0          1
       219        395          0          1
       220        157          1          1
       221         45          1          1
       222         31          0          1
       223        198          0          1
       224        272          0          1
       225        369          0          1
       226        378          1          1
       227         99          0          1
       228        166          1          1
       229        365          0          1
       230          9          1          1
       231        227          0          1
       232        351          1          1
       233         18          0          1
       234        339          0          1
       235        220          0          1
       236        288          0          1
       237        324          0          1
       238        146          0          1
       239        341          0          1
       240        108          0          1
       241         67          0          1
       242        315          0          1
       243        356          1          1
       244        117          0          1
       245        125          1          1
       246        116          0          1
       247        183          1          1
       248        349          0          1
       249        381          1          1
       250        215          0          1
       251        107          1          1
       252         24          0          1
       253        342          1          1
       254         12          0          1
       255        118          1          1
       256        266          0          1
       257         27          1          1
       258         82          0          1
       259         80          0          1
       260        268          1          1
       261        249          1          1
       262         51          0          1
       263         62          0          1
       264         49          1          1
       265         19          0          1
       266        144          1          1
       267        304          0          1
       268        174          0          1
       269         17          0          1
       270        196          0          1
       271        231          0          1
       272        160          0          1
       273        299          0          1
       274        271          1          1
       275          3          0          1
       276        261          1          1
       277        277          0          1
       278        197          0          1
       279        321          1          1
       280        229          0          1
       281        232          0          1
       282        142          1          1
       283        101          0          1
       284         14          0          1
       285        237          0          1
       286        285          0          1
       287        385          1          1
       288         52          0          1
       289        376          0          1
       290          1          0          1
       291        265          0          1
       292        333          0          1
       293        242          1          1
       294        135          0          1
       295        180          0          1
       296         81          0          1
       297        374          0          1
       298        322          0          1
       299        367          0          1
       300        279          0          1
       301         86          0          1
       302        214          0          1
       303        203          0          1
       304         44          1          1
       305        189          0          1
       306        310          1          1
       307        267          0          1
       308        313          1          1
       309        201          0          1
       310        129          1          1
       311         98          0          1
       312        156          1          1
       313        206          0          1
       314        159          1          1
       315        161          0          1
       316        337          0          1
       317        290          0          1
       318        181          1          1
       319        379          0          1
       320         40          1          1
       321         39          1          1
       322        382          0          1
       323        124          0          1
       324        388          0          1
       325        170          0          1
       326        326          0          1
       327         96          1          1
       328         68          0          1
       329        275          1          1
       330        191          0          1
       331         33          1          1
       332         38          0          1
       333        371          1          1
       334        303          0          1
       335        377          1          1
       336        340          0          1
       337        283          1          1
       338         66          0          1
       339        104          1          1
       340        164          0          1
       341         61          0          1
       342         54          0          1
       343        276          0          1
       344        264          0          1
       345         58          0          1
       346         10          1          1
       347        347          0          1
       348        172          0          1
       349        199          0          1
       350        123          1          1
       351         83          0          1
       352         34          0          1
       353        353          0          1
       354        134          1          1
       355        111          0          1
       356         78          1          1
       357        141          0          1
       358        140          0          1
       359        387          0          1
       360        168          1          1
       361        305          0          1
       362        312          0          1
       363        190          1          1
       364        364          0          1
       365         41          1          1
       366        307          0          1
       367         50          1          1
       368         26          0          1
       369         13          0          1
       370        194          0          1
       371        250          1          1
       372        139          0          1
       373        400          1          1
       374         89          0          1
       375        192          0          1
       376        360          0          1
       377        222          1          1
       378        224          0          1
       379         87          1          1
       380         79          0          1
       381         75          0          1
       382        148          1          1
       383          8          0          1
       384        158          1          1
       385        348          0          1
       386        100          1          1
       387         11          0          1
       388         90          0          1
       389         95          1          1
       390        350          0          1
       391        176          0          1
       392        306          0          1
       393        263          0          1
       394         22          1          1
       395        238          0          1
       396        359          0          1
       397        323          0          1
       398        287          0          1
       399         29          0          1
       400        225          0          1
                2435
configuration                    3                10000         5.2501803513135120E-04         2.9800000000000000E+02         1.0000000000000002E-01
         1        110          0          1
         2        377          1          1
         3        349          0          1
         4        392          0          1
         5         58          0          1
         6        204          1          1
         7        170          0          1
         8        336          1          1
         9         53          0          1
        10        247          1          1
        11        373          0          1
        12         87          0          1
        13        159          1          1
        14          7          0          1
        15        312          0          1
        16          8          0          1
        17         25          1          1
        18         34          1          1
        19        393          0          1
        20        351          1          1
        21        134          1          1
        22        160          0          1
        23        178          0          1
        24        395          1          1
        25        256          0          1
        26        210          0          1
        27        346          0          1
        28        384          0          1
        29         37          1          1
        30        383          0          1
        31        124          0          1
        32         55          1          1
        33        291          0          1
        34        144          1          1
        35        168          0          1
        36        180          1          1
        37        127          0          1
        38        188          0          1
        39         62          1          1
        40        332          0          1
        41         32          0          1
        42        306          0          1
        43        198          1          1
        44        250          0          1
        45         64          1          1
        46        335          0          1
        47        163          1          1
        48        230          0          1
        49        132          0          1
        50         59          1          1
        51        211          0          1
        52        112          0          1
        53        305          1          1
        54         86          0          1
        55        143          1          1
        56         31          0          1
        57        372          0          1
        58        194          1          1
        59        314          0          1
        60        105          0          1
        61        200          0          1
        62        130          1          1
        63        120          0          1
        64        382          1          1
        65        122          0          1
        66        328          1          1
        67          6          0          1
        68        364          0          1
        69        145          0          1
        70        139          0          1
        71        367          0          1
        72         35          1          1
        73        260          0          1
        74        282          1          1
        75        140          0          1
        76        391          1          1
        77        109          0          1
        78         57          0          1
        79        385          0          1
        80        222          1          1
        81         15          0          1
        82        224          0          1
        83         65          1          1
        84        158          0          1
        85        290          0          1
        86        104          0          1
        87        115          1          1
        88        128          0          1
        89        202          1          1
        90        386          0          1
        91         17          0          1
        92        193          0          1
        93        281          1          1
        94        243          0          1
        95        167          1          1
        96        310          0          1
        97        114          0          1
        98        266          1          1
        99        380          0          1
       100        165          0          1
       101        340          1          1
       102        258          0          1
       103        116          0          1
       104        255          1          1
       105        325          0          1
       106        321          0          1
       107        131          0          1
       108        214          1          1
       109         28          0          1
       110          5          1          1
       111        147          0          1
       112        355          0          1
       113        344          0          1
       114        277          0          1
       115        368          0          1
       116        396          0          1
       117        172          1          1
       118        233          0          1
       119        182          1          1
       120        301          0          1
       121        176          0          1
       122         22          0          1
       123        398          1          1
       124         71          0          1
       125        242          0          1
       126         97          0          1
       127        311          1          1
       128        338          0          1
       129        271          1          1
       130        297          0          1
       131         40          1          1
       132        246          0          1
       133        375          1          1
       134         84          0          1
       135        350          0          1
       136        286          1          1
       137        101          0          1
       138        252          0          1
       139        354          0          1
       140        225          1          1
       141        189          1          1
       142        289          0          1
       143        244          0          1
       144        303          1          1
       145        213          0          1
       146        304          1          1
       147        133          0          1
       148        228          1          1
       149        360          0          1
       150        352          1          1
       151        397          0          1
       152        149          1          1
       153          3          0          1
       154        294          0          1
       155         45          0          1
       156        381          0          1
       157        205          0          1
       158         13          1          1
       159        389          0          1
       160        137          0          1
       161         77          0          1
       162        207          0          1
       163        190          1          1
       164        125          0          1
       165        117          0          1
       166        284          0          1
       167        181          1          1
       168        363          0          1
       169        113          1          1
       170        136          0          1
       171        292          1          1
       172        251          0          1
       173        215          1          1
       174        135          0          1
       175        263          0          1
       176         50          0          1
       177        108          1          1
       178         43          0          1
       179        388          1          1
       180         49          0          1
       181         92          0          1
       182        357          1          1
       183         85          0          1
       184         18          1          1
       185         16          0          1
       186        394          1          1
       187        268          0          1
       188        154          1          1
       189        302          0          1
       190        390          1          1
       191        151          0          1
       192        119          1          1
       193        209          0          1
       194        141          1          1
       195        219          0          1
       196         69          1          1
       197         90          0          1
       198          9          1          1
       199         67          0          1
       200        192          1          1
       201        278          0          1
       202        337          0          1
       203        138          1          1
       204        107          0          1
       205         80          1          1
       206        183          0          1
       207        177          0          1
       208        150          0          1
       209          2          1          1
       210        148          0          1
       211        220          1          1
       212         61          0          1
       213        196          1          1
       214         75          0          1
       215        316          1          1
       216        279          0          1
       217         91          1          1
       218        169          0          1
       219         81          1          1
       220        308          0          1
       221        362          1          1
       222        146          0          1
       223        319          0          1
       224         66          1          1
       225         89          0          1
       226        248          0          1
       227        217          0          1
       228        123          1          1
       229        365          0          1
       230        341          1          1
       231        275          0          1
       232         41          1          1
       233        342          0          1
       234        322          1          1
       235         10          0          1
       236         48          1          1
       237        229          0          1
       238        376          1          1
       239         20          0          1
       240        187          0          1
       241        186          0          1
       242        203          0          1
       243        175          0          1
       244        129          0          1
       245        235          0          1
       246        221          0          1
       247        237          1          1
       248        126          0          1
       249        399          0          1
       250        287          0          1
       251        356          1          1
       252         24          0          1
       253         70          1          1
       254        300          0          1
       255        347          0          1
       256         19          0          1
       257        118          1          1
       258        227          0          1
       259        236          1          1
       260        259          0          1
       261         78          0          1
       262        164          1          1
       263        157          0          1
       264        313          0          1
       265        331          0          1
       266        293          1          1
       267        309          0          1
       268         46          0          1
       269         95          0          1
       270        274          1          1
       271        231          0          1
       272        245          1          1
       273        299          0          1
       274        307          1          1
       275        257          0          1
       276        185          1          1
       277        212          0          1
       278         30          1          1
       279         72          0          1
       280        270          1          1
       281        343          0          1
       282         63          0          1
       283        197          1          1
       284         14          0          1
       285        353          0          1
       286        285          0          1
       287         56          1          1
       288         52          0          1
       289        296          1          1
       290          1          0          1
       291        238          1          1
       292        166          0          1
       293         29          1          1
       294        208          0          1
       295        345          0          1
       296        223          0          1
       297        262          1          1
       298        269          0          1
       299        359          0          1
       300        184          0          1
       301        161          1          1
       302        142          0          1
       303        156          0          1
       304        232          1          1
       305        330          0          1
       306        339          1          1
       307         99          0          1
       308        272          1          1
       309        201          0          1
       310        329          1          1
       311         98          0          1
       312         54          1          1
       313         96          0          1
       314        153          1          1
       315        173          0          1
       316        206          0          1
       317         51          0          1
       318        288          0          1
       319        283          1          1
       320        162          0          1
       321        102          0          1
       322        253          1          1
       323        298          0          1
       324         26          0          1
       325        234          1          1
       326        326          0          1
       327        121          0          1
       328         68          0          1
       329         21          1          1
       330        191          0          1
       331         12          1          1
       332         38          0          1
       333          4          1          1
       334        261          0          1
       335         27          0          1
       336        295          1          1
       337        318          0          1
       338         73          0          1
       339         39          0          1
       340        240          1          1
       341        379          0          1
       342         74          0          1
       343         88          1          1
       344        174          0          1
       345        267          0          1
       346        218          0          1
       347        254          1          1
       348         33          0          1
       349        216          0          1
       350         82          1          1
       351         83          0          1
       352        265          1          1
       353        106          0          1
       354        239          0          1
       355        358          1          1
       356         76          0          1
       357        366          1          1
       358        103          0          1
       359         23          1          1
       360         44          0          1
       361        327          0          1
       362        323          1          1
       363        241          0          1
       364         60          1          1
       365        226          0          1
       366        155          1          1
       367        370          0          1
       368        378          1          1
       369        317          0          1
       370        152          0          1
       371        273          1          1
       372        320          0          1
       373         94          0          1
       374        276          1          1
       375        334          0          1
       376        100          0          1
       377         93          0          1
       378        199          0          1
       379         47          0          1
       380         42          1          1
       381        324          1          1
       382        387          0          1
       383        179          1          1
       384        111          0          1
       385        400          0          1
       386        280          0          1
       387         11          1          1
       388        249          0          1
       389         79          1          1
       390        195          0          1
       391        171          0          1
       392        369          1          1
       393        333          0          1
       394        348          0          1
       395        371          1          1
       396        374          0          1
       397        315          0          1
       398         36          0          1
       399        361          0          1
       400        264          0          1
                4929
configuration                    4                15000         7.8854921806569011E-04         2.9800000000000000E+02         1.3877787807814457E-17
         1          1          0          1
         2        236          1          1
         3        349          0          1
         4        285          0          1
         5        293          0          1
         6        304          1          1
         7        326          0          1
         8        374          0          1
         9         33          1          1
        10        257          0          1
        11         38          0          1
        12        218          1          1
        13        235          0          1
        14         69          0          1
        15        313          0          1
        16        358          1          1
        17        190          0          1
        18        140          0          1
        19         43          0          1
        20        394          1          1
        21        203          1          1
        22         78          0          1
        23        252          0          1
        24        129          1          1
        25        238          0          1
        26        258          0          1
        27        277          0          1
        28         53          1          1
        29          7          0          1
        30        284          0          1
        31        185          0          1
        32        351          0          1
        33        382          0          1
        34        389          0          1
        35        194          1          1
        36         66          0          1
        37          2          0          1
        38        125          0          1
        39        356          0          1
        40        144          0          1
        41         62          0          1
        42         54          0          1
        43        147          0          1
        44        224          0          1
        45        225          0          1
        46        335          0          1
        47        276          1          1
        48        320          0          1
        49        192          0          1
        50        391          0          1
        51          9          0          1
        52        273          0          1
        53        301          1          1
        54        364          0          1
        55        343          0          1
        56        104          0          1
        57        240          1          1
        58        250          0          1
        59        280          0          1
        60         30          0          1
        61        179          0          1
        62        173          0          1
        63        120          0          1
        64        363          1          1
        65         18          0          1
        66         20          0          1
        67          6          0          1
        68         68          1          1
        69        231          0          1
        70        166          0          1
        71        139          0          1
        72        369          0          1
        73         55          0          1
        74        310          1          1
        75        359          0          1
        76         12          1          1
        77        157          0          1
        78        176          1          1
        79        262          0          1
        80         56          1          1
        81        155          1          1
        82        142          0          1
        83         72          1          1
        84        148          0          1
        85        318          0          1
        86        204          1          1
        87        372          0          1
        88        128          0          1
        89        365          1          1
        90         81          0          1
        91        191          0          1
        92        165          0          1
        93        152          1          1
        94         50          0          1
        95        261          1          1
        96        362          0          1
        97        366          0          1
        98        345          0          1
        99        333          0          1
       100        234          0          1
       101         40          0          1
       102         98          0          1
       103        116          0          1
       104        321          1          1
       105        325          0          1
       106        242          0          1
       107        131          0          1
       108        108          1          1
       109         28          0          1
       110         14          1          1
       111         23          0          1
       112        385          1          1
       113        317          0          1
       114        361          1          1
       115        368          0          1
       116        189          1          1
       117        163          0          1
       118        146          0          1
       119        211          0          1
       120        386          0          1
       121        124          1          1
       122        395          0          1
       123        281          1          1
       124        378          0          1
       125         11          0          1
       126         13          1          1
       127        187          0          1
       128        275          0          1
       129         76          1          1
       130        266          0          1
       131        338          1          1
       132        246          0          1
       133        229          1          1
       134         84          0          1
       135        174          0          1
       136         71          0          1
       137         22          0          1
       138        271          0          1
       139        150          1          1
       140        322          0          1
       141        161          0          1
       142         46          1          1
       143         51          0          1
       144        298          0          1
       145         65          0          1
       146        175          0          1
       147        107          0          1
       148        197          1          1
       149        177          0          1
       150        265          1          1
       151        397          0          1
       152         27          1          1
       153          3          0          1
       154        387          1          1
       155        228          0          1
       156         99          0          1
       157        308          0          1
       158        153          1          1
       159        154          0          1
       160        346          0          1
       161        292          0          1
       162        207          0          1
       163        247          1          1
       164        324          0          1
       165        270          1          1
       166        274          0          1
       167        118          0          1
       168        160          0          1
       169        230          0          1
       170        136          0          1
       171        380          1          1
       172        251          0          1
       173        312          1          1
       174        376          0          1
       175        272          1          1
       176         77          0          1
       177        213          1          1
       178        384          0          1
       179        143          1          1
       180        314          0          1
       181         92          0          1
       182        348          1          1
       183        223          0          1
       184        178          1          1
       185         16          0          1
       186         67          0          1
       187        360          1          1
       188        208          0          1
       189        302          0          1
       190         52          0          1
       191        151          0          1
       192          8          1          1
       193        209          0          1
       194        117          1          1
       195        344          0          1
       196        241          0          1
       197        315          0          1
       198        202          1          1
       199        133          0          1
       200        288          1          1
       201        101          1          1
       202         91          0          1
       203        244          1          1
       204        182          0          1
       205        122          1          1
       206        200          0          1
       207          5          0          1
       208         75          0          1
       209        253          0          1
       210        212          0          1
       211        198          0          1
       212         61          0          1
       213        290          0          1
       214         87          0          1
       215        115          1          1
       216        141          0          1
       217         90          1          1
       218        353          0          1
       219        180          1          1
       220        195          0          1
       221        172          0          1
       222         31          1          1
       223        392          0          1
       224        183          1          1
       225        217          0          1
       226        205          0          1
       227        109          1          1
       228        332          0          1
       229        114          0          1
       230        370          1          1
       231         57          0          1
       232         60          1          1
       233        342          0          1
       234        169          1          1
       235         10          0          1
       236        239          1          1
       237        286          0          1
       238        329          0          1
       239         36          0          1
       240        158          0          1
       241        268          0          1
       242         83          0          1
       243        287          1          1
       244        168          0          1
       245         48          1          1
       246         73          0          1
       247        171          0          1
       248        210          1          1
       249        279          0          1
       250        341          0          1
       251        303          1          1
       252         24          0          1
       253         32          1          1
       254        300          0          1
       255        220          1          1
       256        149          0          1
       257        354          0          1
       258        138          0          1
       259         49          1          1
       260        330          0          1
       261        375          0          1
       262        327          1          1
       263         89          0          1
       264        130          1          1
       265        260          0          1
       266        305          1          1
       267        100          0          1
       268        221          0          1
       269         94          0          1
       270        377          1          1
       271        255          0          1
       272        214          0          1
       273        339          0          1
       274        102          1          1
       275        243          0          1
       276        227          1          1
       277        282          0          1
       278         19          1          1
       279         35          0          1
       280        196          1          1
       281         59          1          1
       282        256          0          1
       283        111          0          1
       284         64          0          1
       285        296          1          1
       286        390          0          1
       287        311          0          1
       288        367          1          1
       289        216          0          1
       290         25          0          1
       291        400          0          1
       292        316          1          1
       293         29          0          1
       294        206          0          1
       295        123          1          1
       296        254          0          1
       297        289          0          1
       298        188          0          1
       299        237          1          1
       300        381          0          1
       301        119          0          1
       302        264          1          1
       303        199          0          1
       304         26          1          1
       305         17          0          1
       306         82          0          1
       307        186          1          1
       308         80          0          1
       309        291          0          1
       310         15          0          1
       311        110          0          1
       312         37          0          1
       313        328          0          1
       314        334          1          1
       315        145          0          1
       316        233          0          1
       317         63          0          1
       318        127          1          1
       319        340          0          1
       320         95          0          1
       321        278          0          1
       322        283          0          1
       323         85          1          1
       324        309          0          1
       325         58          0          1
       326        248          0          1
       327        121          0          1
       328        105          1          1
       329         42          0          1
       330        106          1          1
       331        201          0          1
       332        331          1          1
       333        295          0          1
       334         97          0          1
       335        383          0          1
       336        162          1          1
       337         39          0          1
       338         21          0          1
       339         34          1          1
       340        167          0          1
       341        170          1          1
       342        350          0          1
       343        126          0          1
       344        306          0          1
       345        135          1          1
       346        396          0          1
       347        399          1          1
       348        103          0          1
       349        137          0          1
       350        134          0          1
       351        164          1          1
       352        259          0          1
       353         74          0          1
       354        267          1          1
       355        323          0          1
       356        373          0          1
       357        307          0          1
       358         70          0          1
       359        347          0          1
       360         44          0          1
       361        352          0          1
       362        379          0          1
       363        245          0          1
       364        219          1          1
       365        226          0          1
       366        355          1          1
       367        357          0          1
       368        371          0          1
       369        215          1          1
       370          4          0          1
       371         88          0          1
       372        156          1          1
       373        193          0          1
       374        181          0          1
       375         45          0          1
       376        294          0          1
       377         93          0          1
       378        337          1          1
       379         47          0          1
       380        388          1          1
       381        269          1          1
       382         79          0          1
       383        159          0          1
       384        112          0          1
       385        263          0          1
       386        319          0          1
       387        113          1          1
       388        249          0          1
       389        336          0          1
       390         86          0          1
       391        232          1          1
       392        132          0          1
       393        393          1          1
       394        297          0          1
       395        222          0          1
       396        299          0          1
       397         96          1          1
       398         41          0          1
       399        184          1          1
       400        398          0          1
                7440
configuration                    5                20000         1.0551518235299873E-03         2.9800000000000000E+02         1.3877787807814457E-17
         1        103          0          1
         2        241          0          1
         3         63          1          1
         4        128          0          1
         5        207          1          1
         6        364          0          1
         7        326          0          1
         8        372          1          1
         9        289          0          1
        10        312          0          1
        11        368          1          1
        12        297          0          1
        13        129          0          1
        14        328          1          1
        15        349          0          1
        16        321          1          1
        17        123          0          1
        18          5          0          1
        19        125          0          1
        20        113          1          1
        21         23          0          1
        22         31          1          1
        23        390          0          1
        24        126          1          1
        25        389          0          1
        26        276          0          1
        27        233          0          1
        28         17          0          1
        29        158          0          1
        30        300          1          1
        31        153          0          1
        32        226          1          1
        33         90          0          1
        34        102          0          1
        35        363          1          1
        36        187          0          1
        37        365          1          1
        38        140          0          1
        39        220          1          1
        40        373          0          1
        41        286          0          1
        42         29          0          1
        43        310          1          1
        44        199          0          1
        45        329          0          1
        46        193          1          1
        47        190          0          1
        48         57          0          1
        49        225          1          1
        50        104          0          1
        51        287          1          1
        52        273          0          1
        53        219          0          1
        54        173          1          1
        55        274          0          1
        56        142          1          1
        57        179          0          1
        58         46          1          1
        59         48          0          1
        60        250          0          1
        61        344          0          1
        62        209          0          1
        63        303          0          1
        64        148          0          1
        65        343          1          1
        66        325          0          1
        67        127          1          1
        68         73          0          1
        69        231          0          1
        70        316          0          1
        71        139          0          1
        72        213          1          1
        73        229          0          1
        74         42          0          1
        75        399          0          1
        76        175          0          1
        77        386          0          1
        78        387          0          1
        79         88          1          1
        80        267          0          1
        81        217          0          1
        82        253          0          1
        83        283          1          1
        84        247          0          1
        85        332          0          1
        86        117          1          1
        87         47          0          1
        88        346          0          1
        89        105          1          1
        90         72          0          1
        91        146          0          1
        92        165          0          1
        93        308          1          1
        94        376          0          1
        95        262          0          1
        96        383          0          1
        97        359          1          1
        98        150          0          1
        99        379          0          1
       100         78          1          1
       101        388          0          1
       102        246          1          1
       103        119          0          1
       104        206          1          1
       105        223          0          1
       106         28          0          1
       107        272          0          1
       108        258          1          1
       109        293          0          1
       110          9          0          1
       111        244          0          1
       112        161          1          1
       113         84          0          1
       114        370          0          1
       115        159          0          1
       116        259          1          1
       117        208          0          1
       118        198          0          1
       119        345          0          1
       120        186          0          1
       121         14          1          1
       122         12          0          1
       123         30          1          1
       124        378          0          1
       125        189          1          1
       126        245          0          1
       127        290          1          1
       128        395          0          1
       129        169          0          1
       130         21          0          1
       131        252          0          1
       132        307          0          1
       133         50          1          1
       134        180          0          1
       135        230          1          1
       136         25          0          1
       137        298          1          1
       138        156          0          1
       139        116          1          1
       140        184          0          1
       141        350          0          1
       142        242          1          1
       143         51          0          1
       144        228          0          1
       145         65          0          1
       146         81          1          1
       147        254          0          1
       148        234          1          1
       149        177          0          1
       150        280          1          1
       151        397          0          1
       152         20          1          1
       153         45          0          1
       154        111          0          1
       155        318          0          1
       156        162          1          1
       157         82          0          1
       158          8          1          1
       159        154          0          1
       160         98          1          1
       161        319          1          1
       162        183          0          1
       163        374          1          1
       164        324          0          1
       165         27          1          1
       166         60          0          1
       167         19          1          1
       168        248          0          1
       169        369          1          1
       170        136          0          1
       171        251          0          1
       172        174          0          1
       173         97          1          1
       174        194          0          1
       175        265          0          1
       176        176          0          1
       177        314          0          1
       178        288          0          1
       179        200          1          1
       180         74          0          1
       181         92          0          1
       182        347          1          1
       183        264          0          1
       184        333          1          1
       185         16          0          1
       186        211          1          1
       187        270          0          1
       188        304          1          1
       189        302          0          1
       190         86          1          1
       191        120          0          1
       192        249          1          1
       193        167          0          1
       194         40          1          1
       195        337          0          1
       196        299          1          1
       197        315          0          1
       198        160          0          1
       199        133          0          1
       200         80          1          1
       201        132          1          1
       202        141          0          1
       203        353          0          1
       204        182          0          1
       205        151          0          1
       206        394          0          1
       207          4          1          1
       208        221          0          1
       209        134          1          1
       210        212          0          1
       211        336          1          1
       212        323          0          1
       213         66          0          1
       214         87          0          1
       215        380          0          1
       216        384          0          1
       217        306          1          1
       218        301          0          1
       219        271          0          1
       220        195          0          1
       221        172          0          1
       222         56          1          1
       223        118          0          1
       224         61          1          1
       225         99          0          1
       226         34          0          1
       227        393          0          1
       228         64          0          1
       229        257          0          1
       230        320          1          1
       231        178          0          1
       232        292          1          1
       233        342          0          1
       234         32          1          1
       235         10          0          1
       236        166          1          1
       237        305          0          1
       238         79          0          1
       239         36          0          1
       240        144          1          1
       241        366          1          1
       242         83          0          1
       243        205          1          1
       244        168          0          1
       245         54          1          1
       246        227          0          1
       247        277          1          1
       248        392          0          1
       249        137          1          1
       250         71          0          1
       251         75          1          1
       252         24          0          1
       253        400          0          1
       254         67          0          1
       255        382          0          1
       256        149          0          1
       257        122          0          1
       258        138          0          1
       259        291          0          1
       260        275          0          1
       261        375          0          1
       262        354          0          1
       263         68          0          1
       264        152          0          1
       265        260          0          1
       266        202          1          1
       267        268          0          1
       268          7          0          1
       269         62          0          1
       270         70          1          1
       271        371          0          1
       272         76          0          1
       273        339          0          1
       274        203          1          1
       275        243          0          1
       276        355          0          1
       277        282          0          1
       278        236          1          1
       279        330          0          1
       280        327          1          1
       281        391          1          1
       282        279          0          1
       283        188          1          1
       284        112          0          1
       285        204          1          1
       286        224          0          1
       287        185          0          1
       288        196          1          1
       289        130          0          1
       290        338          0          1
       291        317          1          1
       292        311          0          1
       293        131          1          1
       294        261          0          1
       295        335          1          1
       296        377          0          1
       297        361          0          1
       298        285          0          1
       299        171          1          1
       300        381          0          1
       301        263          0          1
       302        266          1          1
       303        201          0          1
       304        100          1          1
       305         53          0          1
       306        294          0          1
       307        322          1          1
       308         39          0          1
       309        114          1          1
       310         93          0          1
       311        398          0          1
       312        235          0          1
       313        164          0          1
       314         59          0          1
       315        145          0          1
       316         77          0          1
       317         35          1          1
       318        360          0          1
       319        101          0          1
       320         26          1          1
       321         15          0          1
       322         37          0          1
       323          6          1          1
       324        240          0          1
       325        191          0          1
       326        163          1          1
       327        121          0          1
       328        192          1          1
       329        309          0          1
       330        181          0          1
       331         49          1          1
       332        215          0          1
       333        352          1          1
       334        110          0          1
       335         52          0          1
       336        278          0          1
       337        281          0          1
       338        214          0          1
       339         11          0          1
       340        348          0          1
       341        109          0          1
       342        238          1          1
       343         38          0          1
       344        106          0          1
       345         85          1          1
       346        396          0          1
       347         96          1          1
       348        216          0          1
       349        295          0          1
       350         89          0          1
       351        157          0          1
       352        356          0          1
       353         94          0          1
       354          3          1          1
       355        255          0          1
       356        237          1          1
       357         91          0          1
       358         18          1          1
       359        108          0          1
       360        340          1          1
       361         33          0          1
       362        143          0          1
       363        107          1          1
       364        358          0          1
       365         95          0          1
       366        170          1          1
       367        357          0          1
       368        147          0          1
       369         58          0          1
       370        385          1          1
       371        210          0          1
       372        341          1          1
       373        284          0          1
       374          1          0          1
       375        222          0          1
       376         44          0          1
       377        239          0          1
       378         22          0          1
       379        256          1          1
       380        334          0          1
       381        135          1          1
       382        197          0          1
       383        218          0          1
       384          2          0          1
       385         13          0          1
       386        124          0          1
       387        362          1          1
       388        351          0          1
       389         43          1          1
       390        331          0          1
       391         55          0          1
       392        269          0          1
       393        155          1          1
       394        313          0          1
       395        367          1          1
       396        232          0          1
       397         41          0          1
       398         69          1          1
       399        296          0          1
       400        115          0          1
                9936
configuration                    6                25000         1.3357917622061830E-03         2.9800000000000000E+02         1.3877787807814457E-17
         1         62          0          1
         2         50          1          1
         3        211          0          1
         4        118          1          1
         5         93          0          1
         6        278          1          1
         7         90          0          1
         8        400          1          1
         9        358          0          1
        10         29          1          1
        11        312          0          1
        12        236          0          1
        13        265          0          1
        14         64          1          1
        15         57          0          1
        16        382          1          1
        17         26          0          1
        18        362          1          1
        19        377          0          1
        20        122          0          1
        21        246          0          1
        22        240          0          1
        23        223          0          1
        24         16          0          1
        25         97          1          1
        26        389          0          1
        27         49          1          1
        28        385          0          1
        29        275          0          1
        30         30          0          1
        31        277          1          1
        32        137          0          1
        33         61          0          1
        34        218          0          1
        35        352          1          1
        36        157          0          1
        37        288          0          1
        38        390          0          1
        39        289          0          1
        40        351          1          1
        41         44          1          1
        42        213          0          1
        43         96          1          1
        44        271          0          1
        45        337          0          1
        46          4          0          1
        47          6          0          1
        48        149          1          1
        49        286          0          1
        50        305          1          1
        51        349          0          1
        52        364          0          1
        53        177          1          1
        54        374          0          1
        55        229          0          1
        56        186          0          1
        57        386          1          1
        58        226          0          1
        59         27          1          1
        60        168          0          1
        61        321          0          1
        62        225          1          1
        63        209          0          1
        64        158          1          1
        65         91          0          1
        66        181          0          1
        67        370          1          1
        68        295          0          1
        69        227          0          1
        70        392          0          1
        71          5          0          1
        72        303          0          1
        73         19          0          1
        74        394          1          1
        75        360          0          1
        76        297          1          1
        77        188          0          1
        78        104          1          1
        79          8          0          1
        80        373          1          1
        81        234          1          1
        82        291          0          1
        83         87          1          1
        84        110          0          1
        85        103          1          1
        86         58          0          1
        87        152          0          1
        88        391          0          1
        89        319          1          1
        90        164          0          1
        91        279          1          1
        92        361          0          1
        93        204          1          1
        94        332          0          1
        95         43          1          1
        96        250          0          1
        97         68          0          1
        98        296          0          1
        99        136          1          1
       100        233          0          1
       101        198          0          1
       102        324          1          1
       103        119          0          1
       104         37          0          1
       105         31          0          1
       106        144          0          1
       107        123          0          1
       108        215          1          1
       109        293          0          1
       110        348          1          1
       111        368          0          1
       112        155          1          1
       113         84          0          1
       114         60          1          1
       115        159          0          1
       116        125          1          1
       117        264          0          1
       118        367          1          1
       119        345          0          1
       120        294          1          1
       121        237          1          1
       122         12          0          1
       123        281          1          1
       124        326          0          1
       125        336          0          1
       126        245          0          1
       127         48          1          1
       128        249          0          1
       129        313          0          1
       130        365          0          1
       131        241          1          1
       132        307          0          1
       133         24          1          1
       134        180          0          1
       135         79          0          1
       136        112          0          1
       137        354          1          1
       138        395          0          1
       139         69          0          1
       140        184          0          1
       141        363          0          1
       142         99          1          1
       143        199          0          1
       144        173          0          1
       145         65          0          1
       146        191          1          1
       147        387          0          1
       148         11          1          1
       149        311          0          1
       150         85          0          1
       151        106          0          1
       152        238          1          1
       153         45          0          1
       154        101          1          1
       155        109          0          1
       156        230          0          1
       157        399          0          1
       158        255          1          1
       159        154          0          1
       160        124          1          1
       161        262          1          1
       162        183          0          1
       163        208          0          1
       164         39          1          1
       165        210          0          1
       166         47          0          1
       167        376          0          1
       168        344          0          1
       169          9          1          1
       170          3          0          1
       171        251          1          1
       172        217          0          1
       173        350          0          1
       174        194          0          1
       175         70          1          1
       176        176          0          1
       177         75          0          1
       178        132          0          1
       179         66          1          1
       180        346          0          1
       181         92          0          1
       182        206          1          1
       183        202          0          1
       184         35          0          1
       185        219          0          1
       186        203          0          1
       187        128          0          1
       188         55          1          1
       189        388          0          1
       190        283          1          1
       191        174          0          1
       192        212          1          1
       193        338          0          1
       194        260          1          1
       195        355          0          1
       196        121          1          1
       197        207          0          1
       198        214          1          1
       199        133          0          1
       200        120          1          1
       201         74          1          1
       202        141          0          1
       203         41          1          1
       204         59          0          1
       205        244          0          1
       206         71          0          1
       207        327          1          1
       208        285          0          1
       209         33          1          1
       210        221          0          1
       211        317          1          1
       212        138          0          1
       213        148          1          1
       214         83          0          1
       215        190          1          1
       216        192          0          1
       217        356          0          1
       218        301          0          1
       219        258          1          1
       220        266          0          1
       221        172          0          1
       222        379          1          1
       223        299          0          1
       224        150          1          1
       225        308          0          1
       226        143          1          1
       227        331          0          1
       228         38          0          1
       229        329          0          1
       230        298          1          1
       231         78          0          1
       232          2          0          1
       233         80          0          1
       234        116          0          1
       235        323          0          1
       236        304          0          1
       237         34          1          1
       238        256          0          1
       239        243          0          1
       240        220          1          1
       241         21          1          1
       242        353          0          1
       243        315          0          1
       244        175          0          1
       245        248          1          1
       246        284          0          1
       247        231          1          1
       248        341          0          1
       249        343          0          1
       250         23          0          1
       251        139          0          1
       252        178          1          1
       253        253          0          1
       254         98          1          1
       255        102          0          1
       256        179          1          1
       257         40          0          1
       258        160          0          1
       259        235          0          1
       260        393          0          1
       261        375          0          1
       262         56          0          1
       263        201          1          1
       264        340          0          1
       265        242          0          1
       266        140          1          1
       267        252          0          1
       268        129          1          1
       269        182          0          1
       270        320          0          1
       271         54          0          1
       272        384          0          1
       273         42          1          1
       274        145          0          1
       275        142          1          1
       276        127          0          1
       277         63          1          1
       278        166          0          1
       279        381          1          1
       280         22          0          1
       281        314          0          1
       282        170          1          1
       283         46          0          1
       284        222          1          1
       285        134          0          1
       286        335          0          1
       287        380          0          1
       288        113          0          1
       289        302          1          1
       290         20          0          1
       291        187          0          1
       292        267          1          1
       293        316          0          1
       294        371          1          1
       295          1          0          1
       296         76          0          1
       297        290          0          1
       298         32          1          1
       299        339          0          1
       300        309          1          1
       301        163          1          1
       302        196          0          1
       303        115          1          1
       304        185          0          1
       305        228          0          1
       306        257          0          1
       307         86          1          1
       308        193          0          1
       309        330          0          1
       310        130          0          1
       311        333          0          1
       312        325          0          1
       313        147          1          1
       314         14          0          1
       315         18          1          1
       316        200          0          1
       317        189          1          1
       318        131          0          1
       319        108          1          1
       320        276          0          1
       321        269          0          1
       322        161          1          1
       323        205          0          1
       324        135          1          1
       325        232          0          1
       326         10          0          1
       327        287          0          1
       328        224          0          1
       329         51          1          1
       330        247          0          1
       331        114          0          1
       332        347          0          1
       333        195          0          1
       334        280          1          1
       335        366          0          1
       336        342          0          1
       337        100          0          1
       338        273          0          1
       339         52          0          1
       340         13          1          1
       341        300          1          1
       342         53          0          1
       343         88          1          1
       344        197          0          1
       345        282          1          1
       346        292          0          1
       347         72          1          1
       348        216          0          1
       349         73          0          1
       350         89          0          1
       351        162          1          1
       352        369          0          1
       353        334          1          1
       354        169          0          1
       355        107          0          1
       356        306          0          1
       357        156          1          1
       358        396          0          1
       359        167          1          1
       360        259          0          1
       361        105          0          1
       362          7          1          1
       363        146          0          1
       364        165          0          1
       365         95          0          1
       366        398          1          1
       367        357          0          1
       368         15          0          1
       369        151          0          1
       370         82          1          1
       371        171          0          1
       372         67          1          1
       373        153          0          1
       374        397          0          1
       375         94          0          1
       376         77          1          1
       377         36          0          1
       378        328          1          1
       379        268          0          1
       380        359          1          1
       381         25          0          1
       382        274          0          1
       383         28          1          1
       384        111          0          1
       385        270          0          1
       386        117          0          1
       387         81          1          1
       388        378          0          1
       389        254          0          1
       390        272          0          1
       391        263          1          1
       392        372          0          1
       393        126          1          1
       394        310          0          1
       395        318          1          1
       396         17          0          1
       397        261          1          1
       398        239          0          1
       399        383          1          1
       400        322          0          1
               12431
configuration                    7                30000         1.5950220795652819E-03         2.9800000000000000E+02         1.3877787807814457E-17
         1        172          0          1
         2        153          0          1
         3        285          1          1
         4          5          0          1
         5         11          1          1
         6        176          0          1
         7         92          0          1
         8        240          0          1
         9        316          1          1
        10        158          0          1
        11        223          1          1
        12        346          0          1
        13         24          1          1
        14        236          0          1
        15         69          0          1
        16         34          1          1
        17         26          0          1
        18        238          0          1
        19        224          0          1
        20        324          1          1
        21         47          1          1
        22         90          0          1
        23         20          0          1
        24        117          0          1
        25        241          0          1
        26         27          0          1
        27        175          0          1
        28        179          0          1
        29        125          0          1
        30        152          1          1
        31        394          0          1
        32        108          1          1
        33        399          0          1
        34        384          0          1
        35        282          1          1
        36        148          0          1
        37         15          1          1
        38        132          0          1
        39        225          1          1
        40        370          0          1
        41         35          0          1
        42        374          0          1
        43        206          0          1
        44         58          1          1
        45         56          0          1
        46        168          0          1
        47        302          1          1
        48        210          0          1
        49         48          0          1
        50        127          0          1
        51        306          1          1
        52        320          0          1
        53        298          1          1
        54        331          0          1
        55        321          0          1
        56        315          1          1
        57        258          0          1
        58        215          1          1
        59        252          0          1
        60        150          1          1
        61        167          0          1
        62        177          1          1
        63         46          0          1
        64        332          0          1
        65         70          1          1
        66        398          0          1
        67         97          0          1
        68        233          0          1
        69        214          1          1
        70        385          0          1
        71        155          0          1
        72        335          1          1
        73         13          0          1
        74         78          0          1
        75        218          0          1
        76        288          0          1
        77         71          1          1
        78        361          0          1
        79        303          1          1
        80         43          0          1
        81        130          0          1
        82         16          0          1
        83        348          1          1
        84        144          0          1
        85        343          0          1
        86         45          0          1
        87        207          0          1
        88         86          1          1
        89        366          0          1
        90         60          1          1
        91        170          0          1
        92        336          0          1
        93         23          1          1
        94         75          0          1
        95        337          0          1
        96        377          1          1
        97        122          0          1
        98        204          1          1
        99        300          0          1
       100        360          1          1
       101        280          1          1
       102        246          0          1
       103        145          0          1
       104        386          0          1
       105         83          1          1
       106        286          0          1
       107        254          1          1
       108        292          0          1
       109        345          1          1
       110        263          0          1
       111          8          1          1
       112        135          0          1
       113          4          0          1
       114        134          1          1
       115         88          0          1
       116         64          0          1
       117        257          0          1
       118         72          0          1
       119        259          1          1
       120        211          0          1
       121        189          0          1
       122        328          0          1
       123        232          1          1
       124        301          0          1
       125        199          0          1
       126        352          1          1
       127        230          0          1
       128        373          0          1
       129         94          0          1
       130        271          0          1
       131         53          0          1
       132        213          0          1
       133        356          0          1
       134         59          0          1
       135         19          1          1
       136        219          0          1
       137        156          0          1
       138         57          1          1
       139        115          0          1
       140        142          1          1
       141        270          1          1
       142        222          0          1
       143          3          0          1
       144        171          0          1
       145        363          1          1
       146         32          0          1
       147        279          0          1
       148        188          1          1
       149        349          0          1
       150        180          1          1
       151        253          0          1
       152        101          1          1
       153        169          0          1
       154        295          1          1
       155        109          0          1
       156        161          0          1
       157        284          1          1
       158        272          0          1
       159        378          1          1
       160        334          0          1
       161        212          0          1
       162        277          0          1
       163        123          0          1
       164        397          1          1
       165        297          0          1
       166        278          1          1
       167        326          0          1
       168        157          0          1
       169        220          1          1
       170        140          0          1
       171          2          1          1
       172         82          0          1
       173        104          1          1
       174        131          0          1
       175        268          0          1
       176        267          0          1
       177        296          0          1
       178         14          1          1
       179        100          0          1
       180        119          1          1
       181        355          0          1
       182        184          0          1
       183        147          0          1
       184         29          0          1
       185        192          1          1
       186         79          0          1
       187        103          0          1
       188         96          0          1
       189        325          0          1
       190         39          1          1
       191        159          0          1
       192        310          1          1
       193        330          0          1
       194        319          0          1
       195        196          1          1
       196        344          0          1
       197        228          0          1
       198        265          0          1
       199        307          1          1
       200         61          0          1
       201        389          0          1
       202        400          0          1
       203        160          0          1
       204        102          1          1
       205        227          0          1
       206         66          1          1
       207         18          0          1
       208        146          1          1
       209        381          0          1
       210         38          0          1
       211        245          0          1
       212        281          0          1
       213        121          1          1
       214        244          0          1
       215        390          0          1
       216        362          0          1
       217        110          0          1
       218        256          1          1
       219        274          0          1
       220        183          0          1
       221        318          1          1
       222        287          0          1
       223        217          1          1
       224        353          0          1
       225        266          1          1
       226        338          0          1
       227        391          1          1
       228        340          0          1
       229        234          1          1
       230         37          0          1
       231        198          1          1
       232        354          0          1
       233        118          0          1
       234        261          0          1
       235        269          0          1
       236         67          0          1
       237        293          1          1
       238          6          0          1
       239        190          1          1
       240        379          0          1
       241         44          0          1
       242         51          1          1
       243        372          0          1
       244        314          0          1
       245        367          0          1
       246        247          1          1
       247        107          0          1
       248        141          0          1
       249        392          0          1
       250        368          1          1
       251        163          0          1
       252         80          0          1
       253         33          0          1
       254         68          1          1
       255         10          0          1
       256        309          0          1
       257        162          0          1
       258        235          0          1
       259        106          0          1
       260        187          1          1
       261        249          1          1
       262        174          0          1
       263        116          0          1
       264        322          1          1
       265        165          0          1
       266        138          0          1
       267         63          1          1
       268        248          0          1
       269        201          1          1
       270        312          0          1
       271        317          1          1
       272        186          0          1
       273        205          1          1
       274         28          0          1
       275        111          0          1
       276        126          0          1
       277        129          1          1
       278        166          0          1
       279        231          0          1
       280        208          0          1
       281        299          0          1
       282        120          0          1
       283         91          1          1
       284        341          0          1
       285         93          0          1
       286        359          1          1
       287        151          0          1
       288        136          1          1
       289         81          0          1
       290        209          0          1
       291        260          0          1
       292         76          1          1
       293         42          0          1
       294        243          1          1
       295        164          0          1
       296        294          1          1
       297        290          0          1
       298        273          0          1
       299        339          0          1
       300         95          1          1
       301        137          0          1
       302         22          0          1
       303        323          0          1
       304        191          1          1
       305        194          0          1
       306        357          0          1
       307         25          1          1
       308        395          0          1
       309        195          1          1
       310        143          0          1
       311        242          1          1
       312        289          0          1
       313         12          0          1
       314        393          0          1
       315        358          1          1
       316        200          0          1
       317        216          1          1
       318        124          0          1
       319          9          0          1
       320        276          0          1
       321        105          0          1
       322        181          1          1
       323         55          0          1
       324         62          0          1
       325         87          0          1
       326        350          1          1
       327         49          0          1
       328        262          1          1
       329        380          0          1
       330        229          0          1
       331        365          0          1
       332         98          1          1
       333        221          0          1
       334        250          0          1
       335         41          0          1
       336        237          1          1
       337        327          0          1
       338          1          1          1
       339         52          0          1
       340        264          1          1
       341        133          1          1
       342         65          0          1
       343         85          0          1
       344        308          0          1
       345        347          0          1
       346         31          0          1
       347        154          1          1
       348         40          0          1
       349        283          0          1
       350        197          0          1
       351        342          0          1
       352        202          0          1
       353         77          0          1
       354        291          1          1
       355          7          0          1
       356        305          0          1
       357        251          1          1
       358        396          0          1
       359        275          0          1
       360        383          0          1
       361        311          0          1
       362        114          1          1
       363         30          0          1
       364        255          0          1
       365         74          1          1
       366        139          0          1
       367        329          0          1
       368        351          0          1
       369        173          1          1
       370         21          0          1
       371        149          1          1
       372        185          0          1
       373        371          1          1
       374        182          0          1
       375        178          0          1
       376        226          0          1
       377         36          0          1
       378        203          1          1
       379        387          0          1
       380         99          1          1
       381        113          1          1
       382        388          0          1
       383         73          0          1
       384        382          1          1
       385         50          0          1
       386        364          0          1
       387        193          0          1
       388        304          0          1
       389        333          0          1
       390         89          1          1
       391         54          0          1
       392        313          1          1
       393        375          0          1
       394        112          1          1
       395         84          0          1
       396         17          0          1
       397        128          1          1
       398        239          0          1
       399        369          1          1
       400        376          0          1
               14936
configuration                    8                35000         1.8569425452392247E-03         2.9800000000000000E+02         1.3877787807814457E-17
         1        326          0          1
         2         81          1          1
         3        352          0          1
         4         75          0          1
         5        208          0          1
         6        171          0          1
         7        238          1          1
         8        240          0          1
         9        273          1          1
        10        225          0          1
        11        263          0          1
        12        348          0          1
        13        114          0          1
        14        112          0          1
        15        333          1          1
        16        201          0          1
        17         25          0          1
        18        242          1          1
        19        216          0          1
        20        221          1          1
        21        195          1          1
        22        157          0          1
        23        312          0          1
        24        338          1          1
        25        328          0          1
        26        341          0          1
        27        175          0          1
        28        239          0          1
        29        234          0          1
        30        294          1          1
        31        104          0          1
        32         98          1          1
        33         19          0          1
        34        378          1          1
        35         29          0          1
        36        199          1          1
        37        147          0          1
        38        132          0          1
        39         16          0          1
        40        206          0          1
        41        381          0          1
        42        382          0          1
        43        317          0          1
        44        174          0          1
        45        146          0          1
        46        284          1          1
        47        177          0          1
        48        367          0          1
        49          4          1          1
        50        288          0          1
        51        298          1          1
        52        151          0          1
        53        181          1          1
        54        183          0          1
        55        309          0          1
        56         70          0          1
        57        331          1          1
        58         17          0          1
        59        178          0          1
        60        361          1          1
        61         65          0          1
        62        258          0          1
        63        385          1          1
        64        332          0          1
        65         76          1          1
        66        236          0          1
        67        116          0          1
        68        186          0          1
        69        196          0          1
        70        266          1          1
        71        203          0          1
        72        245          0          1
        73        229          0          1
        74        191          0          1
        75        161          0          1
        76        400          0          1
        77        142          0          1
        78        108          1          1
        79        211          0          1
        80        364          0          1
        81         57          1          1
        82        397          0          1
        83        318          0          1
        84         47          1          1
        85         35          0          1
        86        173          1          1
        87        180          0          1
        88        247          1          1
        89        255          0          1
        90        359          0          1
        91         31          1          1
        92        224          0          1
        93        110          1          1
        94        377          0          1
        95        134          1          1
        96        118          0          1
        97        210          1          1
        98        232          0          1
        99        395          1          1
       100        259          0          1
       101        202          0          1
       102        122          0          1
       103        399          1          1
       104        379          0          1
       105        337          1          1
       106         12          0          1
       107         22          1          1
       108        292          0          1
       109         71          1          1
       110        324          0          1
       111        342          0          1
       112        360          0          1
       113        193          0          1
       114        127          0          1
       115         88          0          1
       116        306          0          1
       117        136          0          1
       118          5          1          1
       119        286          0          1
       120        268          0          1
       121        153          0          1
       122        270          0          1
       123        310          0          1
       124        169          0          1
       125        353          0          1
       126         96          0          1
       127        197          0          1
       128        125          0          1
       129        304          0          1
       130        303          1          1
       131        166          0          1
       132         18          0          1
       133        323          0          1
       134        188          0          1
       135        160          1          1
       136        250          0          1
       137        394          1          1
       138        100          0          1
       139         91          0          1
       140        343          1          1
       141        281          1          1
       142         34          0          1
       143        165          1          1
       144        356          0          1
       145        265          1          1
       146        349          0          1
       147        130          1          1
       148        135          0          1
       149        389          1          1
       150        391          0          1
       151        272          1          1
       152        154          0          1
       153        103          1          1
       154        190          0          1
       155        150          0          1
       156         90          1          1
       157        185          0          1
       158        375          1          1
       159        299          0          1
       160        287          0          1
       161        347          0          1
       162        387          1          1
       163        123          0          1
       164         53          1          1
       165         55          0          1
       166        252          0          1
       167        144          0          1
       168         72          1          1
       169        107          0          1
       170        256          1          1
       171         84          0          1
       172        227          1          1
       173        131          0          1
       174          7          1          1
       175         74          0          1
       176        390          0          1
       177        241          0          1
       178         48          0          1
       179        351          1          1
       180         42          0          1
       181         51          1          1
       182         94          0          1
       183         24          1          1
       184         89          0          1
       185        149          0          1
       186        249          0          1
       187        167          1          1
       188        158          0          1
       189         85          1          1
       190         80          0          1
       191         63          1          1
       192         15          0          1
       193        372          1          1
       194        145          0          1
       195        329          1          1
       196        300          0          1
       197        370          1          1
       198        248          0          1
       199        264          0          1
       200        386          0          1
       201        209          0          1
       202        396          1          1
       203        105          0          1
       204        217          1          1
       205        357          0          1
       206        215          1          1
       207         97          0          1
       208        308          1          1
       209        262          0          1
       210        230          1          1
       211         45          0          1
       212        307          0          1
       213        129          0          1
       214        156          0          1
       215        213          0          1
       216         46          1          1
       217        121          0          1
       218        140          1          1
       219        301          0          1
       220        204          1          1
       221         68          1          1
       222        133          0          1
       223        152          1          1
       224         66          0          1
       225        170          1          1
       226         62          0          1
       227         20          1          1
       228        231          0          1
       229        279          1          1
       230        296          0          1
       231         86          1          1
       232        354          0          1
       233         30          1          1
       234        320          0          1
       235        218          1          1
       236         67          0          1
       237        340          1          1
       238         23          0          1
       239        346          1          1
       240        398          0          1
       241        124          0          1
       242        371          1          1
       243        168          0          1
       244        205          1          1
       245        297          0          1
       246         78          1          1
       247        233          0          1
       248         32          1          1
       249        254          0          1
       250        148          1          1
       251         27          0          1
       252        137          1          1
       253        223          0          1
       254        271          1          1
       255        289          0          1
       256         87          1          1
       257        162          0          1
       258        322          0          1
       259         69          0          1
       260        339          1          1
       261        344          1          1
       262        295          0          1
       263        260          0          1
       264        293          0          1
       265        369          1          1
       266         11          0          1
       267         43          1          1
       268        182          0          1
       269         61          1          1
       270        237          0          1
       271        176          1          1
       272        257          0          1
       273        212          1          1
       274         28          0          1
       275        172          1          1
       276        126          0          1
       277        384          0          1
       278         13          0          1
       279        141          1          1
       280         56          0          1
       281        120          0          1
       282         41          0          1
       283        345          0          1
       284         73          0          1
       285         39          0          1
       286        219          1          1
       287        274          0          1
       288        302          1          1
       289         26          0          1
       290          8          1          1
       291        269          0          1
       292         82          1          1
       293        278          0          1
       294        358          1          1
       295        164          0          1
       296        319          1          1
       297        189          0          1
       298        334          1          1
       299        138          0          1
       300         92          1          1
       301        283          1          1
       302        335          0          1
       303        314          0          1
       304        374          0          1
       305        290          0          1
       306        282          0          1
       307         38          1          1
       308          2          0          1
       309        313          0          1
       310        261          0          1
       311        253          1          1
       312        355          0          1
       313        155          1          1
       314        393          0          1
       315        228          1          1
       316        200          0          1
       317        368          1          1
       318         40          0          1
       319        119          1          1
       320        111          0          1
       321        235          0          1
       322         95          1          1
       323         10          0          1
       324        392          1          1
       325          3          0          1
       326        336          1          1
       327        275          0          1
       328         93          0          1
       329        330          1          1
       330        159          0          1
       331        106          0          1
       332        101          1          1
       333        163          0          1
       334         33          0          1
       335          6          0          1
       336         59          1          1
       337        327          0          1
       338        128          1          1
       339        316          0          1
       340        363          1          1
       341        117          0          1
       342        325          0          1
       343        380          1          1
       344        246          0          1
       345          9          1          1
       346        113          0          1
       347         77          0          1
       348        222          1          1
       349        244          0          1
       350        184          1          1
       351          1          0          1
       352        214          0          1
       353        192          1          1
       354         58          0          1
       355        115          0          1
       356        305          0          1
       357         99          1          1
       358        207          0          1
       359         14          1          1
       360        383          0          1
       361        311          0          1
       362        285          1          1
       363         60          0          1
       364        315          1          1
       365        321          0          1
       366        139          0          1
       367        366          1          1
       368        280          0          1
       369        267          1          1
       370         21          0          1
       371        220          1          1
       372        198          0          1
       373        179          0          1
       374        187          0          1
       375        373          1          1
       376        277          0          1
       377         36          0          1
       378        102          1          1
       379        350          0          1
       380         37          1          1
       381        276          1          1
       382        388          0          1
       383         79          0          1
       384         50          0          1
       385         64          0          1
       386        194          0          1
       387        226          0          1
       388        291          0          1
       389        109          0          1
       390        365          1          1
       391         54          0          1
       392         52          1          1
       393         83          0          1
       394         44          0          1
       395        251          0          1
       396        143          0          1
       397        243          1          1
       398        362          0          1
       399         49          1          1
       400        376          0          1
               17429
configuration                    9                40000         2.1256859559521005E-03         2.9800000000000000E+02         1.3877787807814457E-17
         1        326          0          1
         2        356          1          1
         3        173          0          1
         4         63          1          1
         5         24          0          1
         6        352          0          1
         7        313          0          1
         8        171          1          1
         9        308          0          1
        10        101          1          1
        11         47          0          1
        12        168          1          1
        13        230          0          1
        14         33          1          1
        15        218          0          1
        16        312          0          1
        17        244          1          1
        18        387          0          1
        19         64          0          1
        20          6          1          1
        21         79          0          1
        22        157          0          1
        23         29          1          1
        24        136          0          1
        25         49          1          1
        26        291          0          1
        27        235          1          1
        28         31          0          1
        29         58          1          1
        30        392          0          1
        31        216          1          1
        32        330          0          1
        33         28          0          1
        34         34          0          1
        35        377          0          1
        36        281          1          1
        37        217          0          1
        38         97          0          1
        39        364          0          1
        40        206          0          1
        41        147          0          1
        42        207          1          1
        43        202          0          1
        44        331          1          1
        45          4          0          1
        46        180          1          1
        47        374          0          1
        48        241          1          1
        49        305          0          1
        50         26          1          1
        51        283          0          1
        52         53          0          1
        53        196          0          1
        54         41          1          1
        55         72          0          1
        56        211          0          1
        57        375          0          1
        58        155          0          1
        59        252          0          1
        60        186          1          1
        61         93          1          1
        62        242          0          1
        63        360          1          1
        64        274          0          1
        65         78          1          1
        66        222          0          1
        67         18          1          1
        68        345          0          1
        69        327          0          1
        70         36          0          1
        71        240          1          1
        72        148          0          1
        73        355          1          1
        74          3          0          1
        75        117          1          1
        76         38          0          1
        77        264          1          1
        78        177          0          1
        79        119          1          1
        80        105          0          1
        81        306          0          1
        82        390          1          1
        83        258          0          1
        84         70          1          1
        85        160          0          1
        86         56          1          1
        87        243          0          1
        88        365          1          1
        89        336          0          1
        90        214          1          1
        91        307          0          1
        92        273          1          1
        93        349          0          1
        94        118          1          1
        95        317          0          1
        96        112          0          1
        97        369          0          1
        98        231          1          1
        99        396          0          1
       100         25          0          1
       101        232          1          1
       102        261          0          1
       103        280          1          1
       104         91          0          1
       105        122          1          1
       106        385          0          1
       107        130          1          1
       108        279          0          1
       109        109          1          1
       110        395          0          1
       111         32          1          1
       112         99          0          1
       113        379          0          1
       114        108          0          1
       115         40          1          1
       116        199          0          1
       117        141          1          1
       118         48          0          1
       119        132          1          1
       120        399          0          1
       121        282          0          1
       122        195          1          1
       123        247          0          1
       124         76          1          1
       125        194          0          1
       126        245          1          1
       127        197          0          1
       128        166          1          1
       129        304          0          1
       130        310          1          1
       131        372          0          1
       132        103          1          1
       133         44          0          1
       134         23          0          1
       135        316          0          1
       136        208          1          1
       137        184          0          1
       138         11          1          1
       139        347          0          1
       140        294          1          1
       141          5          0          1
       142        121          0          1
       143        104          1          1
       144         43          0          1
       145         20          1          1
       146        275          0          1
       147        350          1          1
       148        135          0          1
       149        263          0          1
       150        391          0          1
       151        176          1          1
       152        154          0          1
       153        329          1          1
       154        174          0          1
       155        270          0          1
       156        319          0          1
       157         92          1          1
       158        116          0          1
       159        175          1          1
       160        323          0          1
       161         16          0          1
       162        388          1          1
       163         35          0          1
       164        165          0          1
       165         55          0          1
       166        370          0          1
       167        144          0          1
       168        328          0          1
       169        107          0          1
       170        142          1          1
       171         84          0          1
       172        140          1          1
       173        131          0          1
       174        138          1          1
       175        172          0          1
       176        134          1          1
       177        343          0          1
       178         14          1          1
       179         60          0          1
       180        358          1          1
       181        315          1          1
       182        393          0          1
       183         86          1          1
       184        341          0          1
       185         17          1          1
       186         62          0          1
       187        338          1          1
       188        158          0          1
       189        311          1          1
       190         80          0          1
       191        114          1          1
       192         15          0          1
       193        153          1          1
       194        145          0          1
       195        127          0          1
       196        300          0          1
       197         82          1          1
       198        221          0          1
       199        249          1          1
       200        386          0          1
       201        209          0          1
       202        397          1          1
       203        259          0          1
       204        373          0          1
       205         57          0          1
       206        284          0          1
       207         69          0          1
       208        170          1          1
       209        262          0          1
       210        384          1          1
       211         45          0          1
       212        257          0          1
       213        129          0          1
       214        159          1          1
       215        213          0          1
       216        106          1          1
       217        234          0          1
       218        299          0          1
       219        301          0          1
       220        265          1          1
       221         81          1          1
       222         59          0          1
       223        363          1          1
       224         66          0          1
       225        268          1          1
       226         13          0          1
       227         65          0          1
       228        353          0          1
       229         96          1          1
       230        296          0          1
       231        225          0          1
       232        354          0          1
       233         94          1          1
       234        320          0          1
       235        212          1          1
       236         67          0          1
       237        346          1          1
       238        287          0          1
       239         83          1          1
       240        298          0          1
       241         73          0          1
       242        271          1          1
       243         87          0          1
       244         54          1          1
       245        335          0          1
       246        185          1          1
       247        233          0          1
       248         95          0          1
       249        254          0          1
       250        124          1          1
       251        128          0          1
       252        220          1          1
       253        223          0          1
       254        314          1          1
       255        289          0          1
       256         61          0          1
       257        162          0          1
       258        381          0          1
       259        236          0          1
       260        382          1          1
       261        398          1          1
       262        295          0          1
       263        344          1          1
       264        293          0          1
       265        292          0          1
       266        188          0          1
       267        288          1          1
       268        181          0          1
       269        325          0          1
       270        227          0          1
       271         12          0          1
       272        190          0          1
       273        156          1          1
       274        187          0          1
       275        178          1          1
       276        322          0          1
       277        357          0          1
       278        309          0          1
       279        324          1          1
       280        163          0          1
       281        120          0          1
       282        340          1          1
       283        126          0          1
       284         50          1          1
       285         39          0          1
       286        237          1          1
       287        255          0          1
       288        205          1          1
       289        337          0          1
       290        111          0          1
       291        219          0          1
       292         30          1          1
       293        361          0          1
       294        239          1          1
       295        102          0          1
       296        169          1          1
       297        189          0          1
       298         90          1          1
       299        210          0          1
       300        115          0          1
       301         98          0          1
       302        100          0          1
       303        383          1          1
       304        152          0          1
       305        303          1          1
       306         51          0          1
       307        367          1          1
       308        333          0          1
       309         22          1          1
       310        167          0          1
       311          2          1          1
       312        351          0          1
       313         27          1          1
       314        229          0          1
       315         46          0          1
       316        200          0          1
       317        150          0          1
       318          8          0          1
       319        224          0          1
       320         74          0          1
       321        113          0          1
       322        297          1          1
       323         10          0          1
       324        400          0          1
       325         52          0          1
       326        238          0          1
       327        182          0          1
       328         77          0          1
       329        348          0          1
       330         21          1          1
       331        366          0          1
       332        183          1          1
       333        191          0          1
       334         75          1          1
       335        290          0          1
       336        139          1          1
       337         88          0          1
       338        278          1          1
       339        151          0          1
       340        260          1          1
       341        389          1          1
       342        125          0          1
       343        380          0          1
       344        246          0          1
       345        149          1          1
       346        285          0          1
       347        137          1          1
       348        253          0          1
       349         68          1          1
       350        269          0          1
       351        318          0          1
       352          1          0          1
       353        215          1          1
       354        342          0          1
       355         71          1          1
       356        143          0          1
       357        226          1          1
       358        394          0          1
       359        204          0          1
       360        164          0          1
       361        378          0          1
       362        286          1          1
       363         42          0          1
       364        362          1          1
       365        321          0          1
       366        266          1          1
       367          7          0          1
       368        277          1          1
       369        371          0          1
       370        272          1          1
       371        248          0          1
       372        161          1          1
       373        179          0          1
       374        203          1          1
       375        302          0          1
       376        368          0          1
       377        201          0          1
       378        251          1          1
       379          9          0          1
       380        198          1          1
       381        359          1          1
       382        339          0          1
       383        334          1          1
       384        193          0          1
       385        123          1          1
       386        192          0          1
       387         85          1          1
       388        267          0          1
       389        133          0          1
       390        276          0          1
       391         89          1          1
       392         37          0          1
       393         19          1          1
       394        250          0          1
       395        110          1          1
       396        256          0          1
       397        332          0          1
       398        146          0          1
       399        228          0          1
       400        376          0          1
               19925
configuration                   10                45000         2.3998791067458992E-03         2.9800000000000000E+02         1.3877787807814457E-17
         1        326          0          1
         2        154          1          1
         3         62          0          1
         4        289          1          1
         5         24          0          1
         6        381          1          1
         7         23          0          1
         8        293          1          1
         9        318          0          1
        10        327          0          1
        11        241          0          1
        12        312          0          1
        13        376          0          1
        14        352          1          1
        15        243          0          1
        16         16          1          1
        17        264          0          1
        18        138          0          1
        19         64          0          1
        20        159          1          1
        21        364          1          1
        22        157          0          1
        23        171          1          1
        24        136          0          1
        25        137          0          1
        26        291          0          1
        27        286          1          1
        28         31          0          1
        29        350          1          1
        30        392          0          1
        31        342          1          1
        32         81          0          1
        33        184          1          1
        34        169          0          1
        35        346          0          1
        36        149          0          1
        37        331          0          1
        38         97          0          1
        39        152          1          1
        40        206          0          1
        41        147          0          1
        42        133          1          1
        43        204          0          1
        44         60          0          1
        45          4          0          1
        46         71          1          1
        47        374          0          1
        48        245          0          1
        49        299          0          1
        50        282          1          1
        51        237          0          1
        52        323          1          1
        53        196          0          1
        54        118          1          1
        55        338          0          1
        56          9          1          1
        57        375          0          1
        58        400          0          1
        59          1          0          1
        60        301          1          1
        61        239          1          1
        62        211          0          1
        63        397          1          1
        64        274          0          1
        65        313          1          1
        66        222          0          1
        67        269          1          1
        68        248          0          1
        69        231          0          1
        70         78          0          1
        71         12          1          1
        72        280          0          1
        73        278          1          1
        74        140          0          1
        75        390          1          1
        76         38          0          1
        77        260          0          1
        78        121          0          1
        79        254          1          1
        80         25          0          1
        81        306          0          1
        82         19          1          1
        83        258          0          1
        84        123          1          1
        85        170          0          1
        86        101          1          1
        87        396          0          1
        88        102          0          1
        89        336          0          1
        90        227          0          1
        91        263          0          1
        92        176          1          1
        93        349          0          1
        94        367          1          1
        95        177          0          1
        96        218          1          1
        97        132          0          1
        98        174          1          1
        99        117          0          1
       100        362          1          1
       101        365          1          1
       102         93          0          1
       103        189          1          1
       104        310          0          1
       105        205          1          1
       106        385          0          1
       107        266          1          1
       108        279          0          1
       109         85          1          1
       110        395          0          1
       111        215          1          1
       112         99          0          1
       113        180          1          1
       114        108          0          1
       115         14          0          1
       116        199          0          1
       117        129          1          1
       118         48          0          1
       119         63          1          1
       120         39          0          1
       121         67          0          1
       122        308          1          1
       123        238          0          1
       124        297          1          1
       125        194          0          1
       126          8          1          1
       127         41          0          1
       128         92          1          1
       129        304          0          1
       130         20          1          1
       131        372          0          1
       132        200          1          1
       133        119          0          1
       134         70          0          1
       135        316          0          1
       136        255          1          1
       137        358          0          1
       138        156          1          1
       139        127          0          1
       140         44          1          1
       141        104          1          1
       142        106          0          1
       143        160          1          1
       144         43          0          1
       145        383          1          1
       146        275          0          1
       147        168          1          1
       148        135          0          1
       149        277          1          1
       150        391          0          1
       151        173          1          1
       152          6          0          1
       153        124          1          1
       154         29          0          1
       155         55          1          1
       156        319          0          1
       157        377          1          1
       158        116          0          1
       159        393          0          1
       160        221          0          1
       161        229          0          1
       162        325          1          1
       163        195          0          1
       164        382          0          1
       165        355          0          1
       166        115          1          1
       167        144          0          1
       168        347          1          1
       169        107          0          1
       170        287          0          1
       171         84          0          1
       172        161          0          1
       173        131          0          1
       174         75          1          1
       175         57          0          1
       176        270          1          1
       177        343          0          1
       178        378          0          1
       179        208          0          1
       180         18          0          1
       181        334          1          1
       182         26          0          1
       183        315          1          1
       184         91          0          1
       185        213          1          1
       186        236          0          1
       187        261          1          1
       188        158          0          1
       189         22          1          1
       190          7          0          1
       191         50          1          1
       192          2          0          1
       193        353          1          1
       194         51          0          1
       195         96          1          1
       196         89          0          1
       197        110          1          1
       198        122          0          1
       199         95          1          1
       200        386          0          1
       201        209          0          1
       202        380          1          1
       203        357          0          1
       204        223          1          1
       205         32          0          1
       206        191          0          1
       207         17          0          1
       208         33          0          1
       209        262          0          1
       210         49          1          1
       211         45          0          1
       212        175          0          1
       213         69          0          1
       214        114          1          1
       215          5          0          1
       216        388          1          1
       217         52          0          1
       218        302          0          1
       219        203          0          1
       220        220          1          1
       221         53          0          1
       222         59          0          1
       223        250          1          1
       224         66          0          1
       225        341          1          1
       226         13          0          1
       227          3          1          1
       228         30          0          1
       229        111          1          1
       230        296          0          1
       231         77          1          1
       232        354          0          1
       233        281          1          1
       234        320          0          1
       235        182          0          1
       236        251          0          1
       237        283          1          1
       238        109          0          1
       239        292          1          1
       240        298          0          1
       241         73          0          1
       242        130          0          1
       243         87          0          1
       244        247          1          1
       245        335          0          1
       246        379          1          1
       247         72          0          1
       248        234          0          1
       249        311          0          1
       250        105          1          1
       251        128          0          1
       252        166          1          1
       253        324          0          1
       254         58          1          1
       255        197          0          1
       256        344          0          1
       257        162          0          1
       258         47          1          1
       259         56          0          1
       260        228          1          1
       261        233          1          1
       262        295          0          1
       263         36          1          1
       264        314          0          1
       265        142          1          1
       266         28          0          1
       267        145          1          1
       268        183          0          1
       269        113          0          1
       270        217          0          1
       271        288          1          1
       272        190          0          1
       273         94          1          1
       274        225          0          1
       275        399          0          1
       276        178          0          1
       277        242          1          1
       278         37          0          1
       279        284          1          1
       280        163          0          1
       281        120          0          1
       282        273          1          1
       283        179          0          1
       284        369          1          1
       285        188          0          1
       286         79          0          1
       287        139          0          1
       288        340          1          1
       289         11          0          1
       290        249          1          1
       291        219          0          1
       292        360          1          1
       293        359          0          1
       294         61          1          1
       295        294          0          1
       296         86          1          1
       297         83          0          1
       298        373          1          1
       299        210          0          1
       300        322          1          1
       301        339          0          1
       302        100          0          1
       303         21          1          1
       304        290          0          1
       305        112          1          1
       306        259          0          1
       307         68          0          1
       308        230          0          1
       309        328          1          1
       310        271          0          1
       311        361          1          1
       312        224          0          1
       313        276          0          1
       314        214          0          1
       315        332          1          1
       316        253          0          1
       317        181          1          1
       318        307          0          1
       319        387          1          1
       320         74          0          1
       321         46          0          1
       322        240          1          1
       323         10          0          1
       324        330          1          1
       325        212          0          1
       326        317          0          1
       327        345          0          1
       328         76          1          1
       329        348          0          1
       330        268          0          1
       331        366          0          1
       332         15          1          1
       333        285          0          1
       334        272          1          1
       335        165          0          1
       336        155          1          1
       337         88          0          1
       338        185          1          1
       339        151          0          1
       340        141          0          1
       341         34          1          1
       342        125          0          1
       343        257          1          1
       344        246          0          1
       345        305          1          1
       346        148          0          1
       347        202          1          1
       348         40          0          1
       349        244          0          1
       350        351          0          1
       351        198          1          1
       352        134          0          1
       353         35          0          1
       354        384          0          1
       355        303          1          1
       356        143          0          1
       357         90          0          1
       358        394          0          1
       359        337          1          1
       360        164          0          1
       361        252          0          1
       362        187          0          1
       363         42          0          1
       364        363          1          1
       365        321          0          1
       366        356          0          1
       367        216          0          1
       368        126          1          1
       369        371          0          1
       370        232          1          1
       371        235          0          1
       372        368          1          1
       373         54          0          1
       374        207          0          1
       375         27          0          1
       376        398          1          1
       377        201          0          1
       378        167          1          1
       379        370          0          1
       380         65          1          1
       381         82          1          1
       382        186          0          1
       383         80          0          1
       384        193          0          1
       385        300          0          1
       386        192          0          1
       387        103          1          1
       388        267          0          1
       389        226          1          1
       390        333          0          1
       391        309          1          1
       392        150          0          1
       393        153          1          1
       394         98          0          1
       395        172          1          1
       396        256          0          1
       397        265          0          1
       398        146          0          1
       399        329          1          1
       400        389          0          1
               22424
configuration                   11                50000         2.6682026080760927E-03         2.9800000000000000E+02         1.3877787807814457E-17
         1        326          0          1
         2        119          1          1
         3         62          0          1
         4        309          0          1
         5        388          0          1
         6         73          0          1
         7        188          0          1
         8        324          0          1
         9        209          0          1
        10        160          0          1
        11        234          1          1
        12          7          0          1
        13        198          1          1
        14        383          0          1
        15        339          0          1
        16         74          1          1
        17        298          0          1
        18        302          1          1
        19        182          0          1
        20        136          1          1
        21        135          1          1
        22        157          0          1
        23         49          1          1
        24        344          0          1
        25        149          1          1
        26        291          0          1
        27        367          1          1
        28         31          0          1
        29        355          1          1
        30        392          0          1
        31        156          0          1
        32        210          0          1
        33        295          0          1
        34        385          0          1
        35        387          1          1
        36         90          0          1
        37        369          1          1
        38        359          0          1
        39        103          0          1
        40        329          0          1
        41        171          0          1
        42         96          1          1
        43        204          0          1
        44        348          1          1
        45          4          0          1
        46         14          0          1
        47         59          0          1
        48        244          0          1
        49        323          0          1
        50        211          0          1
        51        128          1          1
        52          2          0          1
        53        398          1          1
        54         23          0          1
        55         71          0          1
        56        393          1          1
        57        375          0          1
        58        122          1          1
        59          1          0          1
        60        350          1          1
        61         88          0          1
        62          6          0          1
        63        306          0          1
        64        274          0          1
        65        226          1          1
        66         91          0          1
        67        178          0          1
        68        356          0          1
        69        353          1          1
        70         78          0          1
        71        261          0          1
        72        180          0          1
        73        266          0          1
        74        167          0          1
        75        154          1          1
        76         38          0          1
        77        118          1          1
        78        121          0          1
        79        308          1          1
        80         32          0          1
        81         85          0          1
        82        316          1          1
        83        258          0          1
        84        249          1          1
        85        170          0          1
        86        102          1          1
        87        289          0          1
        88        138          1          1
        89        166          0          1
        90        141          1          1
        91        263          0          1
        92        252          1          1
        93        349          0          1
        94        115          0          1
        95        177          0          1
        96        153          1          1
        97        132          0          1
        98        229          1          1
        99        303          0          1
       100        169          0          1
       101        104          1          1
       102         93          0          1
       103        313          0          1
       104        208          0          1
       105        363          1          1
       106        380          0          1
       107        299          1          1
       108        279          0          1
       109         76          1          1
       110        395          0          1
       111        277          1          1
       112         99          0          1
       113         57          1          1
       114         34          0          1
       115        241          1          1
       116        199          0          1
       117        120          0          1
       118        293          0          1
       119        382          1          1
       120        322          0          1
       121        133          0          1
       122        176          0          1
       123        159          1          1
       124        341          0          1
       125        194          0          1
       126         21          1          1
       127         41          0          1
       128        310          1          1
       129        247          0          1
       130        212          1          1
       131        372          0          1
       132        222          0          1
       133        345          0          1
       134        253          0          1
       135        287          0          1
       136        189          0          1
       137        161          0          1
       138         22          1          1
       139        272          0          1
       140         95          1          1
       141        265          0          1
       142        325          0          1
       143        116          0          1
       144         43          0          1
       145        165          1          1
       146        275          0          1
       147         83          1          1
       148        110          0          1
       149        292          0          1
       150         42          0          1
       151        381          1          1
       152        255          0          1
       153         81          1          1
       154        327          0          1
       155        305          0          1
       156         45          0          1
       157         80          0          1
       158        207          0          1
       159        245          0          1
       160         52          0          1
       161        113          1          1
       162         75          0          1
       163        342          1          1
       164        203          0          1
       165        397          0          1
       166        232          1          1
       167        150          0          1
       168         50          0          1
       169        112          0          1
       170         44          0          1
       171         84          0          1
       172        140          0          1
       173        131          0          1
       174        185          1          1
       175        109          0          1
       176        223          0          1
       177        173          1          1
       178        358          0          1
       179        145          1          1
       180        235          0          1
       181        151          0          1
       182         40          1          1
       183        357          0          1
       184        242          0          1
       185          8          1          1
       186        236          0          1
       187        296          1          1
       188        158          0          1
       189        290          1          1
       190        351          0          1
       191        338          0          1
       192         48          0          1
       193         98          1          1
       194         51          0          1
       195         65          1          1
       196        179          0          1
       197        276          0          1
       198        319          1          1
       199        386          0          1
       200         37          1          1
       201        384          1          1
       202        142          0          1
       203         47          1          1
       204        254          0          1
       205        143          0          1
       206        108          1          1
       207         17          0          1
       208        206          1          1
       209        262          0          1
       210        224          1          1
       211         86          0          1
       212        238          1          1
       213         69          0          1
       214        280          1          1
       215        205          0          1
       216        368          0          1
       217        376          1          1
       218        107          0          1
       219        111          1          1
       220         20          0          1
       221         67          0          1
       222        328          1          1
       223        288          0          1
       224         56          1          1
       225         92          0          1
       226        117          0          1
       227        193          1          1
       228         30          0          1
       229        106          1          1
       230        248          0          1
       231         13          1          1
       232        243          0          1
       233         25          1          1
       234        216          0          1
       235        260          0          1
       236        366          1          1
       237        256          0          1
       238        300          0          1
       239        330          0          1
       240        231          1          1
       241         15          0          1
       242         55          0          1
       243         72          0          1
       244         11          0          1
       245        331          0          1
       246        240          0          1
       247        184          0          1
       248        281          1          1
       249        311          0          1
       250          9          1          1
       251         29          0          1
       252        239          0          1
       253        314          0          1
       254          5          0          1
       255        373          0          1
       256         27          0          1
       257        105          1          1
       258         19          0          1
       259         66          1          1
       260        361          0          1
       261        332          0          1
       262        278          0          1
       263        335          1          1
       264         70          0          1
       265        148          0          1
       266         28          0          1
       267        378          1          1
       268        307          0          1
       269         58          1          1
       270        217          0          1
       271        320          1          1
       272        273          0          1
       273        129          1          1
       274        100          0          1
       275        336          0          1
       276        347          1          1
       277        379          0          1
       278        124          1          1
       279        175          0          1
       280        144          1          1
       281        137          1          1
       282         63          0          1
       283        396          0          1
       284        125          1          1
       285        195          0          1
       286         39          1          1
       287        139          0          1
       288        283          1          1
       289        346          0          1
       290        126          1          1
       291        297          0          1
       292        186          1          1
       293        315          0          1
       294        200          0          1
       295        221          1          1
       296         89          0          1
       297        340          0          1
       298        250          0          1
       299         46          1          1
       300        181          0          1
       301        187          0          1
       302        168          0          1
       303        343          1          1
       304        191          0          1
       305         36          1          1
       306        259          0          1
       307        364          1          1
       308        230          0          1
       309         60          0          1
       310        271          0          1
       311        390          1          1
       312         77          0          1
       313        334          1          1
       314        362          0          1
       315        286          0          1
       316        360          1          1
       317        374          0          1
       318        301          1          1
       319        233          0          1
       320        337          1          1
       321        155          0          1
       322        152          1          1
       323        202          0          1
       324        219          1          1
       325        162          0          1
       326         87          1          1
       327        304          0          1
       328        400          0          1
       329         33          0          1
       330         61          0          1
       331        123          0          1
       332         10          1          1
       333        285          0          1
       334          3          0          1
       335        183          0          1
       336        317          0          1
       337        201          1          1
       338        174          0          1
       339         64          0          1
       340        130          0          1
       341        264          1          1
       342         54          0          1
       343        147          1          1
       344        391          0          1
       345        214          1          1
       346        318          0          1
       347        220          1          1
       348        228          0          1
       349        370          1          1
       350         35          0          1
       351        268          1          1
       352        237          0          1
       353        246          0          1
       354         82          0          1
       355        389          1          1
       356         97          0          1
       357         18          0          1
       358        394          0          1
       359         12          1          1
       360        164          0          1
       361        197          0          1
       362         24          1          1
       363        269          0          1
       364        365          0          1
       365        321          0          1
       366        354          1          1
       367        312          0          1
       368        352          0          1
       369        371          0          1
       370        377          0          1
       371        284          0          1
       372         16          0          1
       373         94          1          1
       374        134          0          1
       375        190          0          1
       376        227          1          1
       377        294          0          1
       378        267          1          1
       379         26          0          1
       380        213          1          1
       381        114          1          1
       382        399          0          1
       383        333          1          1
       384        225          0          1
       385        101          1          1
       386        192          0          1
       387        127          1          1
       388        146          0          1
       389        163          0          1
       390        218          1          1
       391        215          0          1
       392         53          1          1
       393        251          0          1
       394        257          1          1
       395         79          0          1
       396        196          0          1
       397        270          1          1
       398         68          0          1
       399        172          1          1
       400        282          0          1
               24931
configuration                   12                55000         2.9275289640393223E-03         2.9800000000000000E+02         1.3877787807814457E-17
         1        222          0          1
         2         82          1          1
         3         50          0          1
         4        355          0          1
         5        190          0          1
         6        313          0          1
         7        325          0          1
         8        124          1          1
         9         43          0          1
        10         98          0          1
        11         28          0          1
        12         83          0          1
        13         18          0          1
        14        126          1          1
        15        101          0          1
        16        102          1          1
        17          2          0          1
        18         90          1          1
        19        182          0          1
        20        249          1          1
        21        195          1          1
        22        157          0          1
        23         36          1          1
        24        167          0          1
        25          5          1          1
        26        385          0          1
        27        344          1          1
        28         31          0          1
        29        158          0          1
        30        116          1          1
        31        268          0          1
        32        306          1          1
        33        276          0          1
        34         57          0          1
        35        193          0          1
        36        280          0          1
        37        133          1          1
        38        191          0          1
        39        183          1          1
        40        329          0          1
        41        387          0          1
        42         73          0          1
        43        348          0          1
        44         34          0          1
        45          4          0          1
        46        328          1          1
        47        298          0          1
        48        339          0          1
        49         26          1          1
        50        245          0          1
        51         41          1          1
        52         59          0          1
        53        333          0          1
        54        203          1          1
        55        278          0          1
        56         80          1          1
        57        390          0          1
        58        302          1          1
        59          1          0          1
        60         22          1          1
        61        201          1          1
        62        378          0          1
        63        301          0          1
        64        151          1          1
        65        370          0          1
        66         91          0          1
        67        285          0          1
        68         11          0          1
        69        376          0          1
        70          8          1          1
        71        369          0          1
        72        265          0          1
        73        323          1          1
        74         39          0          1
        75        386          1          1
        76         38          0          1
        77        326          1          1
        78         78          0          1
        79        377          0          1
        80         32          0          1
        81        341          0          1
        82        250          0          1
        83        300          1          1
        84        181          0          1
        85        238          0          1
        86        303          1          1
        87        289          0          1
        88        237          1          1
        89        244          0          1
        90        113          0          1
        91        263          0          1
        92        220          1          1
        93        169          0          1
        94        136          1          1
        95        177          0          1
        96        148          1          1
        97        196          0          1
        98        123          1          1
        99        356          0          1
       100         23          1          1
       101         46          0          1
       102         72          1          1
       103        204          0          1
       104        218          1          1
       105        284          0          1
       106        380          0          1
       107        159          0          1
       108        279          0          1
       109        347          1          1
       110        395          0          1
       111        366          1          1
       112        281          0          1
       113        185          0          1
       114         63          0          1
       115         60          1          1
       116        199          0          1
       117        120          1          1
       118        254          0          1
       119         89          1          1
       120         17          0          1
       121        118          0          1
       122        357          0          1
       123        216          1          1
       124        117          0          1
       125        291          0          1
       126        170          1          1
       127        210          0          1
       128        275          0          1
       129        247          0          1
       130         56          1          1
       131        372          0          1
       132        310          0          1
       133        208          1          1
       134         58          0          1
       135        332          0          1
       136        367          1          1
       137        161          0          1
       138        345          1          1
       139         66          0          1
       140        290          1          1
       141        142          0          1
       142        228          1          1
       143        173          0          1
       144        129          0          1
       145        396          1          1
       146         61          0          1
       147        107          0          1
       148        165          0          1
       149        321          1          1
       150         42          0          1
       151        236          0          1
       152        226          1          1
       153         40          0          1
       154        327          0          1
       155        331          1          1
       156        391          0          1
       157        337          1          1
       158        137          0          1
       159        179          1          1
       160        382          0          1
       161        294          1          1
       162        309          0          1
       163        119          1          1
       164         21          0          1
       165         51          0          1
       166         81          1          1
       167        277          0          1
       168        200          1          1
       169        270          0          1
       170        128          0          1
       171         84          0          1
       172        251          0          1
       173         87          1          1
       174        140          0          1
       175         16          0          1
       176        233          1          1
       177        175          0          1
       178        103          1          1
       179        109          0          1
       180        336          0          1
       181        154          0          1
       182        364          1          1
       183        147          0          1
       184        242          1          1
       185        340          0          1
       186        317          0          1
       187        388          1          1
       188         64          0          1
       189         70          1          1
       190        351          0          1
       191         44          1          1
       192        130          0          1
       193        131          0          1
       194         35          0          1
       195        342          1          1
       196        257          0          1
       197        359          0          1
       198         15          0          1
       199        308          1          1
       200        223          0          1
       201         97          1          1
       202        234          0          1
       203         76          1          1
       204         62          0          1
       205        379          1          1
       206         79          0          1
       207        212          0          1
       208        259          1          1
       209        262          0          1
       210        155          0          1
       211         86          0          1
       212         74          1          1
       213         69          0          1
       214         20          1          1
       215        205          0          1
       216        334          1          1
       217         85          0          1
       218        365          1          1
       219        194          0          1
       220        293          0          1
       221         67          0          1
       222        150          1          1
       223        320          0          1
       224        106          0          1
       225         47          0          1
       226         55          0          1
       227        143          1          1
       228         30          0          1
       229        110          0          1
       230        144          1          1
       231        389          0          1
       232        243          0          1
       233        168          1          1
       234        360          0          1
       235        206          1          1
       236        394          0          1
       237        213          1          1
       238        393          0          1
       239         94          0          1
       240        271          1          1
       241        141          1          1
       242         99          0          1
       243        152          1          1
       244        104          0          1
       245        299          0          1
       246         29          1          1
       247        184          0          1
       248         96          0          1
       249        248          0          1
       250        392          0          1
       251        134          1          1
       252        272          0          1
       253        314          0          1
       254        316          1          1
       255        145          0          1
       256        188          0          1
       257        381          0          1
       258         19          0          1
       259        311          0          1
       260        361          0          1
       261        338          0          1
       262        132          1          1
       263        171          0          1
       264        330          1          1
       265        371          0          1
       266        174          0          1
       267        111          0          1
       268        252          1          1
       269        162          0          1
       270        217          0          1
       271        207          0          1
       272        273          0          1
       273        229          1          1
       274        100          0          1
       275        258          0          1
       276         75          1          1
       277        354          0          1
       278        241          0          1
       279        319          1          1
       280          3          0          1
       281         48          0          1
       282        211          0          1
       283        400          0          1
       284        324          0          1
       285        349          0          1
       286         77          1          1
       287        139          0          1
       288        227          0          1
       289        346          0          1
       290         92          1          1
       291        297          0          1
       292        384          1          1
       293        315          0          1
       294        282          1          1
       295        232          0          1
       296        295          0          1
       297        266          0          1
       298        352          0          1
       299        383          0          1
       300        125          1          1
       301         12          1          1
       302         65          0          1
       303        176          0          1
       304         24          0          1
       305         14          1          1
       306         49          0          1
       307        138          1          1
       308        264          0          1
       309        135          0          1
       310        358          0          1
       311        230          0          1
       312        121          0          1
       313        108          0          1
       314        362          0          1
       315        163          1          1
       316         95          0          1
       317        146          1          1
       318        239          0          1
       319          9          1          1
       320        368          0          1
       321        335          0          1
       322        221          1          1
       323        202          0          1
       324          7          1          1
       325        156          0          1
       326        307          1          1
       327        304          0          1
       328        397          1          1
       329        283          0          1
       330        296          0          1
       331          6          1          1
       332        235          0          1
       333         45          0          1
       334         88          1          1
       335        246          0          1
       336        153          1          1
       337        122          0          1
       338        287          1          1
       339        149          0          1
       340         25          1          1
       341        114          1          1
       342         54          0          1
       343        186          0          1
       344        261          0          1
       345        343          0          1
       346        318          0          1
       347        187          1          1
       348        350          0          1
       349        189          1          1
       350        209          0          1
       351        180          0          1
       352        260          0          1
       353        267          1          1
       354         52          0          1
       355         93          1          1
       356         13          0          1
       357        231          1          1
       358        214          0          1
       359        256          0          1
       360        164          0          1
       361        197          0          1
       362        127          0          1
       363        269          0          1
       364        374          1          1
       365        373          0          1
       366        115          0          1
       367        312          0          1
       368        105          0          1
       369        112          0          1
       370        305          1          1
       371        224          0          1
       372        198          0          1
       373        160          0          1
       374         10          1          1
       375        322          0          1
       376        288          1          1
       377        286          0          1
       378        215          1          1
       379        399          0          1
       380        253          0          1
       381        353          0          1
       382        219          0          1
       383        178          1          1
       384         33          0          1
       385        292          1          1
       386        192          0          1
       387        274          1          1
       388         27          0          1
       389        172          1          1
       390         71          0          1
       391        375          1          1
       392        240          0          1
       393        166          1          1
       394         53          0          1
       395         37          1          1
       396        398          0          1
       397        363          0          1
       398         68          0          1
       399        255          0          1
       400        225          0          1
               27433
configuration                   13                60000         3.1974152591350297E-03         2.9800000000000000E+02         1.3877787807814457E-17
         1        222          0          1
         2         81          1          1
         3         50          0          1
         4          5          1          1
         5        309          0          1
         6        367          1          1
         7        164          0          1
         8          3          0          1
         9        339          0          1
        10        220          1          1
        11        113          0          1
        12        305          1          1
        13        389          0          1
        14         28          1          1
        15        101          0          1
        16        346          1          1
        17          2          0          1
        18        354          1          1
        19        182          0          1
        20        384          1          1
        21        300          1          1
        22        208          0          1
        23         15          1          1
        24        167          0          1
        25        131          0          1
        26        115          0          1
        27        192          0          1
        28         13          0          1
        29         16          0          1
        30        175          0          1
        31        230          0          1
        32        359          0          1
        33        397          1          1
        34        135          0          1
        35        286          1          1
        36        280          0          1
        37        105          1          1
        38        191          0          1
        39        193          0          1
        40        363          0          1
        41         11          0          1
        42        350          1          1
        43         41          0          1
        44        224          1          1
        45        142          0          1
        46        236          1          1
        47        255          0          1
        48        213          0          1
        49        302          0          1
        50        238          0          1
        51        329          0          1
        52        360          1          1
        53         17          0          1
        54        112          0          1
        55        278          0          1
        56        341          1          1
        57         93          0          1
        58        336          0          1
        59          1          0          1
        60        393          0          1
        61         35          1          1
        62        211          0          1
        63        188          1          1
        64        130          0          1
        65        169          0          1
        66        249          0          1
        67        102          0          1
        68        114          0          1
        69        316          1          1
        70         25          0          1
        71         57          0          1
        72        361          0          1
        73        250          1          1
        74         39          0          1
        75        328          1          1
        76         20          0          1
        77        257          0          1
        78         76          0          1
        79        340          1          1
        80        368          0          1
        81         75          0          1
        82        267          0          1
        83        190          0          1
        84        274          0          1
        85         78          0          1
        86        262          0          1
        87        289          0          1
        88        209          0          1
        89        324          0          1
        90         26          1          1
        91        180          0          1
        92        241          0          1
        93        383          0          1
        94        139          1          1
        95          9          0          1
        96        110          1          1
        97        181          0          1
        98        392          1          1
        99        376          0          1
       100        298          1          1
       101        158          0          1
       102        221          1          1
       103        202          0          1
       104         58          0          1
       105        287          1          1
       106        248          0          1
       107         80          1          1
       108        382          0          1
       109        235          0          1
       110         79          0          1
       111        321          0          1
       112        134          0          1
       113        125          1          1
       114         92          0          1
       115        207          1          1
       116        199          0          1
       117         10          1          1
       118        301          0          1
       119         88          1          1
       120        154          0          1
       121         29          0          1
       122        147          0          1
       123        256          1          1
       124        282          0          1
       125        311          0          1
       126         12          1          1
       127        210          0          1
       128        150          0          1
       129        212          0          1
       130        229          1          1
       131        372          0          1
       132         43          1          1
       133        266          0          1
       134        306          0          1
       135        285          0          1
       136        352          1          1
       137        161          0          1
       138         94          0          1
       139        183          0          1
       140        162          1          1
       141         18          0          1
       142        218          1          1
       143        171          0          1
       144         30          0          1
       145        159          1          1
       146        281          0          1
       147         82          1          1
       148        165          0          1
       149        317          1          1
       150         42          0          1
       151        296          0          1
       152        189          0          1
       153        234          1          1
       154        347          0          1
       155        138          1          1
       156        391          0          1
       157        299          0          1
       158        137          0          1
       159         84          1          1
       160         14          0          1
       161        277          1          1
       162        395          0          1
       163        149          0          1
       164        174          1          1
       165        252          0          1
       166         48          1          1
       167        143          0          1
       168        141          1          1
       169        284          0          1
       170        111          0          1
       171        272          0          1
       172        120          1          1
       173        215          0          1
       174        396          0          1
       175        124          0          1
       176        326          1          1
       177        358          0          1
       178         51          1          1
       179         60          0          1
       180        127          0          1
       181        327          0          1
       182        153          0          1
       183        214          1          1
       184         86          0          1
       185        268          1          1
       186        148          0          1
       187        303          1          1
       188        307          0          1
       189        388          1          1
       190        178          0          1
       191        362          1          1
       192        203          0          1
       193        348          0          1
       194        119          0          1
       195        151          1          1
       196        177          0          1
       197        146          0          1
       198         34          0          1
       199        292          0          1
       200        344          1          1
       201         73          1          1
       202        103          0          1
       203         74          0          1
       204         89          1          1
       205         71          0          1
       206        129          1          1
       207        378          0          1
       208        400          1          1
       209        126          0          1
       210        259          1          1
       211        187          0          1
       212         40          1          1
       213         69          0          1
       214        364          1          1
       215        225          0          1
       216        385          1          1
       217         85          0          1
       218        263          0          1
       219        370          0          1
       220        334          0          1
       221        283          0          1
       222         59          1          1
       223        244          0          1
       224        304          0          1
       225         61          0          1
       226         52          0          1
       227         46          1          1
       228         37          0          1
       229        288          1          1
       230         55          0          1
       231        145          0          1
       232        251          0          1
       233        239          1          1
       234        217          0          1
       235        353          1          1
       236        332          0          1
       237         70          0          1
       238         19          0          1
       239         21          0          1
       240        157          0          1
       241        196          0          1
       242        318          0          1
       243        128          1          1
       244        312          0          1
       245        365          0          1
       246         63          1          1
       247        198          0          1
       248        253          1          1
       249        371          0          1
       250         77          0          1
       251        132          0          1
       252        276          1          1
       253        314          0          1
       254         56          0          1
       255        201          0          1
       256         83          0          1
       257        152          0          1
       258        333          1          1
       259        243          0          1
       260         90          1          1
       261        369          0          1
       262        375          1          1
       263         22          0          1
       264          6          1          1
       265        231          0          1
       266        379          0          1
       267        308          0          1
       268        295          0          1
       269        106          1          1
       270        343          0          1
       271        258          1          1
       272        273          0          1
       273        227          0          1
       274        100          0          1
       275        170          1          1
       276         72          0          1
       277         98          1          1
       278         97          0          1
       279        144          0          1
       280        290          0          1
       281        108          1          1
       282        133          0          1
       283         91          1          1
       284         64          0          1
       285         24          1          1
       286        355          0          1
       287        338          0          1
       288        323          1          1
       289        194          0          1
       290        184          1          1
       291        297          0          1
       292         45          1          1
       293        315          0          1
       294        313          1          1
       295        232          0          1
       296        204          1          1
       297        245          0          1
       298        163          1          1
       299         53          0          1
       300        342          0          1
       301        206          0          1
       302        381          1          1
       303        331          0          1
       304        109          0          1
       305        228          0          1
       306         49          0          1
       307          7          0          1
       308        264          0          1
       309        260          1          1
       310        357          0          1
       311        136          1          1
       312        121          0          1
       313        310          1          1
       314        107          0          1
       315        294          0          1
       316        166          0          1
       317        279          1          1
       318        398          0          1
       319        293          1          1
       320        386          0          1
       321        335          0          1
       322        104          0          1
       323        179          0          1
       324        123          1          1
       325        156          0          1
       326        291          1          1
       327        155          0          1
       328        185          1          1
       329        351          0          1
       330        216          0          1
       331         44          0          1
       332        394          0          1
       333        117          0          1
       334         87          1          1
       335        246          0          1
       336        337          1          1
       337        226          0          1
       338         31          1          1
       339        320          0          1
       340        223          1          1
       341          4          1          1
       342        345          0          1
       343         32          1          1
       344        195          0          1
       345        172          1          1
       346        390          0          1
       347         99          1          1
       348        349          0          1
       349         65          1          1
       350         36          0          1
       351        330          1          1
       352        197          0          1
       353         23          0          1
       354        242          0          1
       355         47          0          1
       356        118          0          1
       357        237          1          1
       358         66          0          1
       359        319          0          1
       360          8          0          1
       361        377          0          1
       362         54          1          1
       363        269          0          1
       364        116          1          1
       365        373          0          1
       366        325          0          1
       367         95          0          1
       368        240          0          1
       369        186          0          1
       370        366          1          1
       371         62          0          1
       372        380          1          1
       373        160          0          1
       374        387          1          1
       375        322          0          1
       376        247          1          1
       377        140          0          1
       378         27          1          1
       379        399          0          1
       380        168          1          1
       381         96          1          1
       382        219          0          1
       383        270          0          1
       384         33          0          1
       385        374          1          1
       386        275          0          1
       387         67          1          1
       388        254          0          1
       389        205          1          1
       390        233          0          1
       391        173          1          1
       392        261          0          1
       393        265          0          1
       394         38          0          1
       395        122          0          1
       396        271          0          1
       397        176          1          1
       398         68          0          1
       399        200          0          1
       400        356          0          1
               29934
configuration                   14                65000         3.4607643133752041E-03         2.9800000000000000E+02         1.3877787807814457E-17
         1         81          0          1
         2          3          1          1
         3        313          0          1
         4        346          1          1
         5        123          0          1
         6        325          1          1
         7        164          0          1
         8         46          1          1
         9        339          0          1
        10         99          1          1
        11        113          0          1
        12        221          1          1
        13         64          0          1
        14        107          0          1
        15        282          1          1
        16        188          0          1
        17          2          0          1
        18        237          0          1
        19        121          0          1
        20        232          1          1
        21        167          0          1
        22        185          0          1
        23        319          1          1
        24        315          0          1
        25        331          1          1
        26        110          0          1
        27        378          1          1
        28         66          0          1
        29         96          1          1
        30        175          0          1
        31         16          1          1
        32        200          0          1
        33        306          0          1
        34        264          1          1
        35        140          0          1
        36        247          1          1
        37         20          0          1
        38        127          0          1
        39        208          1          1
        40        136          0          1
        41         11          0          1
        42        295          1          1
        43         41          0          1
        44        101          1          1
        45        142          0          1
        46        118          1          1
        47        255          0          1
        48        304          1          1
        49        302          0          1
        50        265          1          1
        51        147          0          1
        52         84          0          1
        53         62          1          1
        54        274          0          1
        55        169          1          1
        56        157          0          1
        57        122          1          1
        58        356          0          1
        59        311          0          1
        60        343          0          1
        61        115          1          1
        62        184          0          1
        63         79          1          1
        64        267          0          1
        65         23          1          1
        66        171          0          1
        67        133          0          1
        68        114          0          1
        69        192          1          1
        70        396          0          1
        71        209          0          1
        72        361          0          1
        73        173          0          1
        74        326          1          1
        75        137          0          1
        76        266          1          1
        77        329          0          1
        78        273          0          1
        79        271          1          1
        80        368          0          1
        81         29          0          1
        82        272          1          1
        83        230          0          1
        84        278          1          1
        85         78          0          1
        86         54          1          1
        87        289          0          1
        88         22          1          1
        89         55          0          1
        90        227          0          1
        91         70          0          1
        92        239          1          1
        93        383          0          1
        94        139          0          1
        95          9          0          1
        96        248          0          1
        97        206          0          1
        98         60          1          1
        99        376          0          1
       100        210          0          1
       101        231          1          1
       102        125          0          1
       103         27          1          1
       104        104          0          1
       105         21          1          1
       106         34          0          1
       107        303          0          1
       108        330          0          1
       109         32          1          1
       110        263          0          1
       111         10          1          1
       112        362          0          1
       113        300          1          1
       114         92          0          1
       115        198          1          1
       116         63          0          1
       117        320          1          1
       118          1          0          1
       119        293          1          1
       120        389          0          1
       121        151          0          1
       122        222          1          1
       123        149          0          1
       124        234          0          1
       125        218          0          1
       126         17          1          1
       127        357          0          1
       128        268          1          1
       129        182          0          1
       130         35          1          1
       131        296          0          1
       132         75          1          1
       133        132          0          1
       134         59          1          1
       135        285          0          1
       136        259          0          1
       137        161          0          1
       138        312          1          1
       139        316          0          1
       140        153          1          1
       141        102          1          1
       142          7          0          1
       143        187          1          1
       144         45          0          1
       145        241          1          1
       146        281          0          1
       147        219          1          1
       148        244          0          1
       149        250          1          1
       150          8          0          1
       151         36          1          1
       152        189          0          1
       153        382          1          1
       154        347          0          1
       155        351          1          1
       156        391          0          1
       157        144          1          1
       158        129          0          1
       159         19          0          1
       160        299          0          1
       161        158          0          1
       162        317          1          1
       163        342          0          1
       164        150          1          1
       165        252          0          1
       166        333          1          1
       167        143          0          1
       168         12          1          1
       169        384          0          1
       170        178          0          1
       171        190          0          1
       172        258          1          1
       173        105          0          1
       174        179          0          1
       175        214          0          1
       176        354          1          1
       177        358          0          1
       178        269          1          1
       179          5          0          1
       180        165          1          1
       181        340          0          1
       182        148          0          1
       183        120          1          1
       184        242          0          1
       185        350          0          1
       186         38          0          1
       187        297          0          1
       188        318          0          1
       189        323          1          1
       190        116          0          1
       191         25          0          1
       192        203          0          1
       193        380          1          1
       194         65          0          1
       195        223          0          1
       196        177          0          1
       197        335          1          1
       198        145          0          1
       199        253          1          1
       200         37          0          1
       201        135          0          1
       202        277          1          1
       203        365          0          1
       204        204          1          1
       205        160          0          1
       206        201          1          1
       207        176          0          1
       208        284          1          1
       209        126          0          1
       210        388          0          1
       211         47          1          1
       212        322          0          1
       213         69          0          1
       214         87          1          1
       215        225          0          1
       216        124          1          1
       217        213          0          1
       218        260          0          1
       219        381          0          1
       220        400          1          1
       221         48          0          1
       222        348          0          1
       223        211          1          1
       224        394          0          1
       225        235          1          1
       226         91          0          1
       227         76          1          1
       228         72          0          1
       229        334          0          1
       230        134          0          1
       231        162          0          1
       232        251          0          1
       233         51          1          1
       234        217          0          1
       235        309          1          1
       236         85          0          1
       237        216          0          1
       238        369          0          1
       239        180          1          1
       240        360          0          1
       241        287          0          1
       242        256          1          1
       243        229          0          1
       244        141          1          1
       245        163          0          1
       246        352          1          1
       247        341          0          1
       248         31          1          1
       249        371          0          1
       250        207          1          1
       251        393          0          1
       252        215          0          1
       253        261          0          1
       254        212          1          1
       255         43          0          1
       256        205          1          1
       257        379          0          1
       258        154          1          1
       259        243          0          1
       260         52          0          1
       261         26          1          1
       262         86          0          1
       263        308          1          1
       264        138          0          1
       265        363          0          1
       266        366          0          1
       267         14          1          1
       268        280          0          1
       269        111          1          1
       270        324          0          1
       271        283          0          1
       272        174          0          1
       273        172          1          1
       274        305          0          1
       275        294          1          1
       276         42          0          1
       277        220          1          1
       278         97          0          1
       279        395          1          1
       280        290          0          1
       281        226          0          1
       282        108          1          1
       283         18          0          1
       284        387          1          1
       285         24          0          1
       286         57          1          1
       287        338          0          1
       288        249          1          1
       289        327          0          1
       290         77          1          1
       291        355          0          1
       292         74          1          1
       293        353          0          1
       294        374          1          1
       295         56          0          1
       296        292          1          1
       297        245          0          1
       298         39          1          1
       299         53          0          1
       300        262          1          1
       301        392          1          1
       302         40          0          1
       303        224          1          1
       304        183          0          1
       305        197          0          1
       306         49          0          1
       307          4          0          1
       308        370          0          1
       309        270          0          1
       310        344          0          1
       311        103          1          1
       312        310          0          1
       313         80          0          1
       314        168          0          1
       315        301          1          1
       316        166          0          1
       317         61          1          1
       318        398          0          1
       319         33          0          1
       320        386          0          1
       321        336          0          1
       322        291          1          1
       323        276          0          1
       324        286          1          1
       325        156          0          1
       326        106          1          1
       327        155          0          1
       328         71          1          1
       329        130          0          1
       330        117          1          1
       331         44          0          1
       332        228          1          1
       333         98          0          1
       334          6          1          1
       335        246          0          1
       336        307          1          1
       337        372          0          1
       338         67          1          1
       339        193          0          1
       340        397          1          1
       341        152          1          1
       342        345          0          1
       343         83          1          1
       344        195          0          1
       345        159          0          1
       346        390          0          1
       347        328          1          1
       348        349          0          1
       349        288          0          1
       350        332          0          1
       351        146          1          1
       352        131          0          1
       353        238          1          1
       354         58          0          1
       355        100          1          1
       356        128          0          1
       357         15          1          1
       358        367          0          1
       359         30          0          1
       360        112          0          1
       361        377          0          1
       362         94          1          1
       363        196          0          1
       364        236          1          1
       365        373          0          1
       366        194          1          1
       367         95          0          1
       368        119          1          1
       369        186          0          1
       370        199          1          1
       371        359          0          1
       372        191          1          1
       373        257          0          1
       374         88          1          1
       375         89          0          1
       376        170          1          1
       377        385          0          1
       378        298          1          1
       379        399          0          1
       380        375          1          1
       381        337          1          1
       382        321          0          1
       383        240          1          1
       384        202          0          1
       385         93          0          1
       386        275          0          1
       387         13          1          1
       388        254          0          1
       389         82          1          1
       390        233          0          1
       391        109          1          1
       392        314          0          1
       393         50          1          1
       394        279          0          1
       395        364          0          1
       396         28          0          1
       397         73          1          1
       398         68          0          1
       399        181          1          1
       400         90          0          1
               32422
configuration                   15                70000         3.7331748888787819E-03         2.9800000000000000E+02         1.3877787807814457E-17
         1        213          0          1
         2        118          1          1
         3        148          0          1
         4        265          1          1
         5        123          0          1
         6         69          0          1
         7         10          0          1
         8        161          1          1
         9        371          0          1
        10        262          1          1
        11        296          0          1
        12        340          0          1
        13         64          0          1
        14         77          0          1
        15         33          1          1
        16        230          0          1
        17          2          0          1
        18        137          1          1
        19        121          0          1
        20         20          1          1
        21        217          1          1
        22        279          0          1
        23        204          1          1
        24        192          0          1
        25        287          1          1
        26        124          0          1
        27        267          1          1
        28        260          0          1
        29         80          1          1
        30        221          0          1
        31        297          0          1
        32        190          0          1
        33        256          0          1
        34         75          0          1
        35        200          0          1
        36         27          0          1
        37        246          1          1
        38        375          0          1
        39        273          1          1
        40        107          0          1
        41        222          0          1
        42         35          1          1
        43         41          0          1
        44        291          1          1
        45        142          0          1
        46        338          1          1
        47        357          0          1
        48        154          1          1
        49         59          0          1
        50        335          0          1
        51        111          1          1
        52        185          0          1
        53        393          0          1
        54        264          0          1
        55        366          0          1
        56        254          0          1
        57        389          0          1
        58         81          1          1
        59        374          0          1
        60        399          1          1
        61        203          1          1
        62        306          0          1
        63         13          1          1
        64        207          0          1
        65        328          1          1
        66        171          0          1
        67        169          0          1
        68        233          0          1
        69        198          1          1
        70         93          0          1
        71         60          0          1
        72        387          0          1
        73        228          0          1
        74        382          1          1
        75         82          0          1
        76        100          0          1
        77        311          1          1
        78        396          0          1
        79         98          1          1
        80        378          0          1
        81         29          0          1
        82        355          1          1
        83        218          0          1
        84        276          1          1
        85         78          0          1
        86        110          1          1
        87        289          0          1
        88        354          0          1
        89         55          0          1
        90         49          1          1
        91        384          0          1
        92        119          0          1
        93        186          0          1
        94        173          0          1
        95        211          1          1
        96         61          0          1
        97         73          0          1
        98        310          0          1
        99         45          0          1
       100        138          0          1
       101        395          1          1
       102        125          0          1
       103        313          0          1
       104        304          0          1
       105         14          1          1
       106         34          0          1
       107        299          1          1
       108         19          0          1
       109        103          1          1
       110        269          0          1
       111        253          0          1
       112        229          1          1
       113        275          0          1
       114        208          1          1
       115        178          0          1
       116        324          0          1
       117        251          1          1
       118        392          0          1
       119        350          1          1
       120        258          0          1
       121        151          0          1
       122         39          1          1
       123        122          0          1
       124         56          0          1
       125        191          0          1
       126        223          1          1
       127         50          0          1
       128          9          1          1
       129        182          0          1
       130         21          1          1
       131        152          0          1
       132         37          0          1
       133         31          1          1
       134        319          0          1
       135        266          0          1
       136        390          1          1
       137        364          0          1
       138        159          1          1
       139        272          0          1
       140        302          1          1
       141        362          1          1
       142        155          0          1
       143        278          1          1
       144        164          0          1
       145        226          1          1
       146        317          0          1
       147        351          1          1
       148        244          0          1
       149        344          1          1
       150          8          0          1
       151          4          0          1
       152        205          1          1
       153        239          0          1
       154         83          0          1
       155        305          1          1
       156        391          0          1
       157        242          1          1
       158        129          0          1
       159        202          1          1
       160        163          0          1
       161        365          0          1
       162         15          1          1
       163        234          0          1
       164         88          1          1
       165          7          0          1
       166        337          0          1
       167        143          0          1
       168        196          1          1
       169        347          0          1
       170        216          1          1
       171        114          0          1
       172        184          0          1
       173        281          0          1
       174        290          1          1
       175        214          0          1
       176        165          1          1
       177        358          0          1
       178        285          1          1
       179          5          0          1
       180        342          0          1
       181         40          0          1
       182        116          0          1
       183         94          1          1
       184        307          0          1
       185          1          0          1
       186        294          0          1
       187        248          1          1
       188        318          0          1
       189        263          1          1
       190        176          0          1
       191        181          1          1
       192         38          0          1
       193        249          1          1
       194         66          0          1
       195        188          1          1
       196        177          0          1
       197        332          1          1
       198        145          0          1
       199        295          1          1
       200         65          0          1
       201        383          0          1
       202        175          1          1
       203        237          0          1
       204        320          0          1
       205        271          1          1
       206         25          0          1
       207         17          0          1
       208        144          1          1
       209        126          0          1
       210        206          1          1
       211        303          0          1
       212         99          0          1
       213        352          0          1
       214        298          1          1
       215         12          0          1
       216        277          1          1
       217        308          0          1
       218         28          1          1
       219        212          0          1
       220         26          1          1
       221        168          1          1
       222        174          0          1
       223         32          0          1
       224        373          1          1
       225        150          0          1
       226        349          0          1
       227         51          1          1
       228         72          0          1
       229        370          1          1
       230        134          0          1
       231        369          1          1
       232        368          0          1
       233        235          1          1
       234        397          0          1
       235        153          1          1
       236         85          0          1
       237        102          1          1
       238        146          0          1
       239        127          1          1
       240        343          0          1
       241         23          0          1
       242        309          1          1
       243        219          0          1
       244        282          0          1
       245         70          0          1
       246        385          1          1
       247        327          0          1
       248         91          0          1
       249        363          0          1
       250        326          1          1
       251        172          0          1
       252        149          1          1
       253        261          0          1
       254        367          1          1
       255        288          0          1
       256        394          1          1
       257        379          0          1
       258        170          1          1
       259        388          0          1
       260        140          1          1
       261        136          1          1
       262        141          0          1
       263        113          1          1
       264        132          0          1
       265         92          0          1
       266        157          0          1
       267         95          0          1
       268        243          0          1
       269        104          1          1
       270         76          0          1
       271        189          0          1
       272        231          0          1
       273        316          1          1
       274        348          0          1
       275         36          1          1
       276        380          0          1
       277        280          1          1
       278         97          0          1
       279        201          1          1
       280        227          0          1
       281        381          0          1
       282        232          1          1
       283         18          0          1
       284        183          1          1
       285         67          0          1
       286        158          1          1
       287         22          0          1
       288        130          1          1
       289         48          0          1
       290        255          0          1
       291        400          0          1
       292         57          0          1
       293        179          0          1
       294         63          1          1
       295        250          0          1
       296        238          1          1
       297        245          0          1
       298        323          1          1
       299        199          0          1
       300        167          1          1
       301        224          0          1
       302        166          0          1
       303        194          1          1
       304        197          0          1
       305        240          1          1
       306        193          0          1
       307        106          0          1
       308        215          0          1
       309         11          1          1
       310        274          0          1
       311        376          0          1
       312        247          0          1
       313         96          1          1
       314         30          0          1
       315        115          1          1
       316         24          0          1
       317        120          1          1
       318         62          0          1
       319        195          1          1
       320        339          0          1
       321        336          0          1
       322        398          1          1
       323         46          0          1
       324         54          1          1
       325         71          0          1
       326         87          1          1
       327        283          0          1
       328        341          0          1
       329        160          0          1
       330         79          1          1
       331         44          0          1
       332        333          1          1
       333        360          0          1
       334          6          1          1
       335         47          0          1
       336         43          1          1
       337        372          0          1
       338        108          1          1
       339        241          0          1
       340        147          0          1
       341        109          0          1
       342        268          0          1
       343         68          1          1
       344        101          0          1
       345        361          1          1
       346        286          0          1
       347        220          1          1
       348        301          0          1
       349        139          1          1
       350        135          0          1
       351         42          0          1
       352        131          0          1
       353        356          1          1
       354         58          0          1
       355        325          0          1
       356        284          0          1
       357        292          0          1
       358         86          0          1
       359        128          1          1
       360        112          0          1
       361        377          0          1
       362        315          1          1
       363        252          0          1
       364        236          1          1
       365        210          0          1
       366        270          0          1
       367        321          0          1
       368         16          0          1
       369        259          0          1
       370        225          1          1
       371        359          0          1
       372          3          1          1
       373        257          0          1
       374        187          1          1
       375        133          0          1
       376        353          1          1
       377        322          0          1
       378        105          1          1
       379        330          0          1
       380         52          1          1
       381        293          1          1
       382         53          0          1
       383        180          1          1
       384        312          0          1
       385        346          1          1
       386        329          0          1
       387        209          0          1
       388        162          0          1
       389         89          1          1
       390        331          0          1
       391        345          1          1
       392        314          0          1
       393        156          1          1
       394        334          0          1
       395         84          0          1
       396         74          0          1
       397        300          1          1
       398        117          0          1
       399        386          1          1
       400         90          0          1
               34925
configuration                   16                75000         4.0070371894411882E-03         2.9800000000000000E+02         1.3877787807814457E-17
         1        393          0          1
         2        121          0          1
         3        118          0          1
         4        285          1          1
         5        156          0          1
         6        248          1          1
         7        197          0          1
         8         89          1          1
         9        284          0          1
        10         83          0          1
        11        222          0          1
        12        299          0          1
        13         68          0          1
        14        250          1          1
        15         47          0          1
        16        233          1          1
        17        223          0          1
        18         33          1          1
        19        387          0          1
        20        150          1          1
        21        151          1          1
        22        131          0          1
        23        192          0          1
        24         94          0          1
        25        128          1          1
        26         60          0          1
        27          2          0          1
        28        251          0          1
        29         77          0          1
        30        306          0          1
        31         16          1          1
        32        231          0          1
        33        338          0          1
        34        352          0          1
        35        355          0          1
        36        366          0          1
        37        125          1          1
        38        200          0          1
        39         37          1          1
        40        113          0          1
        41        147          0          1
        42        314          1          1
        43         64          0          1
        44        394          1          1
        45        142          0          1
        46         74          1          1
        47        361          0          1
        48        203          1          1
        49        107          0          1
        50        286          1          1
        51        383          0          1
        52        249          1          1
        53         41          0          1
        54        373          0          1
        55        179          0          1
        56        358          1          1
        57        389          0          1
        58        298          0          1
        59        363          0          1
        60        235          0          1
        61        311          0          1
        62        221          0          1
        63         32          1          1
        64        207          0          1
        65        104          0          1
        66        122          0          1
        67        277          1          1
        68        256          0          1
        69         72          1          1
        70        159          0          1
        71        359          1          1
        72        239          0          1
        73        275          1          1
        74        296          0          1
        75        362          1          1
        76         90          0          1
        77        384          0          1
        78         10          1          1
        79         76          0          1
        80         56          0          1
        81        328          0          1
        82        295          0          1
        83        310          0          1
        84        155          1          1
        85        319          0          1
        86        230          1          1
        87          6          0          1
        88          7          1          1
        89        165          0          1
        90         46          1          1
        91        232          0          1
        92        280          1          1
        93        173          0          1
        94        227          1          1
        95        187          0          1
        96        153          0          1
        97        351          0          1
        98        368          0          1
        99         27          0          1
       100        337          1          1
       101        183          0          1
       102        308          1          1
       103        167          0          1
       104         95          0          1
       105        274          1          1
       106         34          0          1
       107         24          1          1
       108         19          0          1
       109        115          1          1
       110         59          0          1
       111         58          1          1
       112        267          0          1
       113        390          1          1
       114        320          0          1
       115         73          1          1
       116        324          0          1
       117        168          1          1
       118         93          0          1
       119        376          1          1
       120        237          0          1
       121        301          1          1
       122        144          0          1
       123        136          0          1
       124        399          1          1
       125        293          0          1
       126        193          0          1
       127         50          0          1
       128        196          1          1
       129        182          0          1
       130         57          1          1
       131         88          0          1
       132        282          1          1
       133        375          0          1
       134        374          1          1
       135        266          0          1
       136        333          0          1
       137        364          0          1
       138         71          1          1
       139          4          0          1
       140        345          0          1
       141         30          0          1
       142        102          0          1
       143        178          0          1
       144        281          0          1
       145         54          1          1
       146        317          0          1
       147        164          0          1
       148        244          0          1
       149         39          1          1
       150          8          0          1
       151        336          0          1
       152        211          0          1
       153        201          1          1
       154         79          0          1
       155        160          1          1
       156        391          0          1
       157        189          1          1
       158        129          0          1
       159         78          1          1
       160        163          0          1
       161        292          0          1
       162         53          1          1
       163        234          0          1
       164         15          0          1
       165         81          0          1
       166        140          1          1
       167        143          0          1
       168        161          1          1
       169        228          0          1
       170        139          1          1
       171        273          0          1
       172        130          1          1
       173        291          0          1
       174        225          1          1
       175        214          0          1
       176        395          1          1
       177        347          0          1
       178        148          1          1
       179          5          0          1
       180        154          1          1
       181        302          0          1
       182        116          0          1
       183        241          1          1
       184        236          0          1
       185         38          1          1
       186        294          0          1
       187        260          1          1
       188        318          0          1
       189         29          1          1
       190        176          0          1
       191        184          1          1
       192        166          0          1
       193        180          0          1
       194        213          0          1
       195        120          1          1
       196        177          0          1
       197        378          1          1
       198         49          0          1
       199         23          1          1
       200         65          0          1
       201         98          0          1
       202        169          0          1
       203        188          0          1
       204        342          1          1
       205         40          0          1
       206        152          1          1
       207        356          0          1
       208        380          1          1
       209        126          0          1
       210        119          0          1
       211        303          0          1
       212        198          1          1
       213        181          0          1
       214        252          1          1
       215         12          0          1
       216        344          1          1
       217        290          0          1
       218        334          0          1
       219         82          0          1
       220          9          1          1
       221        191          1          1
       222        396          0          1
       223        245          1          1
       224        226          0          1
       225        175          0          1
       226        349          0          1
       227        313          0          1
       228        341          0          1
       229        100          1          1
       230        205          0          1
       231        382          1          1
       232        276          0          1
       233          1          1          1
       234        397          0          1
       235        124          0          1
       236         85          0          1
       237        322          0          1
       238        146          0          1
       239        305          1          1
       240        343          0          1
       241        263          0          1
       242         26          1          1
       243        106          0          1
       244        331          1          1
       245         70          0          1
       246        243          0          1
       247        327          0          1
       248         13          1          1
       249        300          0          1
       250        190          1          1
       251        172          0          1
       252        272          0          1
       253        261          0          1
       254        108          1          1
       255        288          0          1
       256        194          1          1
       257        379          0          1
       258          3          1          1
       259        388          0          1
       260         17          1          1
       261        372          0          1
       262        141          0          1
       263         55          1          1
       264        132          0          1
       265        186          1          1
       266        157          0          1
       267        367          0          1
       268        149          0          1
       269        208          1          1
       270        354          0          1
       271        386          1          1
       272        229          0          1
       273        109          1          1
       274        348          0          1
       275        265          1          1
       276        297          0          1
       277        392          1          1
       278         91          0          1
       279         97          1          1
       280        240          0          1
       281        209          0          1
       282         25          0          1
       283         99          0          1
       284        123          1          1
       285         67          0          1
       286        258          0          1
       287         22          0          1
       288         36          0          1
       289         48          0          1
       290        145          1          1
       291        270          0          1
       292         18          1          1
       293        170          0          1
       294        162          1          1
       295         35          0          1
       296         84          1          1
       297        262          0          1
       298        264          0          1
       299        199          0          1
       300        202          1          1
       301        185          1          1
       302        304          0          1
       303        137          1          1
       304         80          0          1
       305        400          1          1
       306         66          0          1
       307        332          1          1
       308        215          0          1
       309        255          0          1
       310        346          0          1
       311        357          1          1
       312        247          0          1
       313         14          1          1
       314        369          0          1
       315         31          1          1
       316        254          0          1
       317        216          1          1
       318        138          0          1
       319        381          1          1
       320        117          0          1
       321        309          0          1
       322        321          1          1
       323        315          0          1
       324        271          1          1
       325        257          0          1
       326        398          1          1
       327        283          0          1
       328        195          0          1
       329         69          0          1
       330        385          0          1
       331         44          0          1
       332        224          0          1
       333        360          0          1
       334        326          0          1
       335        350          0          1
       336        238          1          1
       337        105          0          1
       338        174          0          1
       339         42          0          1
       340        287          1          1
       341        204          1          1
       342        268          0          1
       343        289          1          1
       344        101          0          1
       345         20          0          1
       346         63          0          1
       347        171          1          1
       348        307          0          1
       349        278          0          1
       350        365          1          1
       351        335          0          1
       352        253          0          1
       353         21          1          1
       354         92          0          1
       355         28          1          1
       356        206          0          1
       357         75          1          1
       358         86          0          1
       359         52          1          1
       360        112          0          1
       361        377          0          1
       362        242          1          1
       363        246          0          1
       364        212          0          1
       365        210          0          1
       366         96          1          1
       367        127          0          1
       368        158          1          1
       369        135          0          1
       370        259          0          1
       371        110          0          1
       372        133          1          1
       373        353          0          1
       374        219          0          1
       375        218          0          1
       376         11          1          1
       377        323          0          1
       378        217          1          1
       379        330          0          1
       380        269          0          1
       381        339          1          1
       382         87          0          1
       383         61          1          1
       384        312          0          1
       385        114          1          1
       386        329          0          1
       387        340          1          1
       388        279          0          1
       389        103          1          1
       390        371          0          1
       391        134          1          1
       392         62          0          1
       393         45          0          1
       394        316          0          1
       395        325          1          1
       396        220          0          1
       397        370          1          1
       398         51          0          1
       399        111          1          1
       400         43          0          1
               37428
configuration                   17                80000         4.2679793373274835E-03         2.9800000000000000E+02         1.0000000000000002E-01
         1         48          1          1
         2        296          0          1
         3         52          0          1
         4        146          1          1
         5          2          0          1
         6        284          0          1
         7        347          0          1
         8         89          1          1
         9        226          0          1
        10         78          1          1
        11        232          0          1
        12         71          1          1
        13         68          0          1
        14        337          1          1
        15         47          0          1
        16        203          0          1
        17        164          0          1
        18        356          1          1
        19         69          0          1
        20         73          0          1
        21         38          0          1
        22        272          0          1
        23         58          1          1
        24         36          0          1
        25        247          1          1
        26         60          0          1
        27        194          0          1
        28        251          0          1
        29        174          0          1
        30        306          0          1
        31        128          0          1
        32        179          0          1
        33        198          0          1
        34        352          0          1
        35        238          1          1
        36        366          0          1
        37        209          1          1
        38        200          0          1
        39        172          1          1
        40        131          0          1
        41        147          0          1
        42        354          1          1
        43         64          0          1
        44        229          1          1
        45        385          0          1
        46        104          1          1
        47         53          0          1
        48        178          1          1
        49        152          0          1
        50         30          0          1
        51        271          0          1
        52        339          0          1
        53        336          1          1
        54        186          0          1
        55        185          0          1
        56        165          1          1
        57         24          0          1
        58        197          1          1
        59        363          0          1
        60         55          0          1
        61        379          1          1
        62        221          0          1
        63         43          0          1
        64        322          0          1
        65        133          1          1
        66        386          0          1
        67        140          1          1
        68         87          0          1
        69        189          0          1
        70        207          0          1
        71        181          0          1
        72        127          1          1
        73        242          0          1
        74        196          1          1
        75          8          0          1
        76         54          0          1
        77        141          1          1
        78        305          0          1
        79        170          1          1
        80         56          0          1
        81        343          0          1
        82        362          1          1
        83        222          0          1
        84        400          0          1
        85        344          0          1
        86        367          1          1
        87         31          0          1
        88         85          0          1
        89        102          1          1
        90         76          0          1
        91        333          1          1
        92        399          0          1
        93        204          1          1
        94         88          0          1
        95        122          0          1
        96        291          1          1
        97        351          0          1
        98         33          1          1
        99         27          0          1
       100        145          1          1
       101         45          1          1
       102        257          0          1
       103        321          0          1
       104         95          0          1
       105        154          0          1
       106         59          0          1
       107        160          0          1
       108        136          0          1
       109        390          0          1
       110        349          0          1
       111        248          0          1
       112        166          1          1
       113        302          0          1
       114        175          0          1
       115        235          1          1
       116        256          0          1
       117         16          0          1
       118        192          0          1
       119        295          0          1
       120        237          0          1
       121        190          0          1
       122        375          1          1
       123        177          0          1
       124         72          1          1
       125        293          0          1
       126        236          1          1
       127        316          0          1
       128         50          1          1
       129        202          0          1
       130        138          1          1
       131        100          1          1
       132         80          0          1
       133         77          1          1
       134        124          0          1
       135        373          0          1
       136        219          1          1
       137        364          0          1
       138        285          0          1
       139          4          0          1
       140        107          1          1
       141         91          1          1
       142        118          0          1
       143        156          0          1
       144         23          0          1
       145        340          1          1
       146        309          0          1
       147        162          1          1
       148        244          0          1
       149        345          1          1
       150          3          0          1
       151        331          0          1
       152        142          0          1
       153        357          0          1
       154         13          1          1
       155        132          0          1
       156        391          0          1
       157        116          1          1
       158        129          0          1
       159        334          1          1
       160        163          0          1
       161        292          0          1
       162        300          0          1
       163         83          0          1
       164        282          0          1
       165        276          0          1
       166        374          1          1
       167        143          0          1
       168        277          1          1
       169        228          0          1
       170        261          1          1
       171         63          0          1
       172         67          1          1
       173        310          0          1
       174        279          0          1
       175        335          0          1
       176        283          0          1
       177        208          0          1
       178        233          1          1
       179          5          0          1
       180         57          1          1
       181        378          1          1
       182        241          0          1
       183        214          1          1
       184        353          0          1
       185        144          1          1
       186        382          0          1
       187          6          1          1
       188        318          0          1
       189        123          0          1
       190        176          0          1
       191         94          1          1
       192        220          0          1
       193        327          0          1
       194        113          1          1
       195         11          0          1
       196        348          0          1
       197        365          1          1
       198         49          0          1
       199        387          1          1
       200        199          0          1
       201         98          0          1
       202        319          1          1
       203         81          0          1
       204        153          0          1
       205        286          0          1
       206         20          0          1
       207        161          0          1
       208        266          1          1
       209        126          0          1
       210        184          1          1
       211        303          0          1
       212         17          1          1
       213          7          0          1
       214        263          0          1
       215        216          0          1
       216        275          1          1
       217        151          0          1
       218        325          0          1
       219        224          0          1
       220        394          1          1
       221        158          1          1
       222        388          0          1
       223        149          1          1
       224         35          0          1
       225         96          1          1
       226        359          0          1
       227         15          0          1
       228        341          0          1
       229        312          0          1
       230        205          0          1
       231        383          1          1
       232        281          0          1
       233        289          1          1
       234        355          0          1
       235        384          0          1
       236        243          0          1
       237        106          0          1
       238         86          1          1
       239         66          0          1
       240        258          0          1
       241         82          0          1
       242          9          1          1
       243        231          0          1
       244         19          1          1
       245         70          0          1
       246        115          1          1
       247        111          0          1
       248        137          0          1
       249         39          1          1
       250        397          0          1
       251        134          0          1
       252        167          1          1
       253        239          0          1
       254         34          1          1
       255        381          0          1
       256        108          1          1
       257        193          0          1
       258         93          0          1
       259        245          0          1
       260        252          1          1
       261        313          1          1
       262        105          0          1
       263        389          1          1
       264        213          0          1
       265        377          1          1
       266        157          0          1
       267        255          0          1
       268        301          0          1
       269        112          0          1
       270        274          0          1
       271        109          1          1
       272        135          0          1
       273         28          1          1
       274        324          0          1
       275        393          0          1
       276        338          0          1
       277        280          1          1
       278         74          0          1
       279        320          1          1
       280        240          0          1
       281        215          0          1
       282        398          1          1
       283         97          0          1
       284        297          1          1
       285        299          0          1
       286        201          1          1
       287         22          0          1
       288        371          0          1
       289        311          0          1
       290        395          1          1
       291        270          0          1
       292        230          1          1
       293         41          0          1
       294        307          1          1
       295        278          0          1
       296         75          1          1
       297        290          0          1
       298         10          1          1
       299        155          0          1
       300        148          1          1
       301        361          1          1
       302        187          0          1
       303        182          1          1
       304        376          0          1
       305        267          0          1
       306        211          0          1
       307        246          1          1
       308         25          0          1
       309        125          1          1
       310        249          0          1
       311        328          1          1
       312        250          0          1
       313        317          0          1
       314        369          0          1
       315        169          1          1
       316        254          0          1
       317         26          1          1
       318        273          0          1
       319        304          1          1
       320        332          0          1
       321        103          0          1
       322        380          1          1
       323        315          0          1
       324        372          1          1
       325        368          0          1
       326         12          1          1
       327        234          0          1
       328        171          1          1
       329        225          0          1
       330        265          1          1
       331         44          0          1
       332        326          0          1
       333        360          0          1
       334         90          1          1
       335        150          0          1
       336        139          0          1
       337        159          0          1
       338        314          1          1
       339         42          0          1
       340         79          1          1
       341        191          1          1
       342        269          0          1
       343        358          1          1
       344        117          0          1
       345        264          0          1
       346        392          0          1
       347        342          0          1
       348        217          0          1
       349        114          1          1
       350         37          0          1
       351         99          0          1
       352        253          0          1
       353         40          1          1
       354         92          0          1
       355         18          1          1
       356        206          0          1
       357        262          1          1
       358        370          0          1
       359        288          1          1
       360        173          0          1
       361        130          0          1
       362         65          0          1
       363        268          0          1
       364         21          0          1
       365        210          0          1
       366        346          1          1
       367         32          0          1
       368        101          1          1
       369        329          0          1
       370        121          0          1
       371        110          0          1
       372        396          0          1
       373        180          0          1
       374        195          1          1
       375        218          0          1
       376         14          1          1
       377        323          0          1
       378        308          1          1
       379        330          0          1
       380        298          1          1
       381        259          0          1
       382        168          0          1
       383        212          1          1
       384        260          0          1
       385        183          0          1
       386         84          0          1
       387        119          0          1
       388        227          0          1
       389        223          1          1
       390          1          0          1
       391        287          0          1
       392         62          0          1
       393         46          1          1
       394        294          0          1
       395        350          1          1
       396        188          0          1
       397         61          1          1
       398         51          0          1
       399         29          1          1
       400        120          0          1
               39931
configuration                   18                85000         4.5339967942569191E-03         2.9800000000000000E+02         1.0000000000000002E-01
         1        352          0          1
         2        373          1          1
         3        331          0          1
         4        104          1          1
         5        276          0          1
         6        311          1          1
         7        347          0          1
         8        201          1          1
         9        335          0          1
        10        324          1          1
        11        156          0          1
        12        397          1          1
        13        154          0          1
        14         81          1          1
        15        351          0          1
        16        118          0          1
        17        188          0          1
        18         14          0          1
        19         60          1          1
        20        112          0          1
        21        298          1          1
        22        204          0          1
        23        342          1          1
        24         31          0          1
        25        274          1          1
        26         48          0          1
        27        120          1          1
        28        130          0          1
        29         41          1          1
        30        141          0          1
        31        326          1          1
        32        322          0          1
        33        109          1          1
        34        360          0          1
        35         82          0          1
        36        345          1          1
        37        390          0          1
        38        376          1          1
        39        295          0          1
        40        312          0          1
        41        148          0          1
        42        208          1          1
        43        245          0          1
        44        161          1          1
        45         62          0          1
        46         66          1          1
        47        139          0          1
        48        389          0          1
        49        152          0          1
        50        253          1          1
        51        346          0          1
        52        132          1          1
        53          4          0          1
        54        181          0          1
        55        306          0          1
        56        184          0          1
        57         86          1          1
        58         80          0          1
        59        291          0          1
        60        107          1          1
        61         68          1          1
        62        115          0          1
        63         20          1          1
        64        210          0          1
        65        137          1          1
        66         36          0          1
        67        234          1          1
        68         87          0          1
        69        289          0          1
        70          6          0          1
        71        172          1          1
        72        171          0          1
        73        284          1          1
        74        214          0          1
        75        135          1          1
        76        365          0          1
        77        182          0          1
        78        242          1          1
        79        327          0          1
        80         91          0          1
        81        254          0          1
        82        268          1          1
        83        123          0          1
        84        220          1          1
        85        189          0          1
        86        387          1          1
        87        259          0          1
        88        155          1          1
        89        125          0          1
        90        163          1          1
        91        235          0          1
        92        340          1          1
        93        393          0          1
        94         93          0          1
        95        336          0          1
        96        160          0          1
        97         61          1          1
        98        400          0          1
        99         27          0          1
       100         67          1          1
       101        140          0          1
       102         63          0          1
       103        257          1          1
       104        353          0          1
       105         16          0          1
       106        241          0          1
       107        264          1          1
       108        362          0          1
       109        205          0          1
       110        349          0          1
       111        144          1          1
       112        304          0          1
       113         47          0          1
       114         52          0          1
       115        265          1          1
       116        207          0          1
       117        272          0          1
       118        192          0          1
       119        129          0          1
       120         30          0          1
       121         71          0          1
       122        222          1          1
       123        285          0          1
       124        218          1          1
       125        247          0          1
       126        386          1          1
       127         65          0          1
       128        157          1          1
       129        236          0          1
       130        374          0          1
       131         33          0          1
       132        169          1          1
       133        174          0          1
       134        221          1          1
       135         90          0          1
       136        203          0          1
       137        280          0          1
       138         89          0          1
       139        261          0          1
       140         59          1          1
       141         15          1          1
       142        290          0          1
       143        305          0          1
       144        143          0          1
       145        371          1          1
       146        240          0          1
       147        159          0          1
       148        309          0          1
       149        108          1          1
       150        211          0          1
       151         39          1          1
       152        142          0          1
       153        229          1          1
       154         78          0          1
       155        233          1          1
       156        162          0          1
       157        217          0          1
       158        206          0          1
       159        325          1          1
       160        382          0          1
       161        292          0          1
       162        379          0          1
       163        149          1          1
       164         29          0          1
       165        166          0          1
       166        227          1          1
       167        301          0          1
       168        328          1          1
       169        147          0          1
       170        170          1          1
       171        378          0          1
       172        366          1          1
       173        310          0          1
       174        117          0          1
       175        122          0          1
       176         76          1          1
       177        179          0          1
       178        131          0          1
       179          5          0          1
       180        385          1          1
       181         69          1          1
       182        243          0          1
       183        372          0          1
       184         37          1          1
       185        361          0          1
       186        388          0          1
       187         11          1          1
       188        151          0          1
       189        394          1          1
       190        176          0          1
       191         34          1          1
       192        267          0          1
       193        187          1          1
       194         10          0          1
       195         40          1          1
       196        348          0          1
       197         70          0          1
       198        358          0          1
       199        383          1          1
       200        199          0          1
       201        375          0          1
       202         17          0          1
       203        193          0          1
       204        357          0          1
       205        244          1          1
       206        133          0          1
       207        106          0          1
       208          1          0          1
       209        381          0          1
       210        364          0          1
       211        303          0          1
       212        186          1          1
       213          7          0          1
       214        380          1          1
       215        216          0          1
       216        321          0          1
       217        282          0          1
       218        308          1          1
       219        224          0          1
       220        338          1          1
       221        146          1          1
       222         12          0          1
       223         22          0          1
       224         85          1          1
       225        356          0          1
       226        323          0          1
       227         88          0          1
       228        263          0          1
       229         64          0          1
       230        320          0          1
       231        231          1          1
       232        281          0          1
       233        314          1          1
       234        355          0          1
       235         83          1          1
       236        271          0          1
       237        333          1          1
       238         77          0          1
       239        230          1          1
       240        258          0          1
       241          2          0          1
       242         92          0          1
       243        168          1          1
       244        315          0          1
       245         25          0          1
       246        190          1          1
       247         51          0          1
       248        330          1          1
       249        302          0          1
       250         53          0          1
       251        134          0          1
       252        126          1          1
       253        239          0          1
       254        178          0          1
       255        313          0          1
       256        359          1          1
       257        202          0          1
       258        167          0          1
       259        299          0          1
       260         24          1          1
       261          9          0          1
       262        136          0          1
       263        194          1          1
       264        287          0          1
       265        277          0          1
       266         23          0          1
       267        344          1          1
       268        294          0          1
       269         97          1          1
       270        165          0          1
       271         13          1          1
       272         18          0          1
       273        395          1          1
       274        288          0          1
       275        249          1          1
       276         19          0          1
       277        228          0          1
       278        293          0          1
       279         75          0          1
       280        119          0          1
       281        215          0          1
       282        153          0          1
       283        232          0          1
       284        279          0          1
       285         72          0          1
       286        237          1          1
       287        398          0          1
       288        332          1          1
       289        180          0          1
       290        275          0          1
       291         96          0          1
       292        248          0          1
       293        212          0          1
       294        101          1          1
       295        278          0          1
       296        103          1          1
       297        219          0          1
       298         54          1          1
       299        191          0          1
       300        138          1          1
       301        185          0          1
       302         49          0          1
       303        273          0          1
       304        195          0          1
       305        368          1          1
       306        350          0          1
       307        370          1          1
       308        198          0          1
       309         94          0          1
       310         50          0          1
       311        339          1          1
       312        319          0          1
       313         99          1          1
       314        369          0          1
       315         73          1          1
       316         43          0          1
       317        128          1          1
       318        183          0          1
       319        223          1          1
       320        391          0          1
       321        196          0          1
       322        307          1          1
       323         95          0          1
       324        226          0          1
       325        102          0          1
       326        121          1          1
       327         98          0          1
       328         74          0          1
       329        114          0          1
       330         57          1          1
       331         79          0          1
       332         28          1          1
       333          8          0          1
       334        337          0          1
       335        150          0          1
       336        343          0          1
       337         38          0          1
       338        177          1          1
       339        363          0          1
       340        256          1          1
       341        175          1          1
       342        173          0          1
       343        396          0          1
       344        251          0          1
       345        113          0          1
       346         58          0          1
       347         21          1          1
       348        269          0          1
       349        111          1          1
       350        124          0          1
       351        197          0          1
       352         45          0          1
       353        164          1          1
       354        266          0          1
       355        377          0          1
       356         42          1          1
       357         55          0          1
       358        209          0          1
       359        105          0          1
       360        399          0          1
       361        252          0          1
       362        318          1          1
       363        286          0          1
       364         35          0          1
       365        341          0          1
       366        283          1          1
       367        392          0          1
       368        225          1          1
       369        329          0          1
       370        200          0          1
       371         46          0          1
       372        367          0          1
       373          3          0          1
       374        238          0          1
       375        260          1          1
       376        270          0          1
       377        255          1          1
       378        110          0          1
       379        296          1          1
       380        127          0          1
       381        300          1          1
       382        297          0          1
       383        317          0          1
       384        354          0          1
       385        334          1          1
       386         84          0          1
       387        250          1          1
       388        246          0          1
       389         32          1          1
       390        100          0          1
       391        116          1          1
       392        262          0          1
       393         44          0          1
       394        213          0          1
       395        316          0          1
       396         56          1          1
       397        145          0          1
       398        384          1          1
       399         26          0          1
       400        158          0          1
               42433
configuration                   19                90000         4.7984673566622707E-03         2.9800000000000000E+02         1.3877787807814457E-17
         1        187          1          1
         2        295          0          1
         3        399          0          1
         4        197          1          1
         5        276          0          1
         6        132          1          1
         7         74          0          1
         8        275          1          1
         9        235          0          1
        10          8          1          1
        11        227          0          1
        12         25          1          1
        13        253          0          1
        14        133          0          1
        15        107          0          1
        16         93          1          1
        17        338          0          1
        18        190          0          1
        19        264          0          1
        20        387          0          1
        21        138          0          1
        22        382          0          1
        23        297          0          1
        24        385          0          1
        25        320          1          1
        26        363          0          1
        27        156          0          1
        28        130          0          1
        29        351          1          1
        30        252          0          1
        31        153          1          1
        32        322          0          1
        33        248          1          1
        34        360          0          1
        35         40          0          1
        36        268          0          1
        37        377          0          1
        38         64          0          1
        39        173          1          1
        40        383          0          1
        41         29          0          1
        42        328          1          1
        43        359          0          1
        44        194          1          1
        45        337          0          1
        46        391          1          1
        47        139          0          1
        48        195          1          1
        49        109          0          1
        50         91          1          1
        51         28          0          1
        52         65          1          1
        53        169          0          1
        54        313          1          1
        55        306          0          1
        56        255          0          1
        57        181          0          1
        58         44          1          1
        59        228          0          1
        60        319          0          1
        61        154          1          1
        62        361          0          1
        63        396          1          1
        64        210          0          1
        65         38          0          1
        66        143          0          1
        67        159          0          1
        68        175          0          1
        69         67          0          1
        70         90          0          1
        71         58          0          1
        72        388          0          1
        73        279          1          1
        74        381          0          1
        75         37          1          1
        76        365          0          1
        77        164          1          1
        78         26          0          1
        79        312          1          1
        80        201          0          1
        81        163          0          1
        82        196          1          1
        83        123          0          1
        84        389          1          1
        85        189          0          1
        86        265          1          1
        87        120          0          1
        88         33          1          1
        89        222          0          1
        90        236          1          1
        91         68          0          1
        92        374          0          1
        93        393          0          1
        94         57          0          1
        95        144          0          1
        96        193          0          1
        97        259          0          1
        98         34          0          1
        99        243          0          1
       100        257          1          1
       101         27          0          1
       102         63          0          1
       103         30          1          1
       104        353          0          1
       105        100          0          1
       106         31          0          1
       107        336          0          1
       108        369          0          1
       109        273          1          1
       110        349          0          1
       111        296          1          1
       112        304          0          1
       113        162          0          1
       114        131          1          1
       115         22          0          1
       116        343          0          1
       117        135          0          1
       118         82          1          1
       119         81          0          1
       120        217          0          1
       121         71          0          1
       122        266          1          1
       123        285          0          1
       124        238          1          1
       125        247          0          1
       126        152          1          1
       127         20          0          1
       128        161          1          1
       129        151          0          1
       130        215          1          1
       131        346          0          1
       132        317          0          1
       133         13          1          1
       134          4          0          1
       135        116          1          1
       136        274          0          1
       137         69          1          1
       138         92          0          1
       139        242          0          1
       140        244          0          1
       141        233          1          1
       142        290          0          1
       143        234          0          1
       144        397          0          1
       145        118          0          1
       146        240          0          1
       147         24          1          1
       148        309          0          1
       149        167          1          1
       150        211          0          1
       151        332          0          1
       152        188          1          1
       153          1          0          1
       154        355          1          1
       155        119          0          1
       156        341          0          1
       157        302          0          1
       158        213          0          1
       159        307          0          1
       160        347          0          1
       161        292          0          1
       162        179          1          1
       163        289          0          1
       164        158          0          1
       165         15          1          1
       166         61          0          1
       167        263          0          1
       168        318          1          1
       169        147          0          1
       170        230          1          1
       171        378          0          1
       172         88          0          1
       173        280          1          1
       174        184          0          1
       175        212          1          1
       176        384          0          1
       177         99          1          1
       178         52          0          1
       179        330          0          1
       180         66          1          1
       181         10          1          1
       182        172          0          1
       183         39          1          1
       184        376          0          1
       185        142          0          1
       186        326          0          1
       187        126          1          1
       188         78          0          1
       189        103          1          1
       190        354          0          1
       191          3          1          1
       192        283          0          1
       193        357          0          1
       194        241          1          1
       195         16          0          1
       196        331          1          1
       197        113          0          1
       198        358          0          1
       199        345          1          1
       200        199          0          1
       201        366          0          1
       202        251          0          1
       203        327          0          1
       204        300          1          1
       205         79          0          1
       206        102          1          1
       207        379          0          1
       208         95          1          1
       209        145          0          1
       210        291          1          1
       211        284          0          1
       212        254          1          1
       213          7          0          1
       214        186          0          1
       215         54          1          1
       216        182          0          1
       217        282          0          1
       218        205          0          1
       219        224          0          1
       220        225          1          1
       221        293          0          1
       222        287          1          1
       223         96          0          1
       224        303          0          1
       225         49          1          1
       226         42          0          1
       227        362          0          1
       228        373          0          1
       229        226          1          1
       230        231          0          1
       231        149          0          1
       232        229          0          1
       233        110          1          1
       234        386          0          1
       235        176          0          1
       236        271          0          1
       237        315          1          1
       238         77          0          1
       239        125          0          1
       240        258          0          1
       241         98          0          1
       242        356          0          1
       243        216          1          1
       244        136          0          1
       245        249          0          1
       246        206          0          1
       247         51          0          1
       248        146          1          1
       249         41          0          1
       250         94          1          1
       251        134          0          1
       252         23          1          1
       253        239          0          1
       254        334          1          1
       255        390          0          1
       256        380          1          1
       257        202          0          1
       258        260          0          1
       259        171          0          1
       260        269          1          1
       261        250          1          1
       262        277          0          1
       263         72          0          1
       264        127          0          1
       265        342          1          1
       266        115          0          1
       267        166          0          1
       268        344          0          1
       269        155          1          1
       270        165          0          1
       271        256          1          1
       272         18          0          1
       273        394          1          1
       274        288          0          1
       275        372          1          1
       276         19          0          1
       277        137          1          1
       278         59          0          1
       279        111          1          1
       280        267          0          1
       281         36          0          1
       282        105          0          1
       283         60          0          1
       284         11          0          1
       285        371          0          1
       286        324          1          1
       287        398          0          1
       288        335          0          1
       289        180          0          1
       290        218          1          1
       291        261          0          1
       292        340          1          1
       293        208          0          1
       294        177          1          1
       295        278          0          1
       296        108          1          1
       297        219          0          1
       298        214          0          1
       299        106          0          1
       300        339          1          1
       301        298          1          1
       302        348          0          1
       303        286          0          1
       304         47          0          1
       305        294          1          1
       306        141          0          1
       307        117          1          1
       308        198          0          1
       309        262          1          1
       310         50          0          1
       311         32          1          1
       312         83          0          1
       313        308          1          1
       314         70          0          1
       315        191          1          1
       316         43          0          1
       317        305          0          1
       318        183          0          1
       319         87          1          1
       320        200          0          1
       321        350          0          1
       322        174          0          1
       323        101          0          1
       324         55          1          1
       325        368          0          1
       326        207          0          1
       327         62          0          1
       328        272          1          1
       329        114          0          1
       330         35          1          1
       331        185          0          1
       332          5          1          1
       333         75          0          1
       334         53          1          1
       335        150          0          1
       336        203          1          1
       337        178          0          1
       338        367          1          1
       339        168          0          1
       340         80          0          1
       341        333          0          1
       342        281          0          1
       343        223          1          1
       344         17          0          1
       345         89          0          1
       346          2          1          1
       347         46          0          1
       348         86          0          1
       349          6          1          1
       350        310          0          1
       351        232          1          1
       352         45          0          1
       353        316          1          1
       354        170          0          1
       355        321          1          1
       356         73          0          1
       357        204          1          1
       358        209          0          1
       359         48          1          1
       360        375          0          1
       361        245          1          1
       362        129          0          1
       363        104          0          1
       364        370          0          1
       365        311          0          1
       366         85          0          1
       367        392          0          1
       368        352          0          1
       369        329          0          1
       370        270          1          1
       371        192          0          1
       372        157          1          1
       373        148          0          1
       374          9          1          1
       375        221          0          1
       376        220          1          1
       377        314          0          1
       378        395          1          1
       379        124          0          1
       380        140          0          1
       381        112          0          1
       382        299          0          1
       383        122          1          1
       384         56          0          1
       385        400          0          1
       386         76          0          1
       387        323          1          1
       388        246          0          1
       389         21          1          1
       390        364          0          1
       391         12          1          1
       392         97          0          1
       393        301          1          1
       394        121          0          1
       395        128          0          1
       396        237          0          1
       397        160          0          1
       398         14          0          1
       399        325          1          1
       400         84          0          1
               44933
configuration                   20                95000         5.0676237750840389E-03         2.9800000000000000E+02         1.3877787807814457E-17
         1        232          0          1
         2          4          1          1
         3        253          0          1
         4         29          0          1
         5        379          0          1
         6         13          1          1
         7        372          0          1
         8        202          1          1
         9         73          0          1
        10         16          0          1
        11        227          0          1
        12        317          1          1
        13        315          0          1
        14        399          0          1
        15        107          0          1
        16         53          1          1
        17        338          0          1
        18        335          1          1
        19         98          0          1
        20         40          1          1
        21        136          0          1
        22        271          0          1
        23        261          0          1
        24        143          0          1
        25        235          1          1
        26        363          0          1
        27         18          1          1
        28        125          0          1
        29        398          1          1
        30        252          0          1
        31         33          1          1
        32        322          0          1
        33        292          1          1
        34        196          0          1
        35         15          0          1
        36        318          0          1
        37         74          0          1
        38         64          0          1
        39        146          1          1
        40        383          0          1
        41        114          0          1
        42        360          1          1
        43        240          0          1
        44        216          0          1
        45        277          0          1
        46        213          0          1
        47        153          0          1
        48        279          1          1
        49          1          0          1
        50        241          1          1
        51         37          0          1
        52        257          0          1
        53        389          0          1
        54        288          0          1
        55        297          0          1
        56         11          0          1
        57         35          1          1
        58        204          0          1
        59        228          0          1
        60        265          1          1
        61        162          0          1
        62        361          0          1
        63         46          0          1
        64        102          1          1
        65        285          0          1
        66        182          0          1
        67        165          1          1
        68        304          0          1
        69        201          1          1
        70        394          0          1
        71        104          1          1
        72         38          0          1
        73        207          1          1
        74        287          0          1
        75         83          1          1
        76        365          0          1
        77         59          0          1
        78         26          0          1
        79         19          1          1
        80         25          0          1
        81        205          0          1
        82        198          1          1
        83        123          0          1
        84        194          0          1
        85        134          0          1
        86        396          1          1
        87        229          0          1
        88        264          0          1
        89        260          0          1
        90        130          1          1
        91         68          0          1
        92        386          1          1
        93          9          0          1
        94         66          1          1
        95        144          0          1
        96        120          1          1
        97        259          0          1
        98        155          1          1
        99        243          0          1
       100         44          0          1
       101        355          0          1
       102        168          0          1
       103        258          1          1
       104         65          0          1
       105        152          1          1
       106        343          0          1
       107        300          0          1
       108        215          0          1
       109        328          1          1
       110        349          0          1
       111        310          1          1
       112         61          0          1
       113        374          0          1
       114        133          0          1
       115        276          1          1
       116        290          0          1
       117        199          1          1
       118        154          0          1
       119        139          1          1
       120        180          0          1
       121        284          0          1
       122        283          0          1
       123        353          0          1
       124        172          1          1
       125         69          0          1
       126         93          0          1
       127         20          0          1
       128          7          1          1
       129        151          0          1
       130        176          1          1
       131        346          0          1
       132        400          0          1
       133         80          0          1
       134         56          1          1
       135        206          0          1
       136         77          1          1
       137        281          0          1
       138         30          1          1
       139        242          0          1
       140        340          1          1
       141        142          1          1
       142        157          0          1
       143         67          0          1
       144        131          0          1
       145         49          1          1
       146         52          0          1
       147        217          0          1
       148        309          0          1
       149        294          1          1
       150          5          0          1
       151         86          1          1
       152        179          0          1
       153        296          1          1
       154         17          0          1
       155         81          0          1
       156        371          0          1
       157        266          1          1
       158        323          0          1
       159         42          0          1
       160        347          0          1
       161        262          0          1
       162        364          1          1
       163        275          0          1
       164         71          1          1
       165         27          0          1
       166        112          1          1
       167        263          0          1
       168        301          0          1
       169        147          0          1
       170        244          1          1
       171         23          0          1
       172        391          0          1
       173         58          0          1
       174        159          0          1
       175        293          1          1
       176        101          0          1
       177        291          0          1
       178        100          1          1
       179        330          0          1
       180        126          1          1
       181          2          1          1
       182         94          0          1
       183        115          1          1
       184        106          0          1
       185        352          1          1
       186        334          0          1
       187        191          0          1
       188        137          0          1
       189        203          1          1
       190        354          0          1
       191        306          1          1
       192        388          0          1
       193        377          1          1
       194        160          0          1
       195        329          0          1
       196        359          0          1
       197        218          0          1
       198        358          0          1
       199        375          0          1
       200         28          0          1
       201        325          0          1
       202        138          0          1
       203        254          0          1
       204        348          1          1
       205        339          0          1
       206        313          1          1
       207        187          0          1
       208        174          1          1
       209        145          0          1
       210        108          1          1
       211        209          0          1
       212        163          1          1
       213         90          0          1
       214        357          0          1
       215        234          0          1
       216        164          1          1
       217        221          0          1
       218        393          1          1
       219        224          0          1
       220         91          1          1
       221        239          1          1
       222        170          0          1
       223        175          1          1
       224         78          0          1
       225        369          1          1
       226         12          0          1
       227         96          1          1
       228        373          0          1
       229         99          1          1
       230        231          0          1
       231        362          1          1
       232         51          0          1
       233        210          1          1
       234        370          0          1
       235         54          1          1
       236        307          0          1
       237        336          1          1
       238        378          0          1
       239        324          0          1
       240        366          0          1
       241        385          0          1
       242        274          1          1
       243         55          0          1
       244        246          1          1
       245        249          0          1
       246        395          1          1
       247        169          0          1
       248        122          1          1
       249         41          0          1
       250        270          0          1
       251        118          0          1
       252        392          0          1
       253        211          0          1
       254        124          0          1
       255        251          0          1
       256        350          0          1
       257        312          0          1
       258        193          1          1
       259        171          0          1
       260        129          1          1
       261        380          1          1
       262        273          0          1
       263        132          0          1
       264        127          0          1
       265        333          1          1
       266        367          0          1
       267        295          0          1
       268        344          0          1
       269        195          1          1
       270        327          0          1
       271        117          1          1
       272        226          0          1
       273        103          1          1
       274        390          0          1
       275        376          0          1
       276         50          1          1
       277        197          0          1
       278        345          0          1
       279        186          0          1
       280        267          0          1
       281         36          0          1
       282        248          0          1
       283        184          0          1
       284        190          1          1
       285        255          0          1
       286        141          1          1
       287        305          0          1
       288         79          1          1
       289        166          0          1
       290        212          0          1
       291        337          0          1
       292        177          1          1
       293        208          0          1
       294         95          1          1
       295        167          0          1
       296         21          0          1
       297        331          0          1
       298        110          1          1
       299        397          0          1
       300        149          1          1
       301        113          0          1
       302        116          0          1
       303          8          1          1
       304         47          0          1
       305        238          1          1
       306        109          0          1
       307         85          1          1
       308        321          0          1
       309        308          0          1
       310        105          1          1
       311        384          0          1
       312         72          0          1
       313        214          1          1
       314         70          0          1
       315        272          0          1
       316         43          0          1
       317        351          1          1
       318        183          0          1
       319        135          1          1
       320        222          0          1
       321        181          0          1
       322        158          0          1
       323        316          0          1
       324        326          1          1
       325        368          0          1
       326        341          0          1
       327         57          0          1
       328        219          1          1
       329        230          0          1
       330        319          0          1
       331        250          0          1
       332        128          1          1
       333        387          0          1
       334        111          1          1
       335        150          0          1
       336         10          1          1
       337        178          0          1
       338         84          1          1
       339        269          0          1
       340        289          0          1
       341        225          0          1
       342        299          0          1
       343         32          1          1
       344        200          0          1
       345        282          1          1
       346        161          0          1
       347        119          1          1
       348         92          0          1
       349        236          1          1
       350        233          0          1
       351        298          0          1
       352         45          0          1
       353        382          0          1
       354         88          0          1
       355        256          1          1
       356        332          0          1
       357        280          1          1
       358        356          0          1
       359        320          1          1
       360         31          0          1
       361        286          0          1
       362        189          0          1
       363        223          0          1
       364        140          1          1
       365         89          0          1
       366         63          1          1
       367        247          0          1
       368         24          1          1
       369        381          0          1
       370         34          0          1
       371        192          0          1
       372        185          1          1
       373        303          0          1
       374        156          1          1
       375         82          0          1
       376        245          1          1
       377        314          0          1
       378        188          1          1
       379         48          0          1
       380        311          1          1
       381        220          1          1
       382        278          0          1
       383        237          1          1
       384         39          0          1
       385        148          1          1
       386         76          0          1
       387        342          1          1
       388         75          0          1
       389          3          1          1
       390         62          0          1
       391        268          1          1
       392         97          0          1
       393        302          0          1
       394        121          0          1
       395        173          1          1
       396         60          0          1
       397         22          1          1
       398         14          0          1
       399         87          1          1
       400          6          0          1
               47431
