Gas_Species:          H2
Surface_Species:      H*
Simulation_Box:         
           5.5500000000000000E+001           0.0000000000000000E+000
           0.0000000000000000E+000           5.5500000000000000E+001
Site_Types:           StTp1
configuration                    1                    0         0.0000000000000000E+00         2.9800000000000000E+02         0.0000000000000000E+00
         1          1          0          1
         2          2          0          1
         3          3          0          1
         4          4          0          1
         5          5          0          1
         6          6          0          1
         7          7          0          1
         8          8          0          1
         9          9          0          1
        10         10          0          1
        11         11          0          1
        12         12          0          1
        13         13          0          1
        14         14          0          1
        15         15          0          1
        16         16          0          1
        17         17          0          1
        18         18          0          1
        19         19          0          1
        20         20          0          1
        21         21          0          1
        22         22          0          1
        23         23          0          1
        24         24          0          1
        25         25          0          1
        26         26          0          1
        27         27          0          1
        28         28          0          1
        29         29          0          1
        30         30          0          1
        31         31          0          1
        32         32          0          1
        33         33          0          1
        34         34          0          1
        35         35          0          1
        36         36          0          1
        37         37          0          1
        38         38          0          1
        39         39          0          1
        40         40          0          1
        41         41          0          1
        42         42          0          1
        43         43          0          1
        44         44          0          1
        45         45          0          1
        46         46          0          1
        47         47          0          1
        48         48          0          1
        49         49          0          1
        50         50          0          1
        51         51          0          1
        52         52          0          1
        53         53          0          1
        54         54          0          1
        55         55          0          1
        56         56          0          1
        57         57          0          1
        58         58          0          1
        59         59          0          1
        60         60          0          1
        61         61          0          1
        62         62          0          1
        63         63          0          1
        64         64          0          1
        65         65          0          1
        66         66          0          1
        67         67          0          1
        68         68          0          1
        69         69          0          1
        70         70          0          1
        71         71          0          1
        72         72          0          1
        73         73          0          1
        74         74          0          1
        75         75          0          1
        76         76          0          1
        77         77          0          1
        78         78          0          1
        79         79          0          1
        80         80          0          1
        81         81          0          1
        82         82          0          1
        83         83          0          1
        84         84          0          1
        85         85          0          1
        86         86          0          1
        87         87          0          1
        88         88          0          1
        89         89          0          1
        90         90          0          1
        91         91          0          1
        92         92          0          1
        93         93          0          1
        94         94          0          1
        95         95          0          1
        96         96          0          1
        97         97          0          1
        98         98          0          1
        99         99          0          1
       100        100          0          1
       101        101          0          1
       102        102          0          1
       103        103          0          1
       104        104          0          1
       105        105          0          1
       106        106          0          1
       107        107          0          1
       108        108          0          1
       109        109          0          1
       110        110          0          1
       111        111          0          1
       112        112          0          1
       113        113          0          1
       114        114          0          1
       115        115          0          1
       116        116          0          1
       117        117          0          1
       118        118          0          1
       119        119          0          1
       120        120          0          1
       121        121          0          1
       122        122          0          1
       123        123          0          1
       124        124          0          1
       125        125          0          1
       126        126          0          1
       127        127          0          1
       128        128          0          1
       129        129          0          1
       130        130          0          1
       131        131          0          1
       132        132          0          1
       133        133          0          1
       134        134          0          1
       135        135          0          1
       136        136          0          1
       137        137          0          1
       138        138          0          1
       139        139          0          1
       140        140          0          1
       141        141          0          1
       142        142          0          1
       143        143          0          1
       144        144          0          1
       145        145          0          1
       146        146          0          1
       147        147          0          1
       148        148          0          1
       149        149          0          1
       150        150          0          1
       151        151          0          1
       152        152          0          1
       153        153          0          1
       154        154          0          1
       155        155          0          1
       156        156          0          1
       157        157          0          1
       158        158          0          1
       159        159          0          1
       160        160          0          1
       161        161          0          1
       162        162          0          1
       163        163          0          1
       164        164          0          1
       165        165          0          1
       166        166          0          1
       167        167          0          1
       168        168          0          1
       169        169          0          1
       170        170          0          1
       171        171          0          1
       172        172          0          1
       173        173          0          1
       174        174          0          1
       175        175          0          1
       176        176          0          1
       177        177          0          1
       178        178          0          1
       179        179          0          1
       180        180          0          1
       181        181          0          1
       182        182          0          1
       183        183          0          1
       184        184          0          1
       185        185          0          1
       186        186          0          1
       187        187          0          1
       188        188          0          1
       189        189          0          1
       190        190          0          1
       191        191          0          1
       192        192          0          1
       193        193          0          1
       194        194          0          1
       195        195          0          1
       196        196          0          1
       197        197          0          1
       198        198          0          1
       199        199          0          1
       200        200          0          1
       201        201          0          1
       202        202          0          1
       203        203          0          1
       204        204          0          1
       205        205          0          1
       206        206          0          1
       207        207          0          1
       208        208          0          1
       209        209          0          1
       210        210          0          1
       211        211          0          1
       212        212          0          1
       213        213          0          1
       214        214          0          1
       215        215          0          1
       216        216          0          1
       217        217          0          1
       218        218          0          1
       219        219          0          1
       220        220          0          1
       221        221          0          1
       222        222          0          1
       223        223          0          1
       224        224          0          1
       225        225          0          1
       226        226          0          1
       227        227          0          1
       228        228          0          1
       229        229          0          1
       230        230          0          1
       231        231          0          1
       232        232          0          1
       233        233          0          1
       234        234          0          1
       235        235          0          1
       236        236          0          1
       237        237          0          1
       238        238          0          1
       239        239          0          1
       240        240          0          1
       241        241          0          1
       242        242          0          1
       243        243          0          1
       244        244          0          1
       245        245          0          1
       246        246          0          1
       247        247          0          1
       248        248          0          1
       249        249          0          1
       250        250          0          1
       251        251          0          1
       252        252          0          1
       253        253          0          1
       254        254          0          1
       255        255          0          1
       256        256          0          1
       257        257          0          1
       258        258          0          1
       259        259          0          1
       260        260          0          1
       261        261          0          1
       262        262          0          1
       263        263          0          1
       264        264          0          1
       265        265          0          1
       266        266          0          1
       267        267          0          1
       268        268          0          1
       269        269          0          1
       270        270          0          1
       271        271          0          1
       272        272          0          1
       273        273          0          1
       274        274          0          1
       275        275          0          1
       276        276          0          1
       277        277          0          1
       278        278          0          1
       279        279          0          1
       280        280          0          1
       281        281          0          1
       282        282          0          1
       283        283          0          1
       284        284          0          1
       285        285          0          1
       286        286          0          1
       287        287          0          1
       288        288          0          1
       289        289          0          1
       290        290          0          1
       291        291          0          1
       292        292          0          1
       293        293          0          1
       294        294          0          1
       295        295          0          1
       296        296          0          1
       297        297          0          1
       298        298          0          1
       299        299          0          1
       300        300          0          1
       301        301          0          1
       302        302          0          1
       303        303          0          1
       304        304          0          1
       305        305          0          1
       306        306          0          1
       307        307          0          1
       308        308          0          1
       309        309          0          1
       310        310          0          1
       311        311          0          1
       312        312          0          1
       313        313          0          1
       314        314          0          1
       315        315          0          1
       316        316          0          1
       317        317          0          1
       318        318          0          1
       319        319          0          1
       320        320          0          1
       321        321          0          1
       322        322          0          1
       323        323          0          1
       324        324          0          1
       325        325          0          1
       326        326          0          1
       327        327          0          1
       328        328          0          1
       329        329          0          1
       330        330          0          1
       331        331          0          1
       332        332          0          1
       333        333          0          1
       334        334          0          1
       335        335          0          1
       336        336          0          1
       337        337          0          1
       338        338          0          1
       339        339          0          1
       340        340          0          1
       341        341          0          1
       342        342          0          1
       343        343          0          1
       344        344          0          1
       345        345          0          1
       346        346          0          1
       347        347          0          1
       348        348          0          1
       349        349          0          1
       350        350          0          1
       351        351          0          1
       352        352          0          1
       353        353          0          1
       354        354          0          1
       355        355          0          1
       356        356          0          1
       357        357          0          1
       358        358          0          1
       359        359          0          1
       360        360          0          1
       361        361          0          1
       362        362          0          1
       363        363          0          1
       364        364          0          1
       365        365          0          1
       366        366          0          1
       367        367          0          1
       368        368          0          1
       369        369          0          1
       370        370          0          1
       371        371          0          1
       372        372          0          1
       373        373          0          1
       374        374          0          1
       375        375          0          1
       376        376          0          1
       377        377          0          1
       378        378          0          1
       379        379          0          1
       380        380          0          1
       381        381          0          1
       382        382          0          1
       383        383          0          1
       384        384          0          1
       385        385          0          1
       386        386          0          1
       387        387          0          1
       388        388          0          1
       389        389          0          1
       390        390          0          1
       391        391          0          1
       392        392          0          1
       393        393          0          1
       394        394          0          1
       395        395          0          1
       396        396          0          1
       397        397          0          1
       398        398          0          1
       399        399          0          1
       400        400          0          1
                   0
configuration                    2                 5000         1.7582495580755794E-01         2.9800000000000000E+02         1.3877787807814457E-17
         1        179          1          1
         2         29          0          1
         3        259          1          1
         4        385          0          1
         5        366          0          1
         6        200          0          1
         7        112          0          1
         8         52          1          1
         9        139          0          1
        10        235          0          1
        11        376          0          1
        12        157          0          1
        13         72          1          1
        14        100          0          1
        15         22          0          1
        16        194          0          1
        17         62          0          1
        18         19          1          1
        19        298          0          1
        20        233          0          1
        21         46          0          1
        22        206          1          1
        23        229          0          1
        24        344          1          1
        25         49          0          1
        26         66          1          1
        27        149          0          1
        28        277          0          1
        29        198          0          1
        30        322          1          1
        31        386          0          1
        32         34          0          1
        33        304          0          1
        34        335          0          1
        35        269          1          1
        36         21          0          1
        37        340          1          1
        38        247          0          1
        39          8          0          1
        40        172          1          1
        41        161          1          1
        42        253          0          1
        43        158          0          1
        44        293          0          1
        45        384          1          1
        46        160          0          1
        47        389          1          1
        48        255          0          1
        49        260          1          1
        50        209          0          1
        51         90          0          1
        52        132          0          1
        53         71          0          1
        54        232          1          1
        55         55          0          1
        56        140          1          1
        57         88          0          1
        58         17          1          1
        59         59          0          1
        60        187          0          1
        61        268          0          1
        62        394          1          1
        63        146          0          1
        64         60          1          1
        65         56          0          1
        66         67          0          1
        67         78          0          1
        68        357          1          1
        69        257          0          1
        70        152          0          1
        71        350          0          1
        72        381          0          1
        73        374          0          1
        74        138          0          1
        75        278          0          1
        76         15          0          1
        77         81          1          1
        78        218          0          1
        79         14          0          1
        80        356          0          1
        81         61          1          1
        82        174          0          1
        83        345          1          1
        84        310          0          1
        85        133          1          1
        86        279          0          1
        87        297          0          1
        88        178          0          1
        89        186          0          1
        90        102          1          1
        91         28          0          1
        92        295          0          1
        93         93          0          1
        94        243          1          1
        95        373          0          1
        96         47          1          1
        97         23          0          1
        98        378          1          1
        99        393          0          1
       100        317          0          1
       101        180          0          1
       102         96          0          1
       103        351          0          1
       104        230          1          1
       105        283          0          1
       106        399          0          1
       107        347          1          1
       108        177          0          1
       109        275          0          1
       110        236          0          1
       111        321          0          1
       112        130          0          1
       113        337          0          1
       114        369          0          1
       115         86          1          1
       116        392          0          1
       117        316          0          1
       118         97          0          1
       119        125          0          1
       120         53          1          1
       121        134          0          1
       122        151          1          1
       123        266          0          1
       124        208          0          1
       125        217          0          1
       126        210          0          1
       127        338          0          1
       128        311          1          1
       129        319          0          1
       130        159          1          1
       131        131          0          1
       132        309          1          1
       133        122          0          1
       134          6          0          1
       135        353          0          1
       136        165          1          1
       137        333          0          1
       138        249          1          1
       139        318          0          1
       140         27          0          1
       141        106          1          1
       142         39          0          1
       143        238          0          1
       144        368          0          1
       145        245          1          1
       146        294          0          1
       147         73          1          1
       148        336          0          1
       149         76          1          1
       150        150          0          1
       151        264          0          1
       152        313          0          1
       153        226          0          1
       154         25          0          1
       155        167          1          1
       156        320          0          1
       157        250          1          1
       158         82          0          1
       159        265          0          1
       160        358          0          1
       161         99          0          1
       162         10          1          1
       163        142          0          1
       164        252          0          1
       165         50          0          1
       166         58          1          1
       167        168          0          1
       168        211          1          1
       169        169          0          1
       170        397          1          1
       171        231          0          1
       172         31          1          1
       173        364          0          1
       174        367          1          1
       175        154          0          1
       176        191          1          1
       177        121          0          1
       178        272          0          1
       179        261          1          1
       180        193          0          1
       181        256          1          1
       182        241          0          1
       183        349          1          1
       184        120          0          1
       185        377          0          1
       186         79          0          1
       187         12          0          1
       188        363          0          1
       189        263          1          1
       190        190          0          1
       191        153          0          1
       192         63          0          1
       193         41          1          1
       194        395          0          1
       195         48          0          1
       196        288          0          1
       197        184          1          1
       198         87          0          1
       199        248          0          1
       200        332          0          1
       201        201          0          1
       202        110          1          1
       203        203          0          1
       204        315          1          1
       205        205          0          1
       206        207          0          1
       207         95          0          1
       208        224          1          1
       209         80          0          1
       210        390          1          1
       211         16          0          1
       212        246          1          1
       213        114          0          1
       214        111          1          1
       215        182          0          1
       216         54          0          1
       217        398          0          1
       218         43          0          1
       219        162          0          1
       220        284          1          1
       221         35          0          1
       222        147          0          1
       223        334          0          1
       224        360          0          1
       225        108          0          1
       226        388          0          1
       227        355          0          1
       228        234          0          1
       229        251          1          1
       230        299          0          1
       231        143          1          1
       232        300          0          1
       233          1          1          1
       234        328          0          1
       235         70          1          1
       236        196          0          1
       237        365          1          1
       238         44          0          1
       239        126          1          1
       240        225          0          1
       241        128          0          1
       242         64          0          1
       243        361          1          1
       244        326          0          1
       245        183          1          1
       246        274          0          1
       247        227          1          1
       248        137          0          1
       249         92          0          1
       250        303          1          1
       251        262          0          1
       252        166          1          1
       253         57          0          1
       254         26          0          1
       255          3          0          1
       256        195          0          1
       257        189          0          1
       258        219          1          1
       259        396          0          1
       260        375          1          1
       261         91          0          1
       262        391          1          1
       263        346          0          1
       264        185          1          1
       265        254          0          1
       266        305          0          1
       267         45          0          1
       268        312          1          1
       269        267          0          1
       270        270          0          1
       271        216          1          1
       272        220          0          1
       273        280          0          1
       274        212          0          1
       275        286          0          1
       276        188          0          1
       277        276          1          1
       278        109          0          1
       279        101          1          1
       280        341          0          1
       281         77          0          1
       282        325          0          1
       283        331          0          1
       284        144          0          1
       285        285          0          1
       286        163          1          1
       287        287          0          1
       288         20          0          1
       289        103          0          1
       290         13          0          1
       291        237          0          1
       292         38          1          1
       293        107          0          1
       294         36          0          1
       295        214          1          1
       296        155          0          1
       297        164          0          1
       298        113          0          1
       299        239          0          1
       300        291          0          1
       301        223          0          1
       302        199          1          1
       303          2          0          1
       304        370          0          1
       305        352          0          1
       306        348          0          1
       307        115          0          1
       308        329          0          1
       309        124          1          1
       310        330          0          1
       311        323          0          1
       312          4          0          1
       313         18          0          1
       314        176          1          1
       315        204          0          1
       316        228          1          1
       317        307          0          1
       318        400          1          1
       319        242          0          1
       320        156          0          1
       321        314          0          1
       322        192          0          1
       323         89          0          1
       324        240          1          1
       325        136          0          1
       326         75          1          1
       327        173          0          1
       328        380          1          1
       329        215          0          1
       330         42          1          1
       331        343          0          1
       332        290          0          1
       333        281          0          1
       334         33          0          1
       335        382          1          1
       336        387          0          1
       337         84          0          1
       338        308          0          1
       339        175          1          1
       340         24          0          1
       341        383          0          1
       342        202          1          1
       343        129          0          1
       344        342          0          1
       345        141          1          1
       346        273          0          1
       347        197          0          1
       348        289          0          1
       349         51          1          1
       350        105          0          1
       351        327          1          1
       352        292          0          1
       353          9          0          1
       354         68          1          1
       355        170          0          1
       356        123          1          1
       357        221          0          1
       358        171          1          1
       359        116          0          1
       360        222          1          1
       361          5          1          1
       362        324          0          1
       363         85          1          1
       364         40          0          1
       365        135          0          1
       366         83          0          1
       367         65          0          1
       368         74          0          1
       369         98          0          1
       370         94          0          1
       371        379          0          1
       372        306          0          1
       373        371          1          1
       374        339          0          1
       375        148          1          1
       376        118          0          1
       377        372          0          1
       378         32          0          1
       379        258          1          1
       380        271          0          1
       381          7          0          1
       382         69          1          1
       383        104          0          1
       384         37          0          1
       385        302          0          1
       386        282          0          1
       387        362          1          1
       388        181          0          1
       389        296          1          1
       390         30          0          1
       391        145          1          1
       392        301          0          1
       393        244          0          1
       394         11          1          1
       395        119          0          1
       396        127          0          1
       397        359          1          1
       398        213          0          1
       399        354          0          1
       400        117          0          1
                1796
configuration                    3                10000         3.6063041456281308E-01         2.9800000000000000E+02         1.0000000000000002E-01
         1        392          1          1
         2         38          0          1
         3        108          0          1
         4        176          0          1
         5        219          0          1
         6        258          0          1
         7        153          1          1
         8        393          0          1
         9        297          1          1
        10        146          0          1
        11        271          0          1
        12        157          0          1
        13         68          1          1
        14        278          0          1
        15        273          0          1
        16        340          0          1
        17        288          0          1
        18        159          1          1
        19         39          0          1
        20        244          0          1
        21        383          0          1
        22        141          1          1
        23         93          0          1
        24        277          0          1
        25         86          0          1
        26        105          0          1
        27        200          0          1
        28        207          0          1
        29        179          0          1
        30        115          0          1
        31        246          0          1
        32        274          1          1
        33        304          0          1
        34        162          1          1
        35        237          0          1
        36         21          0          1
        37        196          1          1
        38        279          0          1
        39          9          0          1
        40        321          1          1
        41        195          1          1
        42         44          0          1
        43        324          0          1
        44        373          0          1
        45         18          1          1
        46        266          0          1
        47        253          1          1
        48        209          0          1
        49        283          1          1
        50        346          0          1
        51        285          1          1
        52        292          0          1
        53        248          1          1
        54        111          0          1
        55         55          0          1
        56        381          1          1
        57         88          0          1
        58        269          1          1
        59         29          0          1
        60        289          0          1
        61        265          0          1
        62         84          0          1
        63        137          1          1
        64        234          0          1
        65         46          0          1
        66        264          1          1
        67        208          0          1
        68        317          1          1
        69        313          0          1
        70        113          1          1
        71         54          0          1
        72        167          0          1
        73        147          0          1
        74        166          0          1
        75        399          1          1
        76        160          0          1
        77        229          0          1
        78         70          0          1
        79         97          0          1
        80        374          0          1
        81        107          0          1
        82        296          1          1
        83        221          0          1
        84        227          0          1
        85        127          1          1
        86        251          0          1
        87         60          1          1
        88        301          0          1
        89         91          1          1
        90        239          0          1
        91         12          1          1
        92        136          0          1
        93        126          0          1
        94        357          0          1
        95        181          0          1
        96         31          0          1
        97        396          1          1
        98        163          0          1
        99        328          1          1
       100        106          0          1
       101        193          1          1
       102        370          0          1
       103        377          0          1
       104         43          0          1
       105        257          0          1
       106         28          1          1
       107        212          0          1
       108        182          0          1
       109        352          0          1
       110        318          0          1
       111        388          0          1
       112         47          0          1
       113         27          1          1
       114        369          0          1
       115         77          1          1
       116        119          0          1
       117        190          0          1
       118        333          0          1
       119        171          0          1
       120         56          1          1
       121        306          0          1
       122        168          0          1
       123         69          0          1
       124        308          0          1
       125        230          1          1
       126        101          0          1
       127        252          1          1
       128        187          0          1
       129        363          0          1
       130        319          0          1
       131        353          1          1
       132        249          0          1
       133        122          0          1
       134        228          1          1
       135        205          0          1
       136        185          0          1
       137        183          0          1
       138        256          1          1
       139        109          0          1
       140        202          0          1
       141        276          0          1
       142        267          1          1
       143         90          0          1
       144        218          1          1
       145        272          0          1
       146         52          1          1
       147         22          0          1
       148        315          1          1
       149        242          0          1
       150        133          1          1
       151        175          0          1
       152        386          0          1
       153        351          0          1
       154        382          0          1
       155         98          1          1
       156        320          0          1
       157        214          1          1
       158         82          0          1
       159        100          1          1
       160         26          0          1
       161         51          0          1
       162        260          0          1
       163        216          0          1
       164        170          0          1
       165        204          0          1
       166         71          0          1
       167         40          0          1
       168        188          0          1
       169        259          0          1
       170        156          0          1
       171        231          0          1
       172         23          1          1
       173        364          0          1
       174        366          1          1
       175        154          0          1
       176        102          0          1
       177          1          0          1
       178        360          1          1
       179        281          0          1
       180        213          1          1
       181         87          1          1
       182        261          0          1
       183        255          0          1
       184        199          1          1
       185        398          0          1
       186        110          0          1
       187        390          0          1
       188        400          1          1
       189         30          0          1
       190        397          0          1
       191        158          1          1
       192         73          0          1
       193         75          1          1
       194        263          0          1
       195         25          0          1
       196         35          1          1
       197         24          0          1
       198        323          0          1
       199        165          1          1
       200          2          0          1
       201        125          0          1
       202         99          0          1
       203        148          1          1
       204        184          0          1
       205        310          0          1
       206        295          0          1
       207        123          1          1
       208        172          0          1
       209         79          1          1
       210        312          0          1
       211         95          0          1
       212          6          1          1
       213        316          0          1
       214        342          1          1
       215        194          0          1
       216         14          0          1
       217        104          1          1
       218        206          0          1
       219        238          0          1
       220        348          1          1
       221        275          0          1
       222        286          1          1
       223          5          0          1
       224        303          1          1
       225        139          0          1
       226        349          1          1
       227         81          0          1
       228        335          1          1
       229        395          0          1
       230        121          1          1
       231         62          0          1
       232        124          0          1
       233        378          1          1
       234        130          0          1
       235         36          0          1
       236          7          1          1
       237        347          0          1
       238         50          0          1
       239         64          0          1
       240         92          0          1
       241        245          1          1
       242         16          0          1
       243         20          1          1
       244        338          0          1
       245        365          1          1
       246        203          0          1
       247        309          1          1
       248        142          0          1
       249        375          0          1
       250        385          0          1
       251        210          1          1
       252        339          0          1
       253        211          0          1
       254         58          0          1
       255        225          1          1
       256        293          0          1
       257        331          1          1
       258        128          0          1
       259        284          1          1
       260        387          0          1
       261        280          0          1
       262        345          0          1
       263         42          0          1
       264         33          0          1
       265        254          0          1
       266         67          1          1
       267        325          0          1
       268        350          1          1
       269        270          0          1
       270        298          1          1
       271         78          0          1
       272          4          1          1
       273        394          0          1
       274        358          1          1
       275        337          0          1
       276        294          1          1
       277         96          0          1
       278        186          1          1
       279        356          0          1
       280         85          1          1
       281         11          0          1
       282        268          1          1
       283         59          0          1
       284        149          1          1
       285         17          0          1
       286        217          0          1
       287        384          1          1
       288          3          0          1
       289        169          1          1
       290        143          0          1
       291        222          1          1
       292         57          0          1
       293        198          1          1
       294         13          0          1
       295        144          1          1
       296        117          0          1
       297        334          1          1
       298        290          0          1
       299        180          1          1
       300        291          0          1
       301        223          0          1
       302         63          0          1
       303         61          1          1
       304        155          0          1
       305         72          1          1
       306        150          0          1
       307        132          0          1
       308         65          1          1
       309        192          0          1
       310        330          0          1
       311        243          0          1
       312        329          1          1
       313        305          0          1
       314        287          1          1
       315         53          0          1
       316        201          1          1
       317         45          0          1
       318        391          1          1
       319        161          0          1
       320        131          0          1
       321         83          0          1
       322        380          1          1
       323        226          0          1
       324        135          1          1
       325        140          0          1
       326        236          0          1
       327        326          1          1
       328        151          0          1
       329        189          0          1
       330        336          1          1
       331        343          0          1
       332        134          0          1
       333        177          1          1
       334         80          0          1
       335        355          0          1
       336        178          0          1
       337        314          1          1
       338        389          0          1
       339        344          1          1
       340        368          0          1
       341        191          0          1
       342         48          0          1
       343        322          0          1
       344         94          0          1
       345        362          1          1
       346        311          0          1
       347        103          0          1
       348        250          0          1
       349         49          0          1
       350        235          0          1
       351        371          1          1
       352        138          0          1
       353         10          0          1
       354        327          0          1
       355        302          1          1
       356        332          0          1
       357         74          0          1
       358         34          0          1
       359        116          0          1
       360         41          0          1
       361         76          0          1
       362        240          0          1
       363          8          0          1
       364         15          1          1
       365        118          0          1
       366        233          0          1
       367        241          1          1
       368        173          0          1
       369        120          0          1
       370        232          1          1
       371        379          0          1
       372        300          1          1
       373        359          0          1
       374        112          1          1
       375        282          0          1
       376        145          1          1
       377        299          0          1
       378         19          0          1
       379        247          0          1
       380        152          1          1
       381        262          0          1
       382        215          1          1
       383        376          0          1
       384        367          0          1
       385        114          0          1
       386        354          1          1
       387        361          0          1
       388        224          1          1
       389        164          0          1
       390        307          0          1
       391         66          0          1
       392         32          0          1
       393        174          0          1
       394        372          0          1
       395         37          1          1
       396         89          0          1
       397        129          1          1
       398        341          0          1
       399        197          1          1
       400        220          0          1
                3581
configuration                    4                15000         5.4264719286050411E-01         2.9800000000000000E+02         1.3877787807814457E-17
         1         39          1          1
         2         38          0          1
         3        342          1          1
         4        176          0          1
         5        225          0          1
         6         26          0          1
         7        120          1          1
         8        109          0          1
         9        351          0          1
        10        360          0          1
        11          2          0          1
        12        245          1          1
        13         51          0          1
        14        187          0          1
        15        337          0          1
        16         93          0          1
        17        371          1          1
        18        328          0          1
        19        117          1          1
        20         43          0          1
        21        383          0          1
        22        282          0          1
        23         29          0          1
        24         79          1          1
        25         67          0          1
        26        261          1          1
        27        200          0          1
        28         58          1          1
        29        167          0          1
        30        243          0          1
        31        216          1          1
        32         32          0          1
        33         33          0          1
        34        205          1          1
        35          1          0          1
        36        400          0          1
        37        179          0          1
        38         23          0          1
        39        240          0          1
        40         99          1          1
        41         49          0          1
        42        201          1          1
        43         12          0          1
        44         95          0          1
        45        339          1          1
        46        266          0          1
        47        376          0          1
        48        209          0          1
        49        155          1          1
        50        238          0          1
        51        223          0          1
        52        293          1          1
        53        362          0          1
        54        291          0          1
        55          6          1          1
        56        300          0          1
        57        229          1          1
        58        310          0          1
        59        283          1          1
        60        289          0          1
        61        151          0          1
        62        239          0          1
        63         42          0          1
        64        156          1          1
        65        367          0          1
        66        132          0          1
        67         71          0          1
        68        195          1          1
        69         53          0          1
        70        346          0          1
        71        292          1          1
        72        106          0          1
        73        386          1          1
        74          4          0          1
        75        265          0          1
        76        177          0          1
        77        338          0          1
        78         68          0          1
        79        104          0          1
        80        137          1          1
        81        353          1          1
        82        247          0          1
        83         11          1          1
        84         97          0          1
        85        244          1          1
        86        182          0          1
        87        154          1          1
        88        301          0          1
        89        188          0          1
        90         65          0          1
        91        382          0          1
        92        297          0          1
        93        361          0          1
        94        271          0          1
        95         60          1          1
        96        298          0          1
        97        189          1          1
        98         66          0          1
        99        175          1          1
       100        193          0          1
       101        224          0          1
       102        260          1          1
       103          8          0          1
       104        332          1          1
       105        116          0          1
       106        355          1          1
       107        296          0          1
       108        181          1          1
       109        290          0          1
       110        373          0          1
       111        385          1          1
       112         18          0          1
       113        333          0          1
       114        153          1          1
       115        312          0          1
       116         56          1          1
       117        173          0          1
       118        196          1          1
       119        329          0          1
       120         45          0          1
       121        252          1          1
       122        334          0          1
       123        122          1          1
       124        170          0          1
       125        259          0          1
       126        180          0          1
       127         30          1          1
       128         85          0          1
       129         27          0          1
       130        191          0          1
       131        374          0          1
       132        130          1          1
       133         92          0          1
       134        389          0          1
       135        110          1          1
       136        380          0          1
       137        397          0          1
       138        322          0          1
       139        100          1          1
       140         19          0          1
       141        212          0          1
       142        396          1          1
       143         98          0          1
       144         52          0          1
       145         35          0          1
       146        348          1          1
       147        264          0          1
       148         72          0          1
       149        232          0          1
       150        345          0          1
       151        275          1          1
       152        198          0          1
       153        377          1          1
       154        325          0          1
       155        242          0          1
       156        340          1          1
       157        270          0          1
       158        319          0          1
       159        358          0          1
       160        370          1          1
       161         89          1          1
       162         17          0          1
       163        134          0          1
       164        105          1          1
       165        388          0          1
       166        313          0          1
       167        111          1          1
       168        160          0          1
       169        145          0          1
       170         24          1          1
       171        159          0          1
       172        207          0          1
       173        220          0          1
       174        315          0          1
       175        163          0          1
       176        174          0          1
       177         70          0          1
       178         46          0          1
       179        268          1          1
       180        146          0          1
       181        227          0          1
       182        234          0          1
       183        255          0          1
       184        331          0          1
       185        343          0          1
       186        302          1          1
       187        253          0          1
       188        304          0          1
       189        236          1          1
       190        363          0          1
       191        235          0          1
       192         47          0          1
       193        138          0          1
       194         36          1          1
       195         50          0          1
       196        210          1          1
       197        287          0          1
       198        136          0          1
       199        228          0          1
       200        202          1          1
       201        203          1          1
       202         40          0          1
       203        211          1          1
       204        168          0          1
       205        267          0          1
       206        274          0          1
       207        102          0          1
       208        378          0          1
       209         41          0          1
       210        256          1          1
       211        359          0          1
       212        184          0          1
       213         94          1          1
       214        344          0          1
       215        215          1          1
       216        218          0          1
       217        230          0          1
       218        150          0          1
       219        395          1          1
       220        149          0          1
       221        324          0          1
       222         55          1          1
       223        157          0          1
       224        226          0          1
       225        286          0          1
       226        204          0          1
       227        314          0          1
       228        140          1          1
       229        124          0          1
       230        341          0          1
       231        115          0          1
       232        171          0          1
       233        288          0          1
       234        320          1          1
       235         59          0          1
       236        379          0          1
       237        352          0          1
       238        364          0          1
       239        317          0          1
       240        233          1          1
       241        311          0          1
       242         16          0          1
       243        398          1          1
       244         10          0          1
       245        349          0          1
       246        186          1          1
       247         54          0          1
       248        251          0          1
       249        307          1          1
       250         81          0          1
       251        249          1          1
       252        183          0          1
       253        133          1          1
       254        114          0          1
       255        166          0          1
       256        101          0          1
       257        113          0          1
       258        148          0          1
       259        127          0          1
       260        250          0          1
       261        391          0          1
       262        258          1          1
       263        347          0          1
       264         31          1          1
       265        326          0          1
       266        206          0          1
       267        330          0          1
       268         75          0          1
       269          5          0          1
       270         73          0          1
       271        295          0          1
       272        368          0          1
       273        394          0          1
       274        335          1          1
       275        387          0          1
       276        381          0          1
       277        393          0          1
       278         61          1          1
       279        147          0          1
       280        144          1          1
       281        369          1          1
       282        354          0          1
       283         25          1          1
       284        131          0          1
       285        162          1          1
       286        103          0          1
       287        372          1          1
       288        128          0          1
       289        276          0          1
       290        143          0          1
       291         28          0          1
       292         57          0          1
       293        384          0          1
       294         13          0          1
       295        208          1          1
       296        392          0          1
       297         22          1          1
       298         78          0          1
       299        119          1          1
       300         87          0          1
       301        214          0          1
       302        129          1          1
       303         62          0          1
       304        221          0          1
       305        241          0          1
       306        257          1          1
       307        285          0          1
       308        237          0          1
       309        309          0          1
       310        139          1          1
       311         96          0          1
       312         21          1          1
       313         63          0          1
       314        262          1          1
       315         44          0          1
       316        273          0          1
       317        399          0          1
       318         74          1          1
       319         83          0          1
       320         64          0          1
       321         77          0          1
       322        390          0          1
       323        306          0          1
       324        231          0          1
       325        278          0          1
       326        142          0          1
       327        185          0          1
       328         84          0          1
       329        152          1          1
       330        294          0          1
       331        303          0          1
       332         90          0          1
       333        158          0          1
       334         80          0          1
       335         86          0          1
       336        284          0          1
       337        365          1          1
       338        141          0          1
       339        327          0          1
       340        217          1          1
       341        366          1          1
       342        318          0          1
       343        197          1          1
       344        161          0          1
       345        172          1          1
       346        199          0          1
       347        178          0          1
       348        280          1          1
       349        357          0          1
       350         15          1          1
       351        126          0          1
       352        254          1          1
       353        112          0          1
       354        316          0          1
       355        272          0          1
       356        277          0          1
       357         82          0          1
       358        213          1          1
       359        350          0          1
       360        107          0          1
       361        165          0          1
       362        246          0          1
       363        305          0          1
       364        281          1          1
       365        323          0          1
       366          3          0          1
       367        299          1          1
       368        118          0          1
       369        125          0          1
       370        336          0          1
       371        169          1          1
       372         20          0          1
       373          7          0          1
       374        222          1          1
       375        279          0          1
       376        356          0          1
       377        219          1          1
       378         37          0          1
       379         34          1          1
       380        248          0          1
       381        108          0          1
       382        164          1          1
       383        194          0          1
       384        308          0          1
       385        190          1          1
       386        321          0          1
       387        123          0          1
       388        192          1          1
       389         48          0          1
       390        135          0          1
       391         14          0          1
       392        121          0          1
       393        269          1          1
       394         91          0          1
       395          9          0          1
       396         88          0          1
       397        263          0          1
       398         69          1          1
       399         76          0          1
       400        375          1          1
                5394
configuration                    5                20000         7.2811896416705058E-01         2.9800000000000000E+02         1.3877787807814457E-17
         1        181          0          1
         2        201          0          1
         3         99          0          1
         4        122          0          1
         5        140          1          1
         6        383          0          1
         7        384          1          1
         8        164          0          1
         9        287          1          1
        10        351          0          1
        11        314          0          1
        12         75          0          1
        13        183          1          1
        14        327          0          1
        15        295          1          1
        16        113          0          1
        17        334          0          1
        18        114          0          1
        19         57          1          1
        20        364          0          1
        21          7          1          1
        22        148          0          1
        23        232          0          1
        24        176          0          1
        25         94          0          1
        26         79          0          1
        27        112          0          1
        28        200          1          1
        29        333          0          1
        30        386          1          1
        31        131          0          1
        32        274          1          1
        33         68          0          1
        34        355          0          1
        35        337          0          1
        36         50          0          1
        37        106          0          1
        38        343          1          1
        39        123          0          1
        40        161          0          1
        41         91          0          1
        42        155          1          1
        43         47          0          1
        44         80          1          1
        45        237          0          1
        46        100          0          1
        47        400          1          1
        48        142          0          1
        49        172          1          1
        50         70          0          1
        51        397          1          1
        52        192          0          1
        53        177          0          1
        54        220          0          1
        55         12          1          1
        56        380          0          1
        57        190          0          1
        58        141          0          1
        59        166          0          1
        60        239          1          1
        61        247          0          1
        62        332          0          1
        63         41          0          1
        64        226          0          1
        65        344          1          1
        66        342          0          1
        67        331          0          1
        68         64          1          1
        69        385          0          1
        70        309          0          1
        71        110          0          1
        72        326          1          1
        73         72          0          1
        74        389          1          1
        75         39          0          1
        76        102          1          1
        77        338          0          1
        78        302          1          1
        79        134          0          1
        80         71          0          1
        81        216          1          1
        82        294          0          1
        83        305          1          1
        84        203          0          1
        85        248          0          1
        86        174          0          1
        87        185          1          1
        88         56          0          1
        89         84          0          1
        90        157          0          1
        91          6          0          1
        92        187          0          1
        93        204          1          1
        94         45          0          1
        95        144          1          1
        96         93          0          1
        97        223          1          1
        98        345          0          1
        99        132          1          1
       100        193          0          1
       101        275          0          1
       102         51          1          1
       103        206          0          1
       104        250          1          1
       105        369          0          1
       106        219          1          1
       107        173          0          1
       108         87          1          1
       109        178          0          1
       110        280          1          1
       111         74          0          1
       112        152          0          1
       113        325          0          1
       114         31          0          1
       115        366          0          1
       116          9          0          1
       117          5          0          1
       118         42          1          1
       119        151          0          1
       120        153          0          1
       121        361          1          1
       122        259          0          1
       123        290          1          1
       124        175          0          1
       125         40          1          1
       126        184          0          1
       127        360          1          1
       128         69          0          1
       129        266          1          1
       130        395          0          1
       131        340          0          1
       132        207          0          1
       133          2          0          1
       134        230          0          1
       135        118          0          1
       136         10          1          1
       137         21          0          1
       138        322          0          1
       139        378          0          1
       140         19          0          1
       141        304          0          1
       142        279          0          1
       143         23          0          1
       144        227          0          1
       145        246          0          1
       146        310          0          1
       147        186          0          1
       148        267          1          1
       149        296          0          1
       150        231          1          1
       151        117          0          1
       152        103          0          1
       153         96          1          1
       154        256          0          1
       155         65          1          1
       156        135          0          1
       157        154          0          1
       158        284          0          1
       159         30          0          1
       160        156          1          1
       161        265          0          1
       162        260          0          1
       163         81          0          1
       164        136          0          1
       165        362          1          1
       166         73          0          1
       167        308          0          1
       168        196          0          1
       169        138          1          1
       170        376          0          1
       171        145          1          1
       172        258          0          1
       173        363          0          1
       174         60          0          1
       175          3          0          1
       176         67          0          1
       177        104          0          1
       178        108          0          1
       179        273          1          1
       180        169          0          1
       181         92          0          1
       182         14          0          1
       183        292          0          1
       184        111          1          1
       185         53          0          1
       186        269          1          1
       187        209          0          1
       188        289          0          1
       189         97          0          1
       190         89          1          1
       191        381          0          1
       192        352          1          1
       193        373          0          1
       194        213          1          1
       195        167          0          1
       196         18          0          1
       197         22          0          1
       198        358          0          1
       199        382          0          1
       200        229          1          1
       201        329          0          1
       202        396          0          1
       203        221          1          1
       204        126          0          1
       205        224          1          1
       206        195          0          1
       207         95          0          1
       208        168          1          1
       209        171          0          1
       210        353          0          1
       211        387          1          1
       212         77          0          1
       213        170          1          1
       214        234          0          1
       215         29          0          1
       216        370          0          1
       217        249          0          1
       218        150          0          1
       219         25          1          1
       220        149          0          1
       221        324          0          1
       222        252          0          1
       223         24          0          1
       224        159          1          1
       225        277          0          1
       226        323          1          1
       227         16          0          1
       228        349          0          1
       229         63          0          1
       230        130          0          1
       231        330          0          1
       232        391          0          1
       233        163          0          1
       234        128          1          1
       235         86          0          1
       236        311          1          1
       237        218          0          1
       238        288          1          1
       239        101          0          1
       240         52          1          1
       241        341          1          1
       242        354          0          1
       243        188          1          1
       244         43          0          1
       245        321          0          1
       246         38          0          1
       247        160          1          1
       248        372          0          1
       249        299          0          1
       250        243          1          1
       251        356          0          1
       252        180          0          1
       253        116          0          1
       254        189          0          1
       255        281          1          1
       256        283          0          1
       257        242          1          1
       258        125          0          1
       259        222          1          1
       260        120          0          1
       261        109          0          1
       262        198          1          1
       263         35          0          1
       264        335          1          1
       265        306          0          1
       266        165          1          1
       267        143          0          1
       268        115          0          1
       269        244          0          1
       270        293          0          1
       271        301          0          1
       272        388          1          1
       273        307          0          1
       274          8          0          1
       275        257          0          1
       276        194          1          1
       277        276          0          1
       278        199          1          1
       279        139          0          1
       280         85          1          1
       281        197          1          1
       282        394          0          1
       283        297          1          1
       284        319          0          1
       285         98          0          1
       286        270          0          1
       287        225          0          1
       288        317          1          1
       289        208          0          1
       290        236          1          1
       291        300          0          1
       292         54          0          1
       293        278          0          1
       294         13          0          1
       295        377          1          1
       296        320          0          1
       297        137          1          1
       298        357          0          1
       299         33          1          1
       300        336          0          1
       301        162          0          1
       302        205          1          1
       303          1          0          1
       304        365          0          1
       305        368          1          1
       306         37          0          1
       307        285          1          1
       308        359          0          1
       309        240          1          1
       310        272          0          1
       311         27          1          1
       312          4          0          1
       313        133          0          1
       314        393          1          1
       315         44          0          1
       316         15          1          1
       317        399          0          1
       318        262          0          1
       319        392          0          1
       320        215          1          1
       321        268          1          1
       322         59          0          1
       323         62          0          1
       324        346          1          1
       325         34          0          1
       326        315          0          1
       327        264          0          1
       328        245          1          1
       329        303          0          1
       330        339          0          1
       331        255          0          1
       332        202          0          1
       333        235          1          1
       334        375          0          1
       335         55          1          1
       336        119          0          1
       337        129          1          1
       338         11          0          1
       339         17          1          1
       340        158          0          1
       341        374          0          1
       342        318          0          1
       343        328          1          1
       344        348          0          1
       345         76          0          1
       346         26          0          1
       347         78          0          1
       348         61          0          1
       349         49          0          1
       350        107          0          1
       351        147          0          1
       352        379          1          1
       353         36          0          1
       354        124          1          1
       355         58          0          1
       356        182          1          1
       357         82          0          1
       358        228          0          1
       359        238          0          1
       360        191          1          1
       361        298          0          1
       362        214          0          1
       363        179          0          1
       364        390          0          1
       365         46          1          1
       366         32          0          1
       367        253          1          1
       368        312          0          1
       369        282          1          1
       370         66          0          1
       371        371          1          1
       372         20          0          1
       373        286          1          1
       374        271          0          1
       375        127          1          1
       376        261          0          1
       377        121          0          1
       378        254          0          1
       379         88          1          1
       380         28          0          1
       381        251          0          1
       382         90          1          1
       383        233          0          1
       384        347          0          1
       385        316          0          1
       386        398          1          1
       387        350          0          1
       388        313          1          1
       389        212          0          1
       390        146          1          1
       391        241          0          1
       392         83          1          1
       393        211          0          1
       394        105          1          1
       395         48          0          1
       396        367          1          1
       397        263          0          1
       398        291          1          1
       399        217          0          1
       400        210          0          1
                7210
configuration                    6                25000         9.1667009196310412E-01         2.9800000000000000E+02         1.3877787807814457E-17
         1         99          0          1
         2         51          1          1
         3         96          0          1
         4         91          1          1
         5          4          0          1
         6        309          1          1
         7        360          0          1
         8         36          1          1
         9        191          0          1
        10         44          0          1
        11        306          0          1
        12        219          0          1
        13        201          0          1
        14        113          0          1
        15        321          0          1
        16        371          0          1
        17        239          1          1
        18        364          0          1
        19        396          1          1
        20         97          0          1
        21        119          1          1
        22        363          0          1
        23        174          1          1
        24        178          0          1
        25        303          1          1
        26        228          0          1
        27        334          0          1
        28        172          0          1
        29        214          1          1
        30        329          0          1
        31        365          1          1
        32        241          0          1
        33        197          1          1
        34        204          0          1
        35         65          1          1
        36        293          0          1
        37        192          0          1
        38        199          0          1
        39        210          0          1
        40        282          0          1
        41        189          0          1
        42         18          1          1
        43        150          0          1
        44        246          1          1
        45         92          0          1
        46        176          1          1
        47        374          0          1
        48        144          0          1
        49        358          0          1
        50         88          0          1
        51        372          0          1
        52         70          1          1
        53        285          0          1
        54        385          0          1
        55        161          0          1
        56        106          0          1
        57        368          1          1
        58        289          0          1
        59        265          1          1
        60         20          0          1
        61        366          0          1
        62         52          0          1
        63        294          0          1
        64        102          0          1
        65        388          0          1
        66        175          0          1
        67         55          0          1
        68        224          0          1
        69        333          0          1
        70        115          1          1
        71        331          0          1
        72        238          0          1
        73        121          0          1
        74        376          1          1
        75         22          0          1
        76        225          1          1
        77        338          0          1
        78        341          1          1
        79        157          0          1
        80        203          1          1
        81        337          0          1
        82        209          0          1
        83         63          0          1
        84        387          0          1
        85        163          0          1
        86        215          1          1
        87         98          0          1
        88         56          0          1
        89        281          1          1
        90         81          0          1
        91          1          0          1
        92        196          0          1
        93        270          0          1
        94         45          0          1
        95        262          0          1
        96         10          0          1
        97        147          0          1
        98        345          0          1
        99        319          1          1
       100        193          0          1
       101        275          0          1
       102        324          0          1
       103        247          1          1
       104        130          0          1
       105        229          0          1
       106         35          0          1
       107        339          0          1
       108        133          1          1
       109        125          0          1
       110         40          1          1
       111        170          0          1
       112        109          1          1
       113        325          0          1
       114        290          1          1
       115        384          0          1
       116        158          1          1
       117        310          0          1
       118        271          1          1
       119         14          0          1
       120         62          1          1
       121        318          1          1
       122        317          0          1
       123        314          0          1
       124        169          0          1
       125         29          0          1
       126         17          0          1
       127        250          1          1
       128        146          0          1
       129         68          0          1
       130        103          0          1
       131        141          0          1
       132        207          0          1
       133        274          1          1
       134        295          0          1
       135        134          0          1
       136        308          0          1
       137        347          1          1
       138        162          0          1
       139        126          1          1
       140        377          0          1
       141        148          0          1
       142        221          1          1
       143        194          0          1
       144        277          1          1
       145        127          0          1
       146        233          1          1
       147        111          0          1
       148        348          0          1
       149        145          0          1
       150        313          1          1
       151        235          0          1
       152        117          1          1
       153        132          0          1
       154        273          1          1
       155        362          0          1
       156        316          1          1
       157         76          0          1
       158         24          0          1
       159         84          0          1
       160        187          1          1
       161        395          0          1
       162        260          0          1
       163        220          0          1
       164        268          0          1
       165        243          0          1
       166        269          0          1
       167        394          0          1
       168        323          0          1
       169        104          1          1
       170        379          0          1
       171         27          1          1
       172        344          0          1
       173        390          0          1
       174         66          0          1
       175        252          1          1
       176        118          0          1
       177         30          1          1
       178          8          0          1
       179        166          1          1
       180        284          0          1
       181        307          1          1
       182        101          0          1
       183        400          0          1
       184         79          0          1
       185        143          0          1
       186         11          0          1
       187         75          0          1
       188        180          1          1
       189        173          0          1
       190        343          0          1
       191         21          0          1
       192        123          1          1
       193        373          0          1
       194        398          1          1
       195        167          0          1
       196         33          1          1
       197        232          0          1
       198        244          1          1
       199          7          0          1
       200          6          0          1
       201         80          0          1
       202         39          1          1
       203         12          0          1
       204        312          1          1
       205        383          0          1
       206        399          1          1
       207         93          0          1
       208        354          0          1
       209         94          1          1
       210        267          0          1
       211        382          0          1
       212         77          0          1
       213        292          0          1
       214        296          0          1
       215        359          1          1
       216        370          0          1
       217         19          1          1
       218        160          0          1
       219        242          0          1
       220        346          1          1
       221         78          0          1
       222        226          0          1
       223         48          0          1
       224        105          0          1
       225        190          0          1
       226        381          0          1
       227        136          0          1
       228         31          1          1
       229         85          0          1
       230        311          0          1
       231        386          0          1
       232         90          0          1
       233        251          0          1
       234         86          0          1
       235        184          0          1
       236        135          0          1
       237        218          0          1
       238        107          1          1
       239        108          0          1
       240         32          0          1
       241        137          0          1
       242         74          1          1
       243        100          0          1
       244        256          0          1
       245        185          0          1
       246         60          0          1
       247        253          0          1
       248        142          0          1
       249        181          1          1
       250        205          0          1
       251        198          0          1
       252          5          1          1
       253         72          0          1
       254        183          0          1
       255        357          1          1
       256        283          0          1
       257         43          1          1
       258        171          0          1
       259         61          0          1
       260         54          1          1
       261        236          1          1
       262        165          0          1
       263        208          0          1
       264        154          0          1
       265        378          0          1
       266        336          1          1
       267        248          0          1
       268        200          0          1
       269        249          0          1
       270        261          1          1
       271        301          0          1
       272        152          0          1
       273         49          0          1
       274        278          1          1
       275        257          0          1
       276        237          1          1
       277        276          0          1
       278        230          0          1
       279        139          0          1
       280         16          0          1
       281        206          0          1
       282        211          1          1
       283        188          0          1
       284          9          1          1
       285         47          0          1
       286        291          0          1
       287        287          1          1
       288        356          0          1
       289        322          1          1
       290        255          0          1
       291        340          1          1
       292        350          0          1
       293        300          0          1
       294        245          0          1
       295         73          0          1
       296        320          0          1
       297        159          1          1
       298        231          0          1
       299         71          0          1
       300        361          1          1
       301         83          1          1
       302        213          0          1
       303        302          0          1
       304          2          0          1
       305         57          1          1
       306        328          0          1
       307        112          0          1
       308         69          1          1
       309         50          0          1
       310         41          1          1
       311        391          0          1
       312        168          1          1
       313        280          0          1
       314        258          1          1
       315        222          0          1
       316        352          1          1
       317        298          0          1
       318        153          1          1
       319        392          0          1
       320        240          0          1
       321        151          0          1
       322        349          0          1
       323         95          0          1
       324        155          1          1
       325         34          0          1
       326        195          1          1
       327        264          0          1
       328        353          0          1
       329         67          1          1
       330        297          0          1
       331        299          1          1
       332        351          0          1
       333         28          0          1
       334        327          0          1
       335        397          1          1
       336         13          0          1
       337        149          1          1
       338        182          0          1
       339        216          1          1
       340        332          0          1
       341        330          1          1
       342        286          0          1
       343        342          1          1
       344        254          0          1
       345        279          1          1
       346         26          0          1
       347        335          1          1
       348        179          0          1
       349        140          0          1
       350        326          0          1
       351        369          0          1
       352        116          0          1
       353         15          1          1
       354        288          0          1
       355         58          0          1
       356        114          1          1
       357         82          0          1
       358        393          0          1
       359         37          0          1
       360        120          0          1
       361        212          0          1
       362        164          1          1
       363        315          0          1
       364         59          0          1
       365         64          0          1
       366         53          0          1
       367        272          0          1
       368        177          1          1
       369        138          0          1
       370        223          0          1
       371         46          0          1
       372         25          1          1
       373        186          0          1
       374        389          0          1
       375        129          0          1
       376          3          0          1
       377        367          0          1
       378        304          0          1
       379        122          0          1
       380        124          1          1
       381        266          0          1
       382        259          0          1
       383         38          0          1
       384         23          0          1
       385         89          1          1
       386         42          0          1
       387         87          1          1
       388        202          0          1
       389        227          0          1
       390        156          0          1
       391        234          0          1
       392        128          0          1
       393        110          1          1
       394        305          0          1
       395        380          1          1
       396        131          0          1
       397        263          0          1
       398        375          1          1
       399        217          0          1
       400        355          0          1
                9027
configuration                    7                30000         1.1016228042560274E+00         2.9800000000000000E+02         1.3877787807814457E-17
         1        241          0          1
         2        303          1          1
         3        255          0          1
         4         24          1          1
         5          4          0          1
         6         88          0          1
         7        258          0          1
         8        116          0          1
         9        149          1          1
        10        184          0          1
        11         10          1          1
        12        170          0          1
        13        400          1          1
        14        317          0          1
        15        238          1          1
        16        295          0          1
        17        335          1          1
        18        314          0          1
        19        327          1          1
        20         74          0          1
        21         76          1          1
        22        360          0          1
        23        233          1          1
        24        349          0          1
        25        244          1          1
        26        228          0          1
        27        222          1          1
        28        124          0          1
        29         61          0          1
        30        328          1          1
        31        100          0          1
        32         75          0          1
        33        348          0          1
        34        115          1          1
        35        302          0          1
        36        186          1          1
        37        323          0          1
        38        325          1          1
        39        308          0          1
        40        265          0          1
        41         43          0          1
        42        391          0          1
        43          2          0          1
        44         79          1          1
        45        133          0          1
        46        131          1          1
        47        358          0          1
        48        235          1          1
        49        337          0          1
        50         70          0          1
        51         63          1          1
        52        163          0          1
        53        387          1          1
        54        361          0          1
        55        224          0          1
        56        130          0          1
        57        306          0          1
        58        289          0          1
        59        254          1          1
        60        197          0          1
        61        291          0          1
        62        192          0          1
        63        158          1          1
        64        377          0          1
        65        126          0          1
        66        122          0          1
        67        221          0          1
        68         40          0          1
        69        380          0          1
        70         92          0          1
        71         89          0          1
        72        112          1          1
        73        201          0          1
        74        127          0          1
        75        345          0          1
        76         15          1          1
        77        342          0          1
        78        341          0          1
        79        368          0          1
        80         33          0          1
        81        185          0          1
        82         78          1          1
        83        174          0          1
        84        213          0          1
        85        109          1          1
        86         14          0          1
        87         83          0          1
        88        161          0          1
        89        249          1          1
        90          1          0          1
        91         47          1          1
        92        196          0          1
        93        242          1          1
        94        187          0          1
        95        297          1          1
        96        188          0          1
        97        216          1          1
        98        324          0          1
        99        181          1          1
       100         87          0          1
       101        293          1          1
       102        336          0          1
       103          5          0          1
       104         69          1          1
       105         93          0          1
       106        207          1          1
       107         58          0          1
       108         12          0          1
       109        252          0          1
       110        180          1          1
       111        261          0          1
       112         53          1          1
       113        176          0          1
       114         72          1          1
       115        162          0          1
       116        167          1          1
       117        113          0          1
       118        316          1          1
       119        299          0          1
       120        281          0          1
       121        243          0          1
       122        268          1          1
       123        218          0          1
       124        140          0          1
       125         41          1          1
       126        132          0          1
       127        395          0          1
       128        378          0          1
       129        128          1          1
       130        103          0          1
       131        251          1          1
       132        381          0          1
       133        114          1          1
       134        290          0          1
       135          7          0          1
       136        259          0          1
       137         56          1          1
       138        333          0          1
       139         50          0          1
       140         16          1          1
       141         94          1          1
       142        399          0          1
       143        152          0          1
       144        234          0          1
       145        347          0          1
       146        313          1          1
       147        134          0          1
       148        292          1          1
       149         13          0          1
       150        398          0          1
       151         30          0          1
       152        321          1          1
       153        331          0          1
       154        262          0          1
       155        135          0          1
       156        304          1          1
       157         22          0          1
       158        305          1          1
       159        353          0          1
       160        351          0          1
       161        352          0          1
       162        340          0          1
       163        256          0          1
       164        154          1          1
       165        209          0          1
       166        155          0          1
       167        298          0          1
       168        382          0          1
       169        191          1          1
       170        193          0          1
       171        326          1          1
       172        175          0          1
       173         86          1          1
       174        189          0          1
       175         29          1          1
       176        379          0          1
       177        307          0          1
       178         80          0          1
       179        310          0          1
       180        182          1          1
       181        390          1          1
       182         57          0          1
       183        283          0          1
       184         99          0          1
       185         73          0          1
       186        371          0          1
       187        237          1          1
       188        169          0          1
       189        166          0          1
       190        240          0          1
       191        205          0          1
       192        287          1          1
       193        279          0          1
       194        282          0          1
       195        388          0          1
       196        288          0          1
       197         68          1          1
       198        322          0          1
       199          6          0          1
       200        157          0          1
       201        220          0          1
       202        356          1          1
       203        159          0          1
       204        120          1          1
       205        383          0          1
       206        285          1          1
       207        223          0          1
       208         97          1          1
       209        214          0          1
       210         98          1          1
       211        284          0          1
       212        101          0          1
       213        137          0          1
       214        296          0          1
       215        171          0          1
       216        370          0          1
       217        168          0          1
       218        147          0          1
       219        230          0          1
       220        248          0          1
       221        200          0          1
       222        226          0          1
       223        195          1          1
       224        105          0          1
       225        194          0          1
       226         32          0          1
       227        198          0          1
       228        117          0          1
       229         37          0          1
       230        253          0          1
       231         45          1          1
       232         11          0          1
       233        212          0          1
       234         36          1          1
       235        202          0          1
       236         44          1          1
       237        208          0          1
       238        156          0          1
       239        392          1          1
       240        312          0          1
       241         21          0          1
       242        260          1          1
       243        178          0          1
       244        355          0          1
       245        141          1          1
       246         34          0          1
       247        365          1          1
       248         38          0          1
       249        106          0          1
       250        232          1          1
       251        219          0          1
       252        204          0          1
       253        217          1          1
       254        183          0          1
       255        119          1          1
       256         19          0          1
       257        118          0          1
       258        373          0          1
       259        344          0          1
       260         84          1          1
       261        277          0          1
       262         54          0          1
       263        364          0          1
       264        272          1          1
       265        165          0          1
       266        236          1          1
       267        146          0          1
       268        229          1          1
       269         91          0          1
       270        110          0          1
       271        280          1          1
       272         81          0          1
       273         49          0          1
       274        206          1          1
       275        257          0          1
       276         46          1          1
       277        142          0          1
       278        139          0          1
       279         96          1          1
       280        215          0          1
       281        372          1          1
       282        274          0          1
       283        318          0          1
       284        397          0          1
       285         18          0          1
       286        286          0          1
       287         65          1          1
       288        396          0          1
       289        250          0          1
       290         66          0          1
       291        164          0          1
       292        210          1          1
       293        343          0          1
       294        245          0          1
       295         62          1          1
       296        320          0          1
       297         77          1          1
       298         28          0          1
       299        199          0          1
       300        276          0          1
       301         59          0          1
       302        267          1          1
       303        329          0          1
       304         23          1          1
       305        311          0          1
       306        107          1          1
       307        350          0          1
       308        264          0          1
       309        319          1          1
       310         26          0          1
       311         27          0          1
       312        338          0          1
       313        269          0          1
       314         39          1          1
       315        123          0          1
       316        104          1          1
       317        362          0          1
       318        239          1          1
       319        275          0          1
       320        374          1          1
       321        266          1          1
       322         20          0          1
       323        125          1          1
       324        394          0          1
       325        225          1          1
       326        145          0          1
       327        363          1          1
       328        339          0          1
       329        367          0          1
       330        271          0          1
       331        148          1          1
       332        354          0          1
       333         55          0          1
       334        138          0          1
       335        369          1          1
       336        203          0          1
       337        179          1          1
       338        108          0          1
       339        278          1          1
       340        227          0          1
       341        172          0          1
       342        330          0          1
       343        121          0          1
       344        102          0          1
       345         82          0          1
       346         48          0          1
       347         60          0          1
       348        301          1          1
       349        359          0          1
       350         95          1          1
       351        386          0          1
       352          9          1          1
       353        136          0          1
       354        153          0          1
       355        190          0          1
       356        385          0          1
       357        376          0          1
       358        384          0          1
       359        111          0          1
       360        143          1          1
       361         35          0          1
       362        211          0          1
       363        315          0          1
       364        346          1          1
       365         64          0          1
       366        393          0          1
       367         51          1          1
       368        375          0          1
       369        246          1          1
       370        294          0          1
       371        150          1          1
       372        366          0          1
       373         67          1          1
       374        151          0          1
       375        160          1          1
       376          3          0          1
       377        389          0          1
       378         71          0          1
       379         85          1          1
       380        357          0          1
       381          8          0          1
       382        309          0          1
       383        332          1          1
       384         17          0          1
       385        334          1          1
       386         42          0          1
       387        273          0          1
       388        129          1          1
       389         31          0          1
       390        270          1          1
       391        144          0          1
       392        231          0          1
       393        300          0          1
       394        177          1          1
       395         90          0          1
       396        173          1          1
       397        263          0          1
       398        247          1          1
       399         25          0          1
       400         52          1          1
               10882
configuration                    8                35000         1.2897594393758607E+00         2.9800000000000000E+02         1.3877787807814457E-17
         1         67          0          1
         2        168          1          1
         3         18          0          1
         4        172          0          1
         5        283          1          1
         6        311          0          1
         7        340          1          1
         8        284          0          1
         9         31          0          1
        10         27          0          1
        11        248          1          1
        12        399          0          1
        13         35          1          1
        14        112          0          1
        15         83          0          1
        16         57          1          1
        17        202          0          1
        18        249          0          1
        19         24          0          1
        20        359          1          1
        21          5          0          1
        22        239          0          1
        23        272          1          1
        24        253          0          1
        25         97          0          1
        26         37          0          1
        27        108          0          1
        28        119          0          1
        29        233          0          1
        30        110          1          1
        31        375          0          1
        32        241          1          1
        33        121          0          1
        34        244          0          1
        35        381          1          1
        36          3          0          1
        37        276          0          1
        38         93          1          1
        39         94          0          1
        40        156          0          1
        41        382          0          1
        42        332          0          1
        43         49          0          1
        44        215          0          1
        45        125          1          1
        46        240          0          1
        47        251          0          1
        48         61          1          1
        49          7          0          1
        50         70          0          1
        51         13          0          1
        52        163          0          1
        53         19          1          1
        54         15          0          1
        55        111          0          1
        56        223          0          1
        57        285          1          1
        58        148          0          1
        59        335          0          1
        60        261          0          1
        61        387          0          1
        62         63          0          1
        63        342          1          1
        64        354          0          1
        65        270          0          1
        66        179          0          1
        67         69          1          1
        68        128          0          1
        69        380          0          1
        70        228          0          1
        71        310          0          1
        72        105          1          1
        73        201          0          1
        74         20          0          1
        75        231          1          1
        76        397          0          1
        77        373          0          1
        78          2          0          1
        79        115          0          1
        80        221          1          1
        81        118          0          1
        82        145          0          1
        83        190          0          1
        84        268          0          1
        85        273          0          1
        86         14          0          1
        87        152          0          1
        88         21          0          1
        89        271          0          1
        90          1          0          1
        91        304          1          1
        92        196          0          1
        93        123          1          1
        94        336          0          1
        95        296          0          1
        96        199          1          1
        97        300          0          1
        98        116          1          1
        99        258          0          1
       100        126          0          1
       101        100          0          1
       102         89          1          1
       103        191          0          1
       104          6          0          1
       105         43          0          1
       106         22          1          1
       107         58          0          1
       108        306          1          1
       109        140          0          1
       110        400          0          1
       111        213          0          1
       112         50          1          1
       113          4          0          1
       114        187          0          1
       115        134          1          1
       116        177          0          1
       117        169          1          1
       118        180          0          1
       119        147          0          1
       120         77          1          1
       121        157          1          1
       122         62          0          1
       123        217          0          1
       124        209          0          1
       125         11          0          1
       126        358          0          1
       127        158          1          1
       128        182          0          1
       129        305          0          1
       130        103          0          1
       131        160          1          1
       132        377          0          1
       133        237          0          1
       134        101          1          1
       135        351          0          1
       136         85          1          1
       137        143          0          1
       138        275          0          1
       139        106          1          1
       140        389          0          1
       141        260          0          1
       142        198          1          1
       143        232          0          1
       144        299          1          1
       145         53          0          1
       146        176          0          1
       147        328          0          1
       148        364          0          1
       149        367          1          1
       150        139          0          1
       151         23          0          1
       152        247          0          1
       153        195          1          1
       154        222          0          1
       155        210          1          1
       156        266          0          1
       157        297          0          1
       158        150          1          1
       159        324          0          1
       160        206          0          1
       161         44          1          1
       162        279          0          1
       163         34          0          1
       164         64          0          1
       165        347          0          1
       166        325          0          1
       167        385          0          1
       168        352          1          1
       169        245          0          1
       170        281          1          1
       171        204          0          1
       172         12          1          1
       173        186          0          1
       174        122          0          1
       175        293          0          1
       176        234          0          1
       177        287          1          1
       178         29          0          1
       179        263          1          1
       180         25          0          1
       181        144          0          1
       182        120          0          1
       183        219          0          1
       184        174          0          1
       185        246          0          1
       186        294          0          1
       187        227          0          1
       188        161          0          1
       189         38          1          1
       190        194          0          1
       191        339          0          1
       192        370          0          1
       193        363          0          1
       194        226          1          1
       195        236          0          1
       196        366          1          1
       197         26          0          1
       198        184          1          1
       199        277          0          1
       200         79          0          1
       201        173          1          1
       202        137          0          1
       203        330          1          1
       204        374          0          1
       205        107          0          1
       206        235          1          1
       207        149          0          1
       208        345          1          1
       209        255          0          1
       210         30          0          1
       211        129          1          1
       212        343          0          1
       213        396          0          1
       214        133          0          1
       215        393          0          1
       216        254          0          1
       217        316          1          1
       218        341          0          1
       219         16          1          1
       220        113          0          1
       221        188          0          1
       222        159          1          1
       223        288          0          1
       224        252          0          1
       225         80          1          1
       226        278          0          1
       227        368          1          1
       228        394          0          1
       229        348          0          1
       230        257          1          1
       231        164          0          1
       232        319          1          1
       233        131          0          1
       234        361          1          1
       235        256          0          1
       236        153          0          1
       237        146          0          1
       238        298          1          1
       239        216          0          1
       240        136          1          1
       241        189          1          1
       242        398          0          1
       243        391          1          1
       244         90          0          1
       245        314          0          1
       246        171          0          1
       247        225          0          1
       248         76          0          1
       249        315          0          1
       250        212          0          1
       251        321          1          1
       252         46          0          1
       253         87          0          1
       254        355          0          1
       255        242          0          1
       256         10          1          1
       257        165          0          1
       258        313          0          1
       259        386          0          1
       260        350          0          1
       261        220          0          1
       262         92          0          1
       263        208          0          1
       264        265          0          1
       265         52          0          1
       266         42          1          1
       267         81          0          1
       268         41          0          1
       269        238          1          1
       270        344          0          1
       271        142          0          1
       272        162          0          1
       273         56          1          1
       274        124          0          1
       275        317          1          1
       276        104          0          1
       277        360          1          1
       278         84          0          1
       279        229          1          1
       280        334          0          1
       281        376          0          1
       282        318          1          1
       283        357          0          1
       284        384          1          1
       285        218          0          1
       286         36          0          1
       287          8          0          1
       288         91          0          1
       289        327          0          1
       290         59          1          1
       291        378          0          1
       292        390          1          1
       293        395          0          1
       294         28          1          1
       295        280          0          1
       296         82          1          1
       297        230          0          1
       298        211          0          1
       299         98          0          1
       300         95          1          1
       301        365          1          1
       302          9          0          1
       303        323          0          1
       304        155          0          1
       305        353          0          1
       306        200          0          1
       307         48          1          1
       308        329          0          1
       309        127          1          1
       310        203          0          1
       311        292          1          1
       312        369          0          1
       313        170          0          1
       314         78          0          1
       315        207          0          1
       316        138          0          1
       317        356          0          1
       318        114          0          1
       319        166          1          1
       320         65          0          1
       321        372          0          1
       322        331          0          1
       323         17          0          1
       324        154          1          1
       325        362          0          1
       326        243          1          1
       327        349          0          1
       328        295          0          1
       329        259          0          1
       330        109          0          1
       331        346          0          1
       332        274          1          1
       333        326          0          1
       334        183          0          1
       335         99          0          1
       336        151          0          1
       337         86          1          1
       338         54          0          1
       339        197          0          1
       340        262          1          1
       341        302          0          1
       342        383          0          1
       343        392          1          1
       344        388          0          1
       345        214          1          1
       346        185          0          1
       347         72          1          1
       348        267          0          1
       349        303          1          1
       350        264          0          1
       351        337          0          1
       352        167          0          1
       353        338          0          1
       354        178          0          1
       355        193          0          1
       356         68          1          1
       357        291          0          1
       358        333          0          1
       359        181          1          1
       360         66          0          1
       361        379          0          1
       362         45          0          1
       363        141          0          1
       364         96          1          1
       365        290          0          1
       366        205          0          1
       367        250          0          1
       368         73          0          1
       369         60          0          1
       370        320          0          1
       371         55          1          1
       372        312          0          1
       373        307          1          1
       374        224          0          1
       375        301          0          1
       376         74          0          1
       377        269          0          1
       378        117          0          1
       379        308          0          1
       380        192          1          1
       381        322          1          1
       382        132          0          1
       383         33          0          1
       384        130          0          1
       385        282          0          1
       386        135          0          1
       387         88          0          1
       388         71          0          1
       389        286          1          1
       390         75          0          1
       391         32          0          1
       392         51          0          1
       393        371          0          1
       394         47          0          1
       395        309          1          1
       396        102          0          1
       397         39          0          1
       398        289          1          1
       399        175          0          1
       400         40          0          1
               12722
configuration                    9                40000         1.4792122990755896E+00         2.9800000000000000E+02         1.3877787807814457E-17
         1         54          0          1
         2        316          1          1
         3         69          0          1
         4        138          1          1
         5        396          0          1
         6        255          1          1
         7        356          0          1
         8        242          0          1
         9        348          0          1
        10        340          1          1
        11         49          0          1
        12         92          0          1
        13        272          1          1
        14        112          0          1
        15        274          1          1
        16        118          0          1
        17         57          1          1
        18        284          0          1
        19        287          0          1
        20        117          1          1
        21         34          0          1
        22        355          0          1
        23        256          1          1
        24        104          0          1
        25        101          0          1
        26        235          0          1
        27        307          1          1
        28        155          0          1
        29        150          0          1
        30        151          0          1
        31        304          0          1
        32         58          1          1
        33        261          0          1
        34        341          1          1
        35          2          0          1
        36        127          1          1
        37        276          0          1
        38         32          0          1
        39        207          1          1
        40         75          0          1
        41          4          0          1
        42        219          1          1
        43        160          0          1
        44          7          1          1
        45        263          0          1
        46        116          0          1
        47         61          0          1
        48        205          1          1
        49         55          0          1
        50        325          0          1
        51         17          1          1
        52        289          0          1
        53        209          0          1
        54         96          0          1
        55        230          1          1
        56         88          0          1
        57        129          0          1
        58        392          0          1
        59        136          0          1
        60        183          1          1
        61         74          1          1
        62        131          0          1
        63        212          1          1
        64        354          0          1
        65        197          0          1
        66        179          0          1
        67        190          0          1
        68        342          0          1
        69        389          0          1
        70        110          0          1
        71        185          0          1
        72         99          1          1
        73        353          0          1
        74          3          1          1
        75        143          0          1
        76        379          0          1
        77        226          1          1
        78        234          0          1
        79        387          0          1
        80        215          0          1
        81         79          0          1
        82        400          0          1
        83        322          0          1
        84         37          1          1
        85        270          0          1
        86        296          0          1
        87        375          1          1
        88        317          0          1
        89        161          1          1
        90        315          0          1
        91        132          0          1
        92        350          0          1
        93        257          1          1
        94        281          0          1
        95        199          1          1
        96         63          0          1
        97        153          0          1
        98        121          0          1
        99        318          0          1
       100        346          1          1
       101         89          1          1
       102        114          0          1
       103         80          0          1
       104        170          0          1
       105        390          1          1
       106        106          0          1
       107         50          0          1
       108        239          0          1
       109        338          0          1
       110        186          0          1
       111        343          1          1
       112         91          0          1
       113         53          0          1
       114        306          0          1
       115         12          0          1
       116        248          0          1
       117        283          1          1
       118        236          0          1
       119        211          0          1
       120        165          0          1
       121        312          0          1
       122        213          1          1
       123         38          0          1
       124        302          0          1
       125        147          0          1
       126        250          1          1
       127         83          0          1
       128        102          1          1
       129        173          0          1
       130         39          1          1
       131        221          0          1
       132        193          0          1
       133        201          0          1
       134        181          0          1
       135        313          0          1
       136        249          1          1
       137        225          0          1
       138         28          1          1
       139        291          0          1
       140        126          0          1
       141        222          0          1
       142        128          0          1
       143        330          0          1
       144        217          0          1
       145          1          0          1
       146        323          0          1
       147        100          1          1
       148        368          0          1
       149        271          1          1
       150        115          0          1
       151         48          0          1
       152        103          0          1
       153         76          1          1
       154        107          0          1
       155        324          1          1
       156         67          0          1
       157         22          1          1
       158        334          0          1
       159        168          0          1
       160        177          1          1
       161        373          1          1
       162         15          0          1
       163        335          0          1
       164        365          1          1
       165        227          0          1
       166        229          1          1
       167        224          0          1
       168        282          1          1
       169        245          0          1
       170        363          1          1
       171        301          0          1
       172        275          1          1
       173         66          0          1
       174        169          0          1
       175         42          0          1
       176        123          1          1
       177        273          0          1
       178        111          0          1
       179        125          0          1
       180        399          0          1
       181         59          0          1
       182         20          0          1
       183        231          0          1
       184         14          0          1
       185        288          0          1
       186         45          0          1
       187        259          1          1
       188        214          0          1
       189        157          0          1
       190        336          0          1
       191        208          1          1
       192        196          0          1
       193        146          1          1
       194        134          0          1
       195         81          0          1
       196        133          0          1
       197         36          0          1
       198        398          0          1
       199        108          0          1
       200         51          1          1
       201        377          0          1
       202          6          0          1
       203        163          0          1
       204        216          1          1
       205         13          0          1
       206        285          1          1
       207        149          0          1
       208        139          0          1
       209        388          1          1
       210        286          0          1
       211        309          0          1
       212         11          1          1
       213        278          0          1
       214        345          1          1
       215        351          0          1
       216        367          1          1
       217        176          0          1
       218        254          1          1
       219        266          0          1
       220        369          0          1
       221         90          0          1
       222         56          1          1
       223        203          0          1
       224         40          0          1
       225        122          1          1
       226         93          0          1
       227        372          0          1
       228        175          0          1
       229         94          0          1
       230        380          0          1
       231        347          1          1
       232        292          0          1
       233        277          0          1
       234         70          0          1
       235        194          0          1
       236        352          0          1
       237         84          0          1
       238        308          0          1
       239        202          0          1
       240        156          1          1
       241         16          1          1
       242        198          0          1
       243        188          0          1
       244        180          1          1
       245        162          0          1
       246        184          1          1
       247        244          0          1
       248        360          0          1
       249        319          0          1
       250        260          1          1
       251         30          0          1
       252         97          0          1
       253        247          0          1
       254        267          0          1
       255        279          1          1
       256        240          0          1
       257         52          0          1
       258        381          1          1
       259        171          0          1
       260         95          0          1
       261        333          0          1
       262        192          1          1
       263        228          0          1
       264        265          0          1
       265         43          1          1
       266         24          0          1
       267        251          1          1
       268         21          0          1
       269         60          1          1
       270        303          0          1
       271          5          1          1
       272        137          0          1
       273        191          1          1
       274        124          0          1
       275         72          0          1
       276         27          1          1
       277         64          0          1
       278        339          0          1
       279        378          1          1
       280        243          0          1
       281        327          1          1
       282        148          0          1
       283        357          0          1
       284         62          1          1
       285        218          0          1
       286        252          0          1
       287          8          0          1
       288        298          0          1
       289        295          0          1
       290        145          1          1
       291         19          0          1
       292        241          1          1
       293        395          0          1
       294        299          0          1
       295        142          0          1
       296        189          0          1
       297         78          1          1
       298         25          0          1
       299         26          0          1
       300        182          0          1
       301        382          0          1
       302        384          0          1
       303         23          1          1
       304        210          0          1
       305        394          1          1
       306        200          0          1
       307        174          1          1
       308        237          0          1
       309         41          1          1
       310        159          0          1
       311        140          1          1
       312         18          0          1
       313        300          1          1
       314        105          0          1
       315         98          0          1
       316        397          0          1
       317        370          0          1
       318        328          1          1
       319        130          0          1
       320        232          0          1
       321         85          1          1
       322        206          0          1
       323        311          0          1
       324        386          0          1
       325        362          0          1
       326        374          1          1
       327        349          0          1
       328        246          0          1
       329        262          0          1
       330        359          1          1
       331         87          0          1
       332         29          1          1
       333        135          0          1
       334         82          0          1
       335         44          1          1
       336        331          0          1
       337        195          0          1
       338         10          0          1
       339        220          1          1
       340         86          0          1
       341        120          0          1
       342        385          0          1
       343        297          0          1
       344         71          1          1
       345         33          0          1
       346        280          0          1
       347        358          1          1
       348        187          0          1
       349        344          1          1
       350        294          0          1
       351        141          0          1
       352        326          0          1
       353        290          0          1
       354         73          1          1
       355        119          0          1
       356        321          1          1
       357        337          0          1
       358        109          0          1
       359        233          0          1
       360        268          0          1
       361        310          0          1
       362        393          1          1
       363        258          0          1
       364        166          0          1
       365        269          0          1
       366          9          1          1
       367         31          0          1
       368        158          1          1
       369        371          0          1
       370        314          0          1
       371        167          1          1
       372        366          0          1
       373        376          1          1
       374         77          0          1
       375         46          1          1
       376         35          0          1
       377        113          1          1
       378         65          0          1
       379        204          1          1
       380        264          0          1
       381         47          1          1
       382        154          0          1
       383        305          1          1
       384        391          0          1
       385        172          0          1
       386        223          0          1
       387         68          1          1
       388        329          0          1
       389        320          1          1
       390        164          0          1
       391        238          0          1
       392        332          0          1
       393        293          0          1
       394        178          1          1
       395        383          0          1
       396        361          0          1
       397        144          0          1
       398        364          1          1
       399        253          0          1
       400        152          0          1
               14523
configuration                   10                45000         1.6641544028222870E+00         2.9800000000000000E+02         1.0000000000000002E-01
         1        247          0          1
         2        391          0          1
         3        332          1          1
         4         94          0          1
         5        249          0          1
         6        339          0          1
         7        162          1          1
         8         92          0          1
         9        304          0          1
        10        152          0          1
        11         56          0          1
        12          9          1          1
        13         88          0          1
        14        108          0          1
        15        156          0          1
        16        388          0          1
        17         83          1          1
        18         91          0          1
        19         39          1          1
        20        140          0          1
        21        350          0          1
        22         71          0          1
        23        229          0          1
        24         99          1          1
        25        340          0          1
        26         65          0          1
        27        378          0          1
        28        192          1          1
        29        133          0          1
        30        113          0          1
        31        197          0          1
        32        269          0          1
        33         36          1          1
        34        201          0          1
        35        106          0          1
        36        284          1          1
        37        204          0          1
        38        139          1          1
        39        345          0          1
        40        200          0          1
        41        116          0          1
        42        206          0          1
        43         18          0          1
        44        334          0          1
        45        207          1          1
        46        323          0          1
        47        387          0          1
        48        157          0          1
        49        219          0          1
        50         35          1          1
        51        258          0          1
        52         49          1          1
        53         77          0          1
        54        261          0          1
        55        128          1          1
        56        114          0          1
        57        256          0          1
        58        393          0          1
        59        263          1          1
        60         24          0          1
        61        257          0          1
        62        253          0          1
        63         32          0          1
        64        265          1          1
        65        282          0          1
        66        296          1          1
        67        182          0          1
        68         93          0          1
        69          7          0          1
        70        232          0          1
        71         44          1          1
        72         78          0          1
        73        251          0          1
        74        198          1          1
        75        159          0          1
        76        372          0          1
        77        371          0          1
        78        103          0          1
        79         73          0          1
        80        124          0          1
        81        101          0          1
        82        163          0          1
        83        267          1          1
        84         95          0          1
        85        273          0          1
        86        115          0          1
        87         40          1          1
        88        195          0          1
        89         42          0          1
        90        315          0          1
        91        125          0          1
        92        185          0          1
        93        149          1          1
        94        357          0          1
        95        384          1          1
        96        183          0          1
        97        287          1          1
        98        392          0          1
        99        298          1          1
       100         51          0          1
       101         13          1          1
       102        361          0          1
       103        373          0          1
       104        394          0          1
       105         12          0          1
       106        227          0          1
       107        274          0          1
       108        255          1          1
       109        338          0          1
       110        395          1          1
       111        366          0          1
       112        333          0          1
       113        107          0          1
       114        100          1          1
       115        190          0          1
       116        278          0          1
       117         59          0          1
       118         52          1          1
       119        150          0          1
       120        307          0          1
       121         41          0          1
       122        230          1          1
       123         10          0          1
       124        105          1          1
       125         17          0          1
       126         28          0          1
       127        213          1          1
       128        141          0          1
       129        224          1          1
       130        276          0          1
       131         43          0          1
       132         27          0          1
       133        167          1          1
       134        138          0          1
       135        293          1          1
       136        216          0          1
       137        335          0          1
       138        382          0          1
       139         11          0          1
       140         62          1          1
       141        142          0          1
       142        111          0          1
       143        285          1          1
       144        202          0          1
       145        122          1          1
       146        166          0          1
       147         57          0          1
       148         68          0          1
       149        110          0          1
       150         76          1          1
       151         31          0          1
       152          6          1          1
       153        320          0          1
       154        374          0          1
       155        228          0          1
       156        377          0          1
       157        134          0          1
       158        347          0          1
       159        236          0          1
       160        199          0          1
       161        376          0          1
       162        222          0          1
       163        231          0          1
       164         23          1          1
       165        337          0          1
       166        300          0          1
       167        214          1          1
       168        173          0          1
       169        381          1          1
       170         90          0          1
       171        279          1          1
       172          4          0          1
       173        158          1          1
       174        312          0          1
       175        351          0          1
       176         84          0          1
       177        209          0          1
       178         48          1          1
       179         50          0          1
       180        172          1          1
       181        244          1          1
       182        311          0          1
       183        145          0          1
       184        170          0          1
       185         89          1          1
       186        174          0          1
       187        367          0          1
       188        155          1          1
       189        341          0          1
       190        305          0          1
       191         86          0          1
       192        390          1          1
       193        233          0          1
       194        165          1          1
       195        292          0          1
       196         74          0          1
       197        319          1          1
       198        316          0          1
       199        191          1          1
       200        223          0          1
       201        364          0          1
       202        123          1          1
       203         15          0          1
       204        302          1          1
       205         33          0          1
       206        289          0          1
       207        144          1          1
       208        385          0          1
       209        317          1          1
       210        237          0          1
       211         98          0          1
       212         58          0          1
       213        184          0          1
       214        193          0          1
       215        225          1          1
       216        368          0          1
       217        277          0          1
       218        234          0          1
       219        175          0          1
       220         63          0          1
       221        355          0          1
       222        129          0          1
       223        120          1          1
       224        288          0          1
       225         61          0          1
       226          5          1          1
       227        399          0          1
       228         69          0          1
       229        375          0          1
       230        171          0          1
       231        306          1          1
       232        314          0          1
       233        303          1          1
       234         46          0          1
       235        154          0          1
       236         87          1          1
       237        254          0          1
       238        268          0          1
       239        291          0          1
       240        102          1          1
       241        186          0          1
       242        260          0          1
       243        342          0          1
       244        264          1          1
       245        322          0          1
       246        331          0          1
       247        180          1          1
       248        301          0          1
       249        126          0          1
       250        132          1          1
       251        327          0          1
       252         34          1          1
       253        151          0          1
       254        240          0          1
       255        169          1          1
       256        329          0          1
       257         85          1          1
       258         82          0          1
       259        245          1          1
       260        160          0          1
       261        212          0          1
       262        241          0          1
       263        360          1          1
       264        286          0          1
       265        380          1          1
       266         81          0          1
       267        117          0          1
       268         21          0          1
       269        220          0          1
       270        328          0          1
       271        210          0          1
       272        346          0          1
       273        248          1          1
       274        179          0          1
       275        135          0          1
       276        324          1          1
       277         64          0          1
       278        352          1          1
       279        321          0          1
       280        177          1          1
       281        348          0          1
       282        136          1          1
       283         54          0          1
       284        137          1          1
       285          8          0          1
       286        281          0          1
       287        318          0          1
       288         26          1          1
       289        295          0          1
       290         20          0          1
       291        283          0          1
       292        359          0          1
       293        275          0          1
       294        325          0          1
       295        336          1          1
       296         79          0          1
       297          3          0          1
       298        112          0          1
       299         70          0          1
       300        272          0          1
       301        259          1          1
       302        217          0          1
       303        127          0          1
       304         38          0          1
       305         22          0          1
       306        178          1          1
       307        168          0          1
       308        194          1          1
       309        354          0          1
       310        235          1          1
       311         67          0          1
       312        356          0          1
       313        313          1          1
       314        271          0          1
       315        358          0          1
       316        309          0          1
       317        130          1          1
       318        119          0          1
       319        299          1          1
       320        262          0          1
       321         47          0          1
       322        362          0          1
       323        188          1          1
       324         66          0          1
       325        383          0          1
       326        164          0          1
       327        370          0          1
       328         16          0          1
       329         14          1          1
       330        143          0          1
       331        146          1          1
       332        396          0          1
       333        330          0          1
       334        176          0          1
       335        400          0          1
       336         96          0          1
       337        397          0          1
       338        205          0          1
       339         80          0          1
       340         25          0          1
       341        131          0          1
       342        294          1          1
       343        344          0          1
       344        398          0          1
       345        250          0          1
       346         97          0          1
       347         19          1          1
       348        187          0          1
       349        215          0          1
       350        343          1          1
       351        266          0          1
       352        226          0          1
       353          2          1          1
       354        104          0          1
       355        189          0          1
       356         75          0          1
       357        369          1          1
       358        118          0          1
       359        280          0          1
       360        297          1          1
       361        246          1          1
       362        308          0          1
       363        208          0          1
       364        218          1          1
       365          1          0          1
       366         60          1          1
       367        109          0          1
       368        238          1          1
       369        196          0          1
       370        221          0          1
       371        181          0          1
       372        290          1          1
       373         53          0          1
       374        389          1          1
       375         29          0          1
       376        211          1          1
       377        310          0          1
       378        121          0          1
       379        243          0          1
       380        326          0          1
       381         72          0          1
       382        153          1          1
       383        365          0          1
       384         45          0          1
       385        353          1          1
       386        161          0          1
       387        349          0          1
       388        148          0          1
       389        239          1          1
       390        363          0          1
       391         55          1          1
       392        252          0          1
       393        270          0          1
       394        386          0          1
       395        242          0          1
       396        203          0          1
       397        147          0          1
       398        379          1          1
       399         37          0          1
       400         30          1          1
               16341
configuration                   11                50000         1.8504254923263719E+00         2.9800000000000000E+02         1.3877787807814457E-17
         1        118          0          1
         2         43          1          1
         3        236          0          1
         4        147          1          1
         5        266          0          1
         6        269          1          1
         7         75          0          1
         8         84          0          1
         9        114          1          1
        10         57          0          1
        11        153          1          1
        12        335          0          1
        13        363          0          1
        14        238          0          1
        15        251          1          1
        16        102          0          1
        17         58          1          1
        18        323          0          1
        19         86          1          1
        20         46          0          1
        21         69          0          1
        22        369          0          1
        23         95          0          1
        24        176          0          1
        25        349          1          1
        26         18          0          1
        27         24          1          1
        28        187          0          1
        29        103          0          1
        30        318          0          1
        31        181          0          1
        32        199          1          1
        33        360          0          1
        34        312          1          1
        35        332          0          1
        36        346          1          1
        37         15          0          1
        38         38          1          1
        39         48          0          1
        40         16          1          1
        41        146          0          1
        42         29          1          1
        43        183          0          1
        44        262          1          1
        45        197          0          1
        46         47          1          1
        47        246          0          1
        48         98          1          1
        49        398          0          1
        50        351          0          1
        51         22          1          1
        52        389          0          1
        53         20          1          1
        54        224          0          1
        55        289          1          1
        56         56          0          1
        57        382          0          1
        58        263          0          1
        59        107          1          1
        60        204          0          1
        61         52          1          1
        62         94          0          1
        63         32          0          1
        64        104          0          1
        65        148          1          1
        66        388          0          1
        67        384          0          1
        68        365          0          1
        69        130          0          1
        70        201          1          1
        71        175          0          1
        72        357          0          1
        73        158          0          1
        74        339          1          1
        75        159          0          1
        76        282          1          1
        77        371          0          1
        78         65          1          1
        79        292          0          1
        80        131          0          1
        81         89          0          1
        82        185          1          1
        83        265          0          1
        84        345          0          1
        85        194          0          1
        86        115          0          1
        87        279          1          1
        88        195          0          1
        89        154          1          1
        90        157          0          1
        91        364          1          1
        92        189          0          1
        93        268          1          1
        94        220          0          1
        95        188          1          1
        96        306          0          1
        97         35          1          1
        98        211          0          1
        99        338          0          1
       100        125          1          1
       101        267          0          1
       102        330          0          1
       103         78          0          1
       104        173          0          1
       105        395          0          1
       106        219          0          1
       107        274          0          1
       108         92          1          1
       109        111          0          1
       110        129          1          1
       111         67          0          1
       112        316          0          1
       113         61          0          1
       114        270          0          1
       115        190          0          1
       116        160          1          1
       117        170          0          1
       118        227          0          1
       119        271          0          1
       120        198          0          1
       121        298          1          1
       122        291          0          1
       123         82          1          1
       124         28          0          1
       125         96          1          1
       126         34          0          1
       127        253          1          1
       128        141          0          1
       129          5          0          1
       130        276          0          1
       131        164          0          1
       132        123          1          1
       133         93          0          1
       134         17          1          1
       135        182          0          1
       136        285          0          1
       137        385          0          1
       138         62          0          1
       139        340          0          1
       140         71          0          1
       141        100          0          1
       142        366          1          1
       143        247          0          1
       144         19          1          1
       145        343          0          1
       146        150          0          1
       147        273          0          1
       148        277          1          1
       149        110          0          1
       150         51          1          1
       151         31          0          1
       152        376          0          1
       153        117          1          1
       154        191          0          1
       155        297          1          1
       156        275          0          1
       157        264          1          1
       158        347          0          1
       159        296          0          1
       160        336          1          1
       161        250          0          1
       162        356          0          1
       163        386          0          1
       164        143          0          1
       165          1          1          1
       166         44          0          1
       167        342          0          1
       168        320          0          1
       169        140          0          1
       170         21          0          1
       171        326          1          1
       172        166          0          1
       173        209          0          1
       174        217          1          1
       175        280          0          1
       176        116          1          1
       177        352          0          1
       178        232          1          1
       179         50          0          1
       180        245          0          1
       181        329          0          1
       182        367          1          1
       183        165          0          1
       184        214          0          1
       185        218          0          1
       186        319          1          1
       187        179          0          1
       188        341          0          1
       189         59          1          1
       190         14          0          1
       191        134          0          1
       192        381          1          1
       193         42          0          1
       194        216          0          1
       195        392          0          1
       196         79          0          1
       197        144          1          1
       198        169          0          1
       199        290          1          1
       200        226          0          1
       201        373          0          1
       202        174          0          1
       203        223          0          1
       204        206          0          1
       205        243          0          1
       206        361          0          1
       207        391          0          1
       208        162          1          1
       209        305          0          1
       210        348          1          1
       211        375          0          1
       212          7          0          1
       213         81          0          1
       214        281          0          1
       215         83          1          1
       216         41          0          1
       217        234          0          1
       218         68          0          1
       219        286          0          1
       220        380          1          1
       221        257          0          1
       222        355          0          1
       223         33          0          1
       224        383          0          1
       225          2          0          1
       226        151          0          1
       227         63          1          1
       228        136          0          1
       229        311          0          1
       230        244          0          1
       231        196          0          1
       232         23          0          1
       233         27          1          1
       234        237          0          1
       235        300          0          1
       236         26          0          1
       237        231          1          1
       238        120          0          1
       239        230          0          1
       240         76          0          1
       241         87          1          1
       242         73          0          1
       243        138          1          1
       244        137          0          1
       245        221          1          1
       246         25          0          1
       247        233          0          1
       248        301          0          1
       249        142          1          1
       250        240          0          1
       251         10          0          1
       252        106          0          1
       253        112          0          1
       254        178          0          1
       255         85          1          1
       256        314          0          1
       257        156          0          1
       258        128          0          1
       259        210          0          1
       260        149          0          1
       261         45          0          1
       262        167          0          1
       263        105          0          1
       264         40          1          1
       265        304          0          1
       266        155          0          1
       267        374          0          1
       268          9          0          1
       269        113          0          1
       270         64          0          1
       271         49          0          1
       272        213          1          1
       273          4          0          1
       274         72          1          1
       275        303          0          1
       276         36          1          1
       277        135          0          1
       278         13          1          1
       279        109          0          1
       280        378          0          1
       281        261          1          1
       282         55          0          1
       283        387          1          1
       284        331          0          1
       285        225          1          1
       286        184          0          1
       287        328          1          1
       288        132          0          1
       289        379          1          1
       290        302          0          1
       291         80          1          1
       292         39          0          1
       293        310          1          1
       294        259          0          1
       295         91          1          1
       296         37          0          1
       297        399          1          1
       298        193          0          1
       299        324          0          1
       300        278          0          1
       301        350          0          1
       302        307          0          1
       303        390          0          1
       304        168          1          1
       305        327          0          1
       306        235          1          1
       307         66          0          1
       308        394          1          1
       309        101          0          1
       310        207          1          1
       311        145          0          1
       312         30          0          1
       313        152          0          1
       314        362          1          1
       315        294          0          1
       316        321          0          1
       317        222          0          1
       318        239          0          1
       319        334          1          1
       320        241          0          1
       321        315          0          1
       322        293          0          1
       323        308          0          1
       324        354          0          1
       325        177          0          1
       326        370          0          1
       327        192          1          1
       328          3          0          1
       329         77          1          1
       330        309          0          1
       331        229          1          1
       332        172          0          1
       333        313          0          1
       334        228          0          1
       335         99          1          1
       336        186          0          1
       337        317          1          1
       338        249          0          1
       339        202          0          1
       340        325          1          1
       341         90          1          1
       342        295          0          1
       343        121          0          1
       344        254          0          1
       345        299          0          1
       346          6          1          1
       347         70          0          1
       348        400          0          1
       349        215          0          1
       350        127          1          1
       351        287          0          1
       352        393          1          1
       353         60          0          1
       354        208          0          1
       355        122          0          1
       356        180          1          1
       357        133          0          1
       358        119          1          1
       359        205          0          1
       360        372          0          1
       361        255          0          1
       362         74          0          1
       363         54          0          1
       364        203          0          1
       365        359          0          1
       366        353          0          1
       367         11          0          1
       368        322          0          1
       369        212          0          1
       370        284          0          1
       371        358          1          1
       372        337          0          1
       373        171          0          1
       374        256          0          1
       375        258          1          1
       376        260          0          1
       377        139          1          1
       378         88          0          1
       379         97          0          1
       380        161          1          1
       381        126          1          1
       382        283          0          1
       383          8          0          1
       384        368          0          1
       385        200          1          1
       386        124          0          1
       387         53          1          1
       388        252          0          1
       389        108          0          1
       390        396          0          1
       391        288          0          1
       392        272          1          1
       393         12          0          1
       394        377          0          1
       395        242          0          1
       396        333          0          1
       397        344          0          1
       398        397          1          1
       399        248          0          1
       400        163          0          1
               18213
configuration                   12                55000         2.0283469061100563E+00         2.9800000000000000E+02         1.3877787807814457E-17
         1        194          1          1
         2         60          0          1
         3        159          0          1
         4        388          1          1
         5        221          0          1
         6         49          0          1
         7        298          1          1
         8         84          0          1
         9        236          1          1
        10        318          0          1
        11        229          1          1
        12        335          0          1
        13         23          1          1
        14         34          0          1
        15        340          1          1
        16        102          0          1
        17        342          1          1
        18        399          0          1
        19        231          0          1
        20        397          0          1
        21        389          0          1
        22        144          0          1
        23        116          1          1
        24         58          0          1
        25        373          1          1
        26        375          0          1
        27        124          0          1
        28         73          1          1
        29        103          0          1
        30        212          1          1
        31        279          0          1
        32        179          1          1
        33        360          0          1
        34        168          1          1
        35        176          0          1
        36        218          1          1
        37        174          0          1
        38        391          0          1
        39        273          1          1
        40         75          0          1
        41        173          0          1
        42         14          0          1
        43         52          0          1
        44        217          1          1
        45        353          0          1
        46         11          1          1
        47        118          0          1
        48        125          0          1
        49         85          1          1
        50         93          0          1
        51        246          1          1
        52         71          0          1
        53          2          1          1
        54        356          0          1
        55        358          0          1
        56        333          0          1
        57        328          0          1
        58         13          0          1
        59         77          0          1
        60        354          0          1
        61          7          0          1
        62        199          0          1
        63          5          1          1
        64        224          0          1
        65        235          1          1
        66         36          0          1
        67        384          0          1
        68         32          1          1
        69         64          0          1
        70        222          0          1
        71        339          0          1
        72        120          1          1
        73        130          0          1
        74        155          0          1
        75        257          1          1
        76        367          0          1
        77        323          1          1
        78        361          0          1
        79         50          1          1
        80        363          0          1
        81        307          0          1
        82         10          1          1
        83        394          0          1
        84        290          1          1
        85         24          0          1
        86        115          0          1
        87        390          1          1
        88        234          0          1
        89         53          1          1
        90        240          0          1
        91         17          0          1
        92        320          0          1
        93        197          1          1
        94        262          0          1
        95        245          0          1
        96        330          1          1
        97        160          0          1
        98         31          0          1
        99         76          0          1
       100        189          1          1
       101        294          0          1
       102        196          0          1
       103        156          1          1
       104        205          0          1
       105        134          0          1
       106        206          1          1
       107        292          0          1
       108        362          1          1
       109         57          0          1
       110        114          0          1
       111        268          0          1
       112         55          1          1
       113         47          0          1
       114         38          0          1
       115         44          0          1
       116        107          0          1
       117        286          0          1
       118        139          0          1
       119        203          0          1
       120         89          0          1
       121          1          1          1
       122         86          0          1
       123        172          0          1
       124         46          0          1
       125        167          1          1
       126         87          0          1
       127         74          1          1
       128        398          0          1
       129        149          1          1
       130        276          0          1
       131        190          1          1
       132         72          0          1
       133        345          1          1
       134        177          0          1
       135         78          1          1
       136        247          0          1
       137         33          1          1
       138         19          0          1
       139        151          1          1
       140          6          0          1
       141        350          0          1
       142         48          0          1
       143        379          0          1
       144        382          1          1
       145        343          0          1
       146        226          0          1
       147         67          0          1
       148         92          1          1
       149        371          0          1
       150        349          1          1
       151        180          0          1
       152        306          0          1
       153        147          0          1
       154        127          0          1
       155        143          0          1
       156         81          0          1
       157        201          0          1
       158         82          0          1
       159        313          0          1
       160        381          0          1
       161        154          0          1
       162        163          0          1
       163        376          1          1
       164        334          0          1
       165        243          1          1
       166         26          0          1
       167        214          1          1
       168         69          0          1
       169        123          0          1
       170        210          0          1
       171         59          0          1
       172        136          1          1
       173        260          0          1
       174        365          1          1
       175        162          0          1
       176        387          0          1
       177        277          1          1
       178        112          0          1
       179        117          1          1
       180        265          0          1
       181        275          1          1
       182        263          0          1
       183        121          0          1
       184          9          1          1
       185        301          0          1
       186         20          0          1
       187        250          0          1
       188        282          1          1
       189        305          0          1
       190        296          1          1
       191          4          0          1
       192        166          0          1
       193        209          0          1
       194        220          0          1
       195         63          0          1
       196        185          1          1
       197        138          0          1
       198        211          0          1
       199        195          0          1
       200        129          0          1
       201         80          0          1
       202        395          1          1
       203        377          0          1
       204         40          0          1
       205        126          1          1
       206        100          0          1
       207        150          1          1
       208        380          0          1
       209        170          1          1
       210        148          0          1
       211        316          0          1
       212        256          1          1
       213         30          0          1
       214        281          0          1
       215         54          0          1
       216         27          0          1
       217        184          1          1
       218        312          0          1
       219        188          1          1
       220        308          0          1
       221         68          0          1
       222        272          0          1
       223        319          0          1
       224         56          1          1
       225        304          0          1
       226        344          1          1
       227        187          0          1
       228         97          1          1
       229        352          0          1
       230        258          1          1
       231        311          0          1
       232        109          0          1
       233         22          0          1
       234        253          1          1
       235        300          0          1
       236        321          0          1
       237        207          0          1
       238         37          1          1
       239        157          0          1
       240        385          0          1
       241        237          0          1
       242        208          0          1
       243        255          0          1
       244        337          0          1
       245        128          1          1
       246         25          0          1
       247         61          1          1
       248        193          0          1
       249        270          0          1
       250        336          0          1
       251        303          0          1
       252        314          0          1
       253        233          1          1
       254        178          0          1
       255         83          0          1
       256        241          0          1
       257        119          0          1
       258        183          0          1
       259        366          0          1
       260        223          1          1
       261        359          0          1
       262        326          0          1
       263        325          1          1
       264        299          0          1
       265        297          0          1
       266        133          1          1
       267        374          0          1
       268         43          1          1
       269        113          0          1
       270        347          0          1
       271         29          1          1
       272        355          0          1
       273         94          0          1
       274        106          1          1
       275         91          0          1
       276        364          1          1
       277        135          0          1
       278        140          0          1
       279        392          1          1
       280        369          0          1
       281        324          0          1
       282        278          1          1
       283         12          0          1
       284        331          0          1
       285        213          0          1
       286         98          0          1
       287         28          0          1
       288        132          0          1
       289        267          1          1
       290         95          0          1
       291        383          0          1
       292         39          0          1
       293        161          1          1
       294        259          0          1
       295        351          0          1
       296        198          0          1
       297        122          1          1
       298         90          0          1
       299         88          0          1
       300        225          1          1
       301        329          1          1
       302        393          0          1
       303        142          0          1
       304        396          0          1
       305        332          1          1
       306        327          0          1
       307         66          0          1
       308        131          1          1
       309         96          0          1
       310        291          1          1
       311        145          0          1
       312        141          1          1
       313        152          0          1
       314        378          1          1
       315        252          0          1
       316        146          0          1
       317         41          0          1
       318        175          1          1
       319        216          0          1
       320        251          0          1
       321        317          0          1
       322        357          1          1
       323         42          0          1
       324        341          0          1
       325        264          0          1
       326        244          0          1
       327         45          1          1
       328          3          0          1
       329        254          0          1
       330        309          0          1
       331         18          0          1
       332         51          0          1
       333        338          1          1
       334        228          0          1
       335         15          0          1
       336         21          0          1
       337        386          0          1
       338        249          0          1
       339        400          0          1
       340        230          0          1
       341        271          0          1
       342        182          0          1
       343        310          1          1
       344        192          0          1
       345        186          0          1
       346        171          1          1
       347         70          0          1
       348        101          1          1
       349        215          0          1
       350        269          1          1
       351        287          0          1
       352        227          1          1
       353        110          0          1
       354        261          1          1
       355         35          0          1
       356        266          1          1
       357        137          0          1
       358        232          1          1
       359        204          0          1
       360        219          1          1
       361        169          1          1
       362        274          0          1
       363          8          0          1
       364        158          0          1
       365        105          0          1
       366        164          0          1
       367         16          0          1
       368        322          0          1
       369        372          0          1
       370        293          0          1
       371        370          1          1
       372        165          0          1
       373        242          1          1
       374        346          0          1
       375        280          1          1
       376        285          0          1
       377        104          1          1
       378        239          0          1
       379        315          0          1
       380        181          0          1
       381        111          0          1
       382         62          0          1
       383        295          0          1
       384        191          0          1
       385        289          0          1
       386        348          1          1
       387         65          0          1
       388        284          1          1
       389        108          0          1
       390        153          1          1
       391        288          0          1
       392        302          1          1
       393        238          0          1
       394        200          1          1
       395         99          0          1
       396        283          1          1
       397         79          0          1
       398        202          1          1
       399        248          0          1
       400        368          1          1
               20015
configuration                   13                60000         2.2151333943198561E+00         2.9800000000000000E+02         1.0000000000000002E-01
         1        238          0          1
         2        389          0          1
         3        133          0          1
         4        356          1          1
         5        378          0          1
         6         25          0          1
         7        273          0          1
         8        100          1          1
         9        230          0          1
        10        284          0          1
        11         31          1          1
        12        298          0          1
        13        110          1          1
        14        366          0          1
        15         27          1          1
        16        397          0          1
        17        122          1          1
        18         42          0          1
        19        285          1          1
        20         41          0          1
        21         26          0          1
        22         76          1          1
        23        114          0          1
        24        193          0          1
        25        158          1          1
        26         56          0          1
        27        334          1          1
        28         69          0          1
        29        199          0          1
        30        141          0          1
        31        279          0          1
        32        269          0          1
        33        223          0          1
        34        236          1          1
        35        104          0          1
        36          9          1          1
        37        246          0          1
        38        308          1          1
        39        138          0          1
        40        106          0          1
        41        245          0          1
        42        335          0          1
        43         59          0          1
        44        234          1          1
        45        194          0          1
        46        160          1          1
        47        332          0          1
        48         60          0          1
        49         18          1          1
        50        117          0          1
        51         79          0          1
        52        280          0          1
        53         62          1          1
        54         81          0          1
        55        336          1          1
        56         93          0          1
        57        320          0          1
        58        121          0          1
        59         51          1          1
        60        152          0          1
        61         32          0          1
        62        377          0          1
        63        384          1          1
        64        213          0          1
        65        111          1          1
        66         35          0          1
        67        396          0          1
        68        119          1          1
        69         96          0          1
        70         49          0          1
        71          7          1          1
        72        349          0          1
        73        287          0          1
        74        371          0          1
        75        307          0          1
        76        149          0          1
        77        311          1          1
        78        102          0          1
        79        362          0          1
        80         89          1          1
        81        216          0          1
        82         98          0          1
        83         39          0          1
        84        376          1          1
        85        215          0          1
        86         71          0          1
        87        370          1          1
        88        224          0          1
        89        125          1          1
        90         23          0          1
        91        392          0          1
        92        373          0          1
        93        105          0          1
        94         72          1          1
        95        299          0          1
        96        180          0          1
        97        242          0          1
        98        274          0          1
        99        338          0          1
       100        266          0          1
       101        318          0          1
       102         37          0          1
       103        329          1          1
       104        220          0          1
       105        345          0          1
       106         85          1          1
       107        171          0          1
       108        103          0          1
       109        265          0          1
       110         46          1          1
       111        278          0          1
       112        388          0          1
       113         47          1          1
       114        169          0          1
       115         75          1          1
       116        351          0          1
       117        143          0          1
       118        130          1          1
       119        254          0          1
       120        195          0          1
       121         38          0          1
       122        239          1          1
       123         10          0          1
       124        257          1          1
       125        379          0          1
       126        300          0          1
       127        228          1          1
       128         19          0          1
       129        243          1          1
       130        276          0          1
       131        398          0          1
       132        361          1          1
       133        172          0          1
       134          6          1          1
       135         87          0          1
       136         67          0          1
       137        261          1          1
       138        316          0          1
       139        136          0          1
       140        337          0          1
       141        315          1          1
       142         30          0          1
       143        288          1          1
       144        189          0          1
       145        244          0          1
       146        383          1          1
       147        207          0          1
       148          2          0          1
       149          1          0          1
       150        210          0          1
       151         28          0          1
       152        380          0          1
       153        382          1          1
       154        281          0          1
       155        306          1          1
       156        232          0          1
       157        305          0          1
       158        176          1          1
       159        341          0          1
       160         57          0          1
       161         64          0          1
       162        182          1          1
       163        247          0          1
       164        187          0          1
       165        166          1          1
       166        391          0          1
       167        177          0          1
       168         11          0          1
       169        167          1          1
       170        118          0          1
       171        322          1          1
       172        185          0          1
       173        385          0          1
       174        137          1          1
       175        183          0          1
       176        386          1          1
       177        355          0          1
       178        344          0          1
       179        214          0          1
       180        270          1          1
       181        359          1          1
       182         20          0          1
       183        368          1          1
       184        275          0          1
       185         21          0          1
       186        290          1          1
       187        115          0          1
       188         33          1          1
       189        120          0          1
       190        323          1          1
       191        168          0          1
       192        203          0          1
       193          4          1          1
       194        201          0          1
       195        347          1          1
       196         58          0          1
       197        181          1          1
       198        107          0          1
       199        219          1          1
       200        272          0          1
       201        283          0          1
       202        217          1          1
       203        255          0          1
       204        173          1          1
       205        192          0          1
       206        140          0          1
       207         94          1          1
       208        156          0          1
       209        297          1          1
       210        129          0          1
       211        164          0          1
       212        139          0          1
       213        191          0          1
       214         77          0          1
       215        153          0          1
       216        178          1          1
       217        165          0          1
       218         63          1          1
       219         90          0          1
       220        197          1          1
       221        289          1          1
       222        277          0          1
       223        249          1          1
       224        205          0          1
       225        267          0          1
       226        227          0          1
       227        295          0          1
       228        161          1          1
       229        352          0          1
       230        340          1          1
       231        237          0          1
       232        313          1          1
       233        170          0          1
       234        333          1          1
       235         91          0          1
       236        211          0          1
       237        346          1          1
       238        374          0          1
       239        175          1          1
       240        360          0          1
       241        394          0          1
       242        304          1          1
       243         17          0          1
       244         55          0          1
       245        147          0          1
       246         83          1          1
       247        260          0          1
       248        226          0          1
       249        132          1          1
       250        390          0          1
       251        233          1          1
       252        113          0          1
       253        240          1          1
       254        365          0          1
       255        321          0          1
       256        291          0          1
       257         97          0          1
       258         54          1          1
       259        163          0          1
       260        154          1          1
       261        142          1          1
       262        326          0          1
       263        282          0          1
       264        188          0          1
       265        131          1          1
       266          3          0          1
       267        204          1          1
       268        312          0          1
       269        144          0          1
       270        109          1          1
       271        293          0          1
       272        354          1          1
       273         13          0          1
       274         78          0          1
       275         61          0          1
       276        319          0          1
       277        128          1          1
       278        157          0          1
       279        357          1          1
       280        369          0          1
       281        324          0          1
       282        310          0          1
       283         12          0          1
       284         80          1          1
       285          5          0          1
       286        235          0          1
       287        116          0          1
       288        262          0          1
       289        241          0          1
       290        200          0          1
       291         15          0          1
       292         34          0          1
       293        155          0          1
       294        381          1          1
       295        309          0          1
       296        253          1          1
       297        330          0          1
       298        127          0          1
       299         88          0          1
       300        317          1          1
       301        256          0          1
       302        393          0          1
       303        325          1          1
       304        258          0          1
       305        151          1          1
       306        263          0          1
       307        159          1          1
       308        206          0          1
       309        294          0          1
       310        331          1          1
       311        364          0          1
       312         68          0          1
       313        301          0          1
       314        146          0          1
       315         65          0          1
       316        101          0          1
       317        353          1          1
       318        292          0          1
       319        186          0          1
       320        251          0          1
       321        112          0          1
       322        135          1          1
       323        126          0          1
       324        343          0          1
       325        264          0          1
       326         16          1          1
       327         43          0          1
       328         22          0          1
       329        179          1          1
       330        339          0          1
       331        375          1          1
       332        303          0          1
       333         70          1          1
       334        208          0          1
       335        148          0          1
       336        124          1          1
       337        286          0          1
       338          8          1          1
       339        363          0          1
       340        221          1          1
       341        395          0          1
       342        196          0          1
       343        252          1          1
       344        209          0          1
       345        218          1          1
       346         73          0          1
       347        184          1          1
       348        372          0          1
       349         36          0          1
       350        174          1          1
       351         95          0          1
       352        314          1          1
       353        231          0          1
       354        350          0          1
       355        271          0          1
       356        145          0          1
       357         82          0          1
       358         14          0          1
       359         24          0          1
       360        328          0          1
       361        327          0          1
       362         53          1          1
       363        296          0          1
       364        342          1          1
       365         92          0          1
       366        387          0          1
       367         45          0          1
       368        248          0          1
       369        348          0          1
       370         86          0          1
       371        229          1          1
       372         74          0          1
       373         44          1          1
       374         84          0          1
       375        162          1          1
       376        400          1          1
       377         29          0          1
       378        358          0          1
       379        150          0          1
       380        302          1          1
       381         52          1          1
       382        198          0          1
       383        367          1          1
       384         48          0          1
       385        259          1          1
       386         66          0          1
       387        190          1          1
       388        268          0          1
       389        108          0          1
       390        134          0          1
       391         40          0          1
       392        250          1          1
       393        222          0          1
       394         50          0          1
       395         99          0          1
       396        225          0          1
       397        399          0          1
       398        212          1          1
       399        123          0          1
       400        202          0          1
               21853
configuration                   14                65000         2.4004831347975975E+00         2.9800000000000000E+02         2.0000000000000001E-01
         1          7          1          1
         2        137          0          1
         3        378          1          1
         4        281          0          1
         5        152          0          1
         6        115          0          1
         7        316          0          1
         8         24          1          1
         9        390          0          1
        10        169          0          1
        11        389          0          1
        12        354          1          1
        13        183          0          1
        14        202          0          1
        15        361          0          1
        16        173          1          1
        17        366          0          1
        18         99          1          1
        19         47          0          1
        20        105          0          1
        21        398          0          1
        22        380          1          1
        23        375          0          1
        24        128          1          1
        25        243          0          1
        26         15          1          1
        27        287          0          1
        28        327          0          1
        29        337          1          1
        30        315          0          1
        31        121          1          1
        32        247          0          1
        33        329          0          1
        34        230          1          1
        35        144          0          1
        36         68          0          1
        37        340          0          1
        38        141          0          1
        39        206          1          1
        40        365          0          1
        41         46          1          1
        42        129          0          1
        43         27          1          1
        44        210          0          1
        45        274          0          1
        46         55          0          1
        47         14          0          1
        48         93          1          1
        49         50          0          1
        50        339          1          1
        51        237          0          1
        52         98          1          1
        53        306          0          1
        54        239          0          1
        55        364          1          1
        56        279          0          1
        57        133          0          1
        58        168          0          1
        59        232          0          1
        60         51          0          1
        61         32          0          1
        62         73          1          1
        63        179          0          1
        64         58          1          1
        65         53          0          1
        66        383          0          1
        67        194          1          1
        68        180          0          1
        69        241          1          1
        70        249          0          1
        71        149          1          1
        72          5          0          1
        73        225          0          1
        74        203          0          1
        75        303          0          1
        76        302          0          1
        77        282          0          1
        78        333          0          1
        79        242          0          1
        80        197          1          1
        81         81          1          1
        82         79          0          1
        83        325          1          1
        84        122          0          1
        85         40          0          1
        86        335          1          1
        87        358          0          1
        88        313          1          1
        89         94          0          1
        90        187          1          1
        91         76          0          1
        92        372          0          1
        93        109          1          1
        94         63          0          1
        95         61          0          1
        96        393          0          1
        97        363          0          1
        98        257          1          1
        99        280          0          1
       100        266          0          1
       101          1          0          1
       102        253          1          1
       103         96          0          1
       104        352          0          1
       105         13          0          1
       106        387          0          1
       107        296          1          1
       108        267          0          1
       109        336          0          1
       110         59          0          1
       111        258          1          1
       112        208          0          1
       113        248          0          1
       114        318          0          1
       115         37          0          1
       116         18          1          1
       117        132          0          1
       118        120          0          1
       119        397          0          1
       120        251          0          1
       121        217          0          1
       122        355          0          1
       123         41          0          1
       124        314          1          1
       125        331          0          1
       126         69          0          1
       127        322          0          1
       128        275          0          1
       129        385          1          1
       130         86          0          1
       131        324          0          1
       132        373          0          1
       133        332          0          1
       134        353          0          1
       135        176          1          1
       136         67          0          1
       137        211          1          1
       138         64          0          1
       139        191          0          1
       140        218          1          1
       141        118          1          1
       142        307          0          1
       143        124          1          1
       144        285          0          1
       145         56          1          1
       146         35          0          1
       147        272          0          1
       148         30          1          1
       149        392          0          1
       150        286          1          1
       151        156          0          1
       152        359          1          1
       153          8          0          1
       154        301          0          1
       155        174          0          1
       156        384          0          1
       157        348          0          1
       158         34          0          1
       159         92          1          1
       160        143          0          1
       161         39          0          1
       162        349          1          1
       163         33          0          1
       164        116          1          1
       165        240          0          1
       166          2          1          1
       167         78          0          1
       168        213          0          1
       169        186          1          1
       170        219          0          1
       171        104          0          1
       172        379          0          1
       173        304          0          1
       174         60          1          1
       175        351          0          1
       176        320          0          1
       177        382          0          1
       178        319          1          1
       179        346          0          1
       180        265          0          1
       181          4          0          1
       182        371          0          1
       183        246          1          1
       184        278          0          1
       185        244          1          1
       186        106          0          1
       187        178          0          1
       188        131          0          1
       189          6          0          1
       190        291          0          1
       191        256          1          1
       192        127          0          1
       193        345          1          1
       194         19          0          1
       195        293          0          1
       196         17          0          1
       197        343          1          1
       198        125          0          1
       199        158          0          1
       200        391          0          1
       201        102          0          1
       202        170          1          1
       203        289          0          1
       204         97          1          1
       205        192          0          1
       206        305          0          1
       207        201          0          1
       208        297          1          1
       209         20          0          1
       210         85          1          1
       211         10          0          1
       212        235          1          1
       213         66          0          1
       214        231          1          1
       215        357          0          1
       216        148          1          1
       217        165          0          1
       218        341          1          1
       219         90          0          1
       220          3          0          1
       221        323          0          1
       222        277          0          1
       223        317          0          1
       224        205          0          1
       225        261          1          1
       226         52          0          1
       227        151          0          1
       228        185          0          1
       229        370          1          1
       230        207          0          1
       231        177          0          1
       232        347          0          1
       233        338          1          1
       234         91          0          1
       235         28          0          1
       236        135          0          1
       237        400          1          1
       238        134          0          1
       239        234          0          1
       240        229          1          1
       241        394          0          1
       242        166          1          1
       243        223          0          1
       244         74          1          1
       245        147          0          1
       246        362          1          1
       247        164          0          1
       248        189          0          1
       249        245          0          1
       250        199          0          1
       251        113          1          1
       252         75          0          1
       253        119          0          1
       254        200          1          1
       255         82          0          1
       256         26          0          1
       257        368          0          1
       258         54          1          1
       259        163          0          1
       260         71          1          1
       261        162          0          1
       262        140          0          1
       263        198          0          1
       264        228          0          1
       265         87          0          1
       266         22          0          1
       267        300          1          1
       268        396          0          1
       269        270          1          1
       270         12          0          1
       271         84          0          1
       272        155          1          1
       273        356          0          1
       274        159          0          1
       275        254          0          1
       276        273          0          1
       277        172          1          1
       278        188          0          1
       279        182          1          1
       280        369          0          1
       281        142          0          1
       282        171          1          1
       283        181          0          1
       284        294          0          1
       285         49          0          1
       286        259          1          1
       287        268          0          1
       288         83          1          1
       289        255          0          1
       290        283          1          1
       291        264          0          1
       292        117          0          1
       293        154          0          1
       294         11          1          1
       295        309          0          1
       296        238          1          1
       297        330          0          1
       298        139          1          1
       299        110          0          1
       300        312          1          1
       301        136          0          1
       302        224          0          1
       303         44          1          1
       304        252          0          1
       305        388          1          1
       306         38          0          1
       307        367          1          1
       308        299          0          1
       309        344          1          1
       310        399          0          1
       311        222          1          1
       312        381          0          1
       313        290          0          1
       314        146          0          1
       315        190          1          1
       316        101          0          1
       317        160          1          1
       318          9          0          1
       319        328          0          1
       320        100          0          1
       321        130          1          1
       322        193          0          1
       323        153          0          1
       324        298          1          1
       325        184          0          1
       326        311          0          1
       327        308          0          1
       328        276          0          1
       329        263          0          1
       330        108          1          1
       331         29          0          1
       332        262          0          1
       333        360          0          1
       334         57          0          1
       335         77          0          1
       336        214          1          1
       337        145          0          1
       338        150          0          1
       339        271          0          1
       340        376          1          1
       341        196          0          1
       342        103          1          1
       343        386          0          1
       344        111          0          1
       345         45          0          1
       346        216          1          1
       347        395          0          1
       348        161          0          1
       349         95          1          1
       350        226          0          1
       351         21          0          1
       352        138          1          1
       353        321          0          1
       354         88          0          1
       355        204          0          1
       356         25          0          1
       357        157          0          1
       358        295          0          1
       359         62          1          1
       360         42          0          1
       361        114          1          1
       362        167          0          1
       363        175          1          1
       364         16          0          1
       365        260          0          1
       366         36          0          1
       367        326          0          1
       368        221          0          1
       369        288          0          1
       370        292          0          1
       371        107          0          1
       372         23          0          1
       373        310          0          1
       374        220          0          1
       375        233          1          1
       376        350          0          1
       377         48          0          1
       378         43          1          1
       379        209          0          1
       380        334          0          1
       381        284          0          1
       382        227          1          1
       383        215          0          1
       384        269          1          1
       385        126          0          1
       386        195          1          1
       387         65          0          1
       388        342          0          1
       389        112          1          1
       390         89          0          1
       391        374          0          1
       392         72          0          1
       393         70          0          1
       394        377          0          1
       395        236          0          1
       396         31          0          1
       397         80          0          1
       398        250          0          1
       399        123          0          1
       400        212          1          1
               23698
configuration                   15                70000         2.5899751906022908E+00         2.9800000000000000E+02         1.3877787807814457E-17
         1         11          0          1
         2        354          0          1
         3        185          1          1
         4        383          0          1
         5        241          0          1
         6         90          0          1
         7        346          0          1
         8        373          0          1
         9         60          1          1
        10        318          0          1
        11        343          0          1
        12         30          0          1
        13        330          1          1
        14          2          0          1
        15        347          1          1
        16         13          0          1
        17        157          1          1
        18         87          0          1
        19        132          1          1
        20        305          0          1
        21        252          0          1
        22        363          1          1
        23        375          0          1
        24        381          0          1
        25        226          0          1
        26        140          0          1
        27         81          0          1
        28        270          0          1
        29        240          0          1
        30        214          1          1
        31         58          0          1
        32        163          1          1
        33        365          0          1
        34        230          1          1
        35        302          0          1
        36        361          1          1
        37        264          0          1
        38        209          1          1
        39        167          0          1
        40         51          0          1
        41        144          0          1
        42        129          0          1
        43        392          1          1
        44        183          0          1
        45         21          1          1
        46         80          0          1
        47        327          0          1
        48        258          0          1
        49        304          0          1
        50        228          0          1
        51         89          1          1
        52        206          0          1
        53        344          1          1
        54        123          0          1
        55        188          0          1
        56         82          0          1
        57        149          1          1
        58        127          0          1
        59        143          1          1
        60        300          0          1
        61        186          0          1
        62         42          1          1
        63        295          0          1
        64         62          1          1
        65         78          0          1
        66         39          1          1
        67        168          0          1
        68        289          0          1
        69         25          0          1
        70          7          1          1
        71         73          0          1
        72        257          1          1
        73         83          0          1
        74         98          1          1
        75        303          0          1
        76        319          1          1
        77         14          0          1
        78         28          0          1
        79        210          0          1
        80        391          1          1
        81        189          1          1
        82        130          0          1
        83        176          0          1
        84        172          0          1
        85         54          1          1
        86        208          0          1
        87        337          0          1
        88        104          0          1
        89         59          0          1
        90        350          0          1
        91        338          0          1
        92         32          0          1
        93        309          0          1
        94         91          0          1
        95        287          0          1
        96        393          0          1
        97        400          0          1
        98         61          0          1
        99         47          0          1
       100        395          0          1
       101          1          0          1
       102        180          0          1
       103         16          0          1
       104         68          0          1
       105        171          0          1
       106         40          1          1
       107        133          0          1
       108        181          0          1
       109        148          1          1
       110        192          0          1
       111         26          0          1
       112        379          1          1
       113        216          0          1
       114        124          0          1
       115         37          0          1
       116        387          1          1
       117         29          0          1
       118        272          0          1
       119         67          0          1
       120        328          1          1
       121        202          1          1
       122        121          0          1
       123        194          1          1
       124        212          0          1
       125        352          0          1
       126        224          0          1
       127        261          0          1
       128        396          1          1
       129        384          0          1
       130        389          0          1
       131        207          0          1
       132        246          0          1
       133        397          1          1
       134        353          0          1
       135        223          0          1
       136        291          0          1
       137        134          0          1
       138        166          0          1
       139        333          0          1
       140        349          0          1
       141        158          0          1
       142        276          1          1
       143        273          0          1
       144        282          0          1
       145         38          0          1
       146        225          1          1
       147        160          0          1
       148         48          0          1
       149          6          1          1
       150        256          0          1
       151        155          0          1
       152        316          1          1
       153        175          0          1
       154        286          0          1
       155         27          0          1
       156        162          1          1
       157        136          0          1
       158        399          1          1
       159        128          0          1
       160        371          1          1
       161        106          1          1
       162         99          0          1
       163        112          0          1
       164        108          0          1
       165        120          1          1
       166        315          0          1
       167        244          1          1
       168        253          0          1
       169        222          0          1
       170        122          1          1
       171        266          0          1
       172        139          0          1
       173          9          1          1
       174          8          0          1
       175         79          0          1
       176        377          0          1
       177        243          1          1
       178         50          0          1
       179        265          1          1
       180        125          0          1
       181        358          0          1
       182        394          1          1
       183        335          0          1
       184        317          1          1
       185        141          0          1
       186        119          1          1
       187        111          0          1
       188        114          0          1
       189        239          1          1
       190        398          0          1
       191         72          1          1
       192        274          0          1
       193        288          0          1
       194        290          1          1
       195         19          0          1
       196        174          1          1
       197        323          0          1
       198        320          1          1
       199        213          0          1
       200        182          0          1
       201        113          1          1
       202        284          0          1
       203        142          1          1
       204        165          0          1
       205         53          1          1
       206        137          0          1
       207        382          1          1
       208        236          0          1
       209         20          0          1
       210         24          1          1
       211        232          0          1
       212        267          0          1
       213        193          1          1
       214        311          0          1
       215         86          1          1
       216        378          0          1
       217        385          1          1
       218        376          0          1
       219         17          0          1
       220        254          0          1
       221        196          0          1
       222        201          1          1
       223        299          0          1
       224         43          1          1
       225        298          0          1
       226        199          1          1
       227        153          0          1
       228        324          1          1
       229        187          0          1
       230        107          0          1
       231        357          1          1
       232        386          0          1
       233         97          0          1
       234        191          1          1
       235        251          0          1
       236         66          1          1
       237        360          0          1
       238        198          0          1
       239        234          0          1
       240         57          1          1
       241        170          0          1
       242        233          0          1
       243        220          1          1
       244        372          0          1
       245        145          1          1
       246        368          0          1
       247        164          0          1
       248        269          0          1
       249        369          1          1
       250        367          0          1
       251        179          0          1
       252         84          0          1
       253        146          1          1
       254        117          0          1
       255         94          0          1
       256        281          0          1
       257        211          1          1
       258        101          0          1
       259        331          1          1
       260          5          0          1
       261        102          0          1
       262         75          1          1
       263        293          0          1
       264        380          0          1
       265        275          0          1
       266         22          0          1
       267         70          1          1
       268        231          0          1
       269        152          0          1
       270        242          0          1
       271        374          1          1
       272        334          0          1
       273        356          0          1
       274         88          0          1
       275          4          0          1
       276        370          1          1
       277        105          0          1
       278        348          0          1
       279         95          0          1
       280        238          0          1
       281        110          1          1
       282         46          0          1
       283        161          1          1
       284         41          0          1
       285        221          1          1
       286        292          0          1
       287        279          0          1
       288        204          1          1
       289         10          0          1
       290        150          0          1
       291        190          0          1
       292        332          0          1
       293        321          1          1
       294         23          0          1
       295        277          1          1
       296        362          0          1
       297        329          1          1
       298        235          0          1
       299        359          1          1
       300        340          0          1
       301        126          0          1
       302        341          1          1
       303         85          0          1
       304        326          0          1
       305        118          0          1
       306        109          0          1
       307        339          1          1
       308         34          0          1
       309        278          1          1
       310        314          0          1
       311        307          0          1
       312        283          1          1
       313        250          0          1
       314         18          1          1
       315        366          0          1
       316        296          1          1
       317         52          0          1
       318         93          1          1
       319        255          0          1
       320        184          1          1
       321        138          1          1
       322         44          0          1
       323        308          1          1
       324        131          0          1
       325         96          1          1
       326        310          0          1
       327        355          0          1
       328        248          1          1
       329        336          0          1
       330        197          0          1
       331         76          1          1
       332         63          0          1
       333          3          1          1
       334         69          0          1
       335         36          1          1
       336        173          0          1
       337        229          1          1
       338        263          0          1
       339         12          1          1
       340         55          0          1
       341        262          0          1
       342         56          1          1
       343        203          0          1
       344        215          1          1
       345        297          0          1
       346        247          1          1
       347        169          0          1
       348        390          0          1
       349        227          0          1
       350        245          0          1
       351        322          0          1
       352        205          0          1
       353         45          0          1
       354        195          1          1
       355         15          0          1
       356        159          0          1
       357        312          0          1
       358        388          1          1
       359        345          0          1
       360         92          1          1
       361        151          1          1
       362        325          0          1
       363         49          0          1
       364        200          0          1
       365        217          1          1
       366        259          0          1
       367         65          0          1
       368        342          0          1
       369        351          1          1
       370        218          0          1
       371        156          0          1
       372        260          0          1
       373        154          1          1
       374        271          0          1
       375         31          1          1
       376        294          0          1
       377        268          1          1
       378        178          0          1
       379        135          1          1
       380         74          0          1
       381        147          0          1
       382         71          0          1
       383        364          0          1
       384        301          1          1
       385        306          0          1
       386         77          1          1
       387         64          0          1
       388        219          1          1
       389        313          0          1
       390        115          0          1
       391         35          0          1
       392        116          1          1
       393         33          0          1
       394        237          1          1
       395        285          0          1
       396        177          1          1
       397        249          0          1
       398        280          1          1
       399        103          0          1
       400        100          0          1
               25480
configuration                   16                75000         2.7757543826768964E+00         2.9800000000000000E+02         1.3877787807814457E-17
         1        215          1          1
         2        350          0          1
         3        214          1          1
         4        160          0          1
         5        124          0          1
         6         64          1          1
         7        115          0          1
         8        131          1          1
         9         73          0          1
        10        290          1          1
        11        304          0          1
        12        209          0          1
        13        359          1          1
        14          2          0          1
        15         85          1          1
        16        348          0          1
        17        206          0          1
        18        198          0          1
        19        253          0          1
        20        254          0          1
        21         56          0          1
        22        283          1          1
        23        312          0          1
        24        155          0          1
        25         34          1          1
        26        315          0          1
        27        367          0          1
        28        122          0          1
        29        322          0          1
        30         94          0          1
        31         77          1          1
        32         91          0          1
        33        220          0          1
        34        167          1          1
        35         54          0          1
        36         55          0          1
        37        264          0          1
        38         23          1          1
        39        278          0          1
        40        157          1          1
        41         35          0          1
        42        371          0          1
        43        191          0          1
        44        309          1          1
        45        377          0          1
        46        353          1          1
        47         98          0          1
        48         30          0          1
        49        378          0          1
        50        145          0          1
        51         76          0          1
        52         16          1          1
        53        180          0          1
        54         84          0          1
        55        294          0          1
        56        154          0          1
        57        196          0          1
        58        127          0          1
        59        282          1          1
        60         17          0          1
        61        231          0          1
        62        302          0          1
        63        321          1          1
        64        263          0          1
        65        310          1          1
        66        317          0          1
        67        200          0          1
        68        194          0          1
        69        174          1          1
        70        110          0          1
        71        325          0          1
        72        148          0          1
        73        383          1          1
        74        364          0          1
        75         93          0          1
        76         81          1          1
        77        388          0          1
        78        396          1          1
        79        381          0          1
        80         13          1          1
        81        247          0          1
        82          4          0          1
        83         58          0          1
        84        245          0          1
        85        129          0          1
        86        308          1          1
        87        287          0          1
        88         79          1          1
        89         18          0          1
        90        228          1          1
        91        384          0          1
        92        114          0          1
        93        363          0          1
        94        268          0          1
        95        119          1          1
        96        382          0          1
        97         62          1          1
        98        230          0          1
        99        238          1          1
       100        128          0          1
       101        276          1          1
       102        265          0          1
       103          7          1          1
       104        299          0          1
       105        106          0          1
       106         99          0          1
       107        296          0          1
       108        100          0          1
       109         33          1          1
       110         80          0          1
       111        262          1          1
       112        320          0          1
       113        389          1          1
       114        133          0          1
       115        116          0          1
       116        249          1          1
       117         29          0          1
       118        244          1          1
       119        105          0          1
       120        178          0          1
       121         67          0          1
       122          1          1          1
       123         57          0          1
       124        240          1          1
       125         53          0          1
       126        190          0          1
       127         11          0          1
       128        400          0          1
       129        345          0          1
       130        362          0          1
       131        205          0          1
       132         10          0          1
       133        219          0          1
       134        226          0          1
       135         82          1          1
       136        121          0          1
       137        266          1          1
       138        166          0          1
       139        208          1          1
       140        349          0          1
       141        158          0          1
       142        141          0          1
       143        113          1          1
       144         46          0          1
       145         70          0          1
       146        306          1          1
       147        259          0          1
       148         12          0          1
       149         31          0          1
       150        319          0          1
       151         74          0          1
       152        217          1          1
       153        354          0          1
       154        365          1          1
       155        372          0          1
       156        329          0          1
       157        136          0          1
       158        273          1          1
       159        187          0          1
       160         88          1          1
       161        224          0          1
       162        281          0          1
       163         25          0          1
       164        134          1          1
       165         22          0          1
       166          5          0          1
       167         52          1          1
       168        352          0          1
       169        168          0          1
       170        313          0          1
       171         92          0          1
       172        398          0          1
       173        225          0          1
       174        380          0          1
       175        267          1          1
       176        257          0          1
       177        258          0          1
       178        395          0          1
       179        316          1          1
       180        125          0          1
       181         51          0          1
       182        375          1          1
       183         48          0          1
       184        162          0          1
       185        318          0          1
       186        311          1          1
       187        137          0          1
       188         66          0          1
       189          3          0          1
       190        179          1          1
       191        108          0          1
       192         61          0          1
       193        288          0          1
       194        192          1          1
       195         20          0          1
       196         45          0          1
       197        323          0          1
       198        144          1          1
       199        344          0          1
       200        202          1          1
       201        170          1          1
       202        120          0          1
       203        346          0          1
       204        186          0          1
       205        109          0          1
       206        295          0          1
       207        334          0          1
       208        236          0          1
       209        243          1          1
       210        149          0          1
       211        103          0          1
       212         49          0          1
       213         19          1          1
       214        232          0          1
       215        111          0          1
       216         21          0          1
       217         28          0          1
       218        397          0          1
       219        336          1          1
       220        171          0          1
       221        293          0          1
       222        374          0          1
       223        251          0          1
       224        248          0          1
       225        252          0          1
       226        139          1          1
       227        152          0          1
       228        165          0          1
       229        132          0          1
       230        376          0          1
       231        291          0          1
       232         90          1          1
       233        112          0          1
       234        369          1          1
       235        164          0          1
       236         86          1          1
       237        169          0          1
       238        303          1          1
       239        234          0          1
       240        393          1          1
       241        216          0          1
       242        339          1          1
       243         42          0          1
       244        233          0          1
       245         65          1          1
       246        210          0          1
       247        246          0          1
       248          9          0          1
       249        272          1          1
       250         40          0          1
       251        280          1          1
       252        357          0          1
       253        297          1          1
       254        314          0          1
       255        142          1          1
       256        199          0          1
       257        332          0          1
       258        286          0          1
       259        229          1          1
       260        156          0          1
       261        385          0          1
       262        222          0          1
       263        386          0          1
       264        161          0          1
       265        195          0          1
       266        338          0          1
       267        213          1          1
       268         97          0          1
       269        204          0          1
       270        360          0          1
       271        223          0          1
       272        368          0          1
       273        182          0          1
       274        342          1          1
       275        101          0          1
       276        337          1          1
       277        175          0          1
       278        184          1          1
       279        172          0          1
       280        126          1          1
       281         50          0          1
       282        341          1          1
       283        203          0          1
       284        327          1          1
       285        370          0          1
       286         24          0          1
       287        326          0          1
       288        391          0          1
       289         68          0          1
       290        189          1          1
       291        399          0          1
       292        102          0          1
       293        358          0          1
       294         87          0          1
       295        301          1          1
       296        239          0          1
       297         39          1          1
       298        140          0          1
       299         36          0          1
       300         72          0          1
       301         96          0          1
       302        289          0          1
       303        260          0          1
       304        324          0          1
       305        356          1          1
       306         44          0          1
       307        351          1          1
       308         14          0          1
       309        177          0          1
       310         32          0          1
       311        197          0          1
       312        201          1          1
       313        250          0          1
       314        335          0          1
       315        366          0          1
       316        298          0          1
       317         47          0          1
       318        173          1          1
       319        255          0          1
       320         71          1          1
       321         83          1          1
       322         43          0          1
       323        185          1          1
       324        159          0          1
       325        207          0          1
       326         63          1          1
       327        355          0          1
       328        130          1          1
       329        176          0          1
       330        146          0          1
       331        328          0          1
       332         26          0          1
       333        284          1          1
       334         69          0          1
       335        361          1          1
       336        307          0          1
       337        242          0          1
       338        292          0          1
       339        279          1          1
       340        270          0          1
       341        275          0          1
       342        211          1          1
       343        261          0          1
       344        151          1          1
       345        300          0          1
       346        347          0          1
       347        340          0          1
       348        390          0          1
       349        330          0          1
       350        256          0          1
       351        387          0          1
       352        269          0          1
       353          8          0          1
       354        241          1          1
       355         15          0          1
       356        227          0          1
       357        218          0          1
       358         95          1          1
       359        221          0          1
       360        237          0          1
       361         59          1          1
       362        394          0          1
       363         41          0          1
       364        150          0          1
       365        379          1          1
       366        163          0          1
       367        181          0          1
       368        123          0          1
       369        138          0          1
       370        235          1          1
       371         75          0          1
       372        117          1          1
       373         89          0          1
       374        271          0          1
       375         78          0          1
       376        285          1          1
       377        392          0          1
       378        107          0          1
       379        305          0          1
       380        333          0          1
       381        147          0          1
       382        143          1          1
       383        274          0          1
       384        153          1          1
       385          6          0          1
       386        188          0          1
       387        331          1          1
       388         38          0          1
       389        104          1          1
       390        118          0          1
       391        135          0          1
       392         60          0          1
       393        373          0          1
       394        212          1          1
       395        277          0          1
       396        193          0          1
       397         37          0          1
       398         27          0          1
       399        343          1          1
       400        183          0          1
               27311
configuration                   17                80000         2.9559724932555818E+00         2.9800000000000000E+02         1.3877787807814457E-17
         1        291          0          1
         2        212          0          1
         3        222          1          1
         4        160          0          1
         5         39          1          1
         6        252          0          1
         7        250          0          1
         8        355          0          1
         9        262          1          1
        10         93          0          1
        11        393          0          1
        12        202          0          1
        13        378          1          1
        14        188          0          1
        15        172          0          1
        16        126          0          1
        17         77          0          1
        18        319          1          1
        19        143          0          1
        20        138          0          1
        21         83          0          1
        22        171          0          1
        23        300          0          1
        24        108          0          1
        25        184          0          1
        26        237          0          1
        27        267          0          1
        28         70          1          1
        29         78          0          1
        30         68          1          1
        31        230          0          1
        32        397          1          1
        33        197          0          1
        34        246          0          1
        35         95          1          1
        36         74          0          1
        37        255          0          1
        38        204          0          1
        39        119          0          1
        40        289          0          1
        41        229          0          1
        42        165          1          1
        43         66          0          1
        44        333          1          1
        45        299          0          1
        46         57          0          1
        47        242          0          1
        48        351          0          1
        49         37          1          1
        50        168          0          1
        51        170          1          1
        52         84          0          1
        53        349          0          1
        54         58          1          1
        55        193          0          1
        56        339          1          1
        57        149          0          1
        58        122          0          1
        59         75          1          1
        60         80          0          1
        61        239          0          1
        62        373          0          1
        63        106          0          1
        64        175          0          1
        65        162          0          1
        66         38          1          1
        67        385          0          1
        68         64          0          1
        69        200          0          1
        70        396          1          1
        71        130          0          1
        72         54          0          1
        73        292          0          1
        74        117          0          1
        75        270          0          1
        76         69          0          1
        77        187          1          1
        78         14          0          1
        79        382          0          1
        80        116          0          1
        81        377          0          1
        82        135          0          1
        83        365          0          1
        84          9          0          1
        85        249          1          1
        86        379          0          1
        87         13          1          1
        88        363          0          1
        89        285          1          1
        90         21          0          1
        91         52          1          1
        92         63          0          1
        93        302          1          1
        94        268          0          1
        95        346          0          1
        96        214          1          1
        97        153          0          1
        98        350          1          1
        99        259          0          1
       100        100          1          1
       101        194          0          1
       102        329          1          1
       103        201          0          1
       104         51          1          1
       105        303          0          1
       106        383          1          1
       107         89          0          1
       108         61          0          1
       109        110          0          1
       110        370          1          1
       111        238          0          1
       112        134          0          1
       113        198          0          1
       114        388          1          1
       115         31          0          1
       116         81          0          1
       117        185          0          1
       118        269          0          1
       119        133          1          1
       120        309          0          1
       121        253          0          1
       122         99          0          1
       123        113          1          1
       124        196          0          1
       125        232          1          1
       126        306          0          1
       127        128          1          1
       128        280          0          1
       129        235          0          1
       130         25          0          1
       131        247          0          1
       132        288          0          1
       133         86          0          1
       134        226          0          1
       135        161          1          1
       136        139          0          1
       137         24          1          1
       138        167          0          1
       139         85          0          1
       140        273          1          1
       141        142          0          1
       142        154          1          1
       143        227          0          1
       144        265          1          1
       145         55          0          1
       146         76          0          1
       147        189          0          1
       148         56          1          1
       149        283          0          1
       150         12          1          1
       151         82          0          1
       152        362          0          1
       153        400          1          1
       154        374          0          1
       155         87          0          1
       156        317          0          1
       157        174          0          1
       158        330          1          1
       159        186          0          1
       160        386          0          1
       161        145          0          1
       162        295          0          1
       163        369          0          1
       164        231          0          1
       165        215          0          1
       166        150          0          1
       167        136          1          1
       168        375          0          1
       169        147          1          1
       170        244          0          1
       171         49          0          1
       172        277          1          1
       173        368          0          1
       174        380          0          1
       175        112          1          1
       176        279          0          1
       177        243          1          1
       178         28          0          1
       179        206          0          1
       180        327          0          1
       181        344          0          1
       182        336          1          1
       183         67          0          1
       184        281          0          1
       185         19          1          1
       186        124          0          1
       187        371          0          1
       188        271          0          1
       189        361          0          1
       190        275          1          1
       191         62          0          1
       192         53          0          1
       193        218          0          1
       194        301          1          1
       195        121          0          1
       196        123          1          1
       197        304          0          1
       198        312          0          1
       199         73          1          1
       200        216          0          1
       201        211          0          1
       202        152          0          1
       203        173          1          1
       204        104          0          1
       205        315          0          1
       206         92          0          1
       207         72          0          1
       208        236          0          1
       209        158          0          1
       210          3          0          1
       211        345          0          1
       212         91          0          1
       213        127          1          1
       214        392          0          1
       215        324          1          1
       216        181          0          1
       217        213          0          1
       218        195          0          1
       219         32          0          1
       220         44          0          1
       221        156          0          1
       222         45          0          1
       223        307          0          1
       224        148          0          1
       225        115          1          1
       226         20          0          1
       227         94          0          1
       228        356          1          1
       229        282          0          1
       230        313          0          1
       231         36          1          1
       232        287          0          1
       233        220          0          1
       234        353          1          1
       235        191          0          1
       236        192          0          1
       237        203          0          1
       238        209          0          1
       239        290          0          1
       240         96          1          1
       241        364          1          1
       242        207          0          1
       243        111          0          1
       244         10          1          1
       245        389          0          1
       246         97          0          1
       247        272          0          1
       248        177          0          1
       249        314          0          1
       250        166          0          1
       251        278          0          1
       252        357          0          1
       253         15          1          1
       254        321          0          1
       255         90          1          1
       256         17          0          1
       257        372          0          1
       258         18          0          1
       259         59          1          1
       260        140          0          1
       261        328          0          1
       262        354          0          1
       263        144          0          1
       264         79          0          1
       265        224          0          1
       266        163          1          1
       267        118          0          1
       268         29          1          1
       269         34          0          1
       270          7          1          1
       271        219          0          1
       272        341          1          1
       273        182          0          1
       274        199          1          1
       275        183          0          1
       276        179          1          1
       277         26          0          1
       278         35          1          1
       279        284          0          1
       280          1          1          1
       281        129          0          1
       282        297          0          1
       283        266          1          1
       284        208          0          1
       285        155          1          1
       286        381          0          1
       287        241          1          1
       288        131          0          1
       289        398          1          1
       290         33          0          1
       291        399          1          1
       292        102          0          1
       293        251          1          1
       294        221          0          1
       295        180          1          1
       296        190          0          1
       297        320          1          1
       298        169          0          1
       299        298          0          1
       300        264          0          1
       301        305          1          1
       302          8          0          1
       303        311          0          1
       304        322          1          1
       305        257          0          1
       306        234          1          1
       307        326          0          1
       308        325          1          1
       309        151          0          1
       310         47          0          1
       311        114          0          1
       312        343          0          1
       313        367          0          1
       314        347          1          1
       315        159          0          1
       316        240          1          1
       317         65          0          1
       318        245          0          1
       319        105          1          1
       320        233          0          1
       321        332          0          1
       322          5          0          1
       323        395          1          1
       324         88          0          1
       325        360          1          1
       326        366          0          1
       327        228          1          1
       328        390          0          1
       329        358          1          1
       330         98          0          1
       331        146          0          1
       332        384          1          1
       333        294          0          1
       334        223          0          1
       335        205          0          1
       336        260          0          1
       337        286          1          1
       338        157          0          1
       339         71          0          1
       340         46          1          1
       341        132          0          1
       342        387          1          1
       343        248          0          1
       344        308          0          1
       345        318          0          1
       346        101          1          1
       347        164          0          1
       348        103          1          1
       349        225          0          1
       350        296          1          1
       351        263          0          1
       352        394          0          1
       353        376          1          1
       354        342          0          1
       355        107          1          1
       356         42          0          1
       357         23          0          1
       358        120          0          1
       359        391          1          1
       360        340          0          1
       361        335          0          1
       362        261          0          1
       363        331          1          1
       364        316          0          1
       365        176          1          1
       366        256          0          1
       367          4          1          1
       368        352          0          1
       369        323          1          1
       370         43          0          1
       371        348          1          1
       372        178          0          1
       373         22          0          1
       374        141          1          1
       375        109          0          1
       376        310          0          1
       377        217          1          1
       378         40          0          1
       379          2          0          1
       380         11          0          1
       381         30          0          1
       382        293          1          1
       383        274          0          1
       384        359          0          1
       385          6          0          1
       386        337          1          1
       387         27          0          1
       388         41          0          1
       389        125          0          1
       390         50          1          1
       391        334          0          1
       392         48          0          1
       393         60          0          1
       394        210          0          1
       395        258          0          1
       396        276          1          1
       397        338          0          1
       398        254          0          1
       399         16          0          1
       400        137          1          1
               29161
configuration                   18                85000         3.1430706318591950E+00         2.9800000000000000E+02         1.0000000000000002E-01
         1        268          1          1
         2        108          0          1
         3        308          1          1
         4        296          0          1
         5         46          0          1
         6        241          0          1
         7        352          0          1
         8        399          0          1
         9        213          1          1
        10        279          0          1
        11        358          1          1
        12        184          0          1
        13        343          0          1
        14        302          0          1
        15         19          0          1
        16         59          0          1
        17         98          0          1
        18        370          0          1
        19         30          0          1
        20        388          0          1
        21         50          0          1
        22        233          1          1
        23        300          0          1
        24        317          0          1
        25         91          0          1
        26        332          1          1
        27         40          0          1
        28        166          1          1
        29        273          0          1
        30        274          0          1
        31        230          0          1
        32        400          1          1
        33         63          0          1
        34         61          1          1
        35         58          0          1
        36        319          1          1
        37        149          0          1
        38         35          1          1
        39        203          0          1
        40        169          0          1
        41          1          0          1
        42         56          0          1
        43         90          0          1
        44        378          0          1
        45        271          1          1
        46        330          0          1
        47        310          1          1
        48        142          0          1
        49        187          0          1
        50        168          0          1
        51        257          1          1
        52         84          0          1
        53        267          0          1
        54        350          0          1
        55        262          1          1
        56        133          0          1
        57        290          1          1
        58        214          0          1
        59        286          1          1
        60         24          0          1
        61        135          0          1
        62        109          0          1
        63        215          0          1
        64        116          0          1
        65        162          0          1
        66        374          1          1
        67        158          0          1
        68        391          0          1
        69        196          1          1
        70         18          0          1
        71        130          0          1
        72        111          0          1
        73        239          0          1
        74        328          0          1
        75        325          0          1
        76        157          0          1
        77        280          0          1
        78         78          0          1
        79        247          0          1
        80         32          0          1
        81        236          0          1
        82        324          1          1
        83        255          0          1
        84        201          0          1
        85        243          1          1
        86        194          0          1
        87        344          1          1
        88        278          0          1
        89        224          0          1
        90        129          1          1
        91        375          0          1
        92        359          0          1
        93        364          1          1
        94        254          0          1
        95        323          0          1
        96        189          0          1
        97        345          1          1
        98        154          0          1
        99         27          1          1
       100        265          0          1
       101        347          0          1
       102          8          0          1
       103        138          0          1
       104        134          0          1
       105         14          0          1
       106        170          1          1
       107        222          0          1
       108        349          0          1
       109        115          1          1
       110         66          0          1
       111        258          0          1
       112        205          1          1
       113         83          0          1
       114        339          0          1
       115        333          0          1
       116        122          1          1
       117         25          0          1
       118        250          0          1
       119        179          0          1
       120        277          0          1
       121        176          0          1
       122        231          0          1
       123         13          1          1
       124        226          0          1
       125        272          0          1
       126        291          0          1
       127        153          0          1
       128        288          1          1
       129         96          0          1
       130        113          0          1
       131        216          1          1
       132         62          0          1
       133        227          0          1
       134        124          0          1
       135        234          1          1
       136        118          0          1
       137          5          1          1
       138        152          0          1
       139        318          1          1
       140        292          0          1
       141        382          0          1
       142        329          1          1
       143        293          0          1
       144        398          1          1
       145        355          0          1
       146         15          0          1
       147        161          1          1
       148         81          0          1
       149        172          1          1
       150        353          0          1
       151         42          0          1
       152        139          1          1
       153        289          0          1
       154        159          1          1
       155        100          0          1
       156         26          0          1
       157        174          0          1
       158         69          1          1
       159        385          0          1
       160          4          1          1
       161         94          1          1
       162        295          0          1
       163        266          1          1
       164         76          0          1
       165         74          1          1
       166        383          0          1
       167         87          0          1
       168         99          0          1
       169        306          0          1
       170        245          1          1
       171        397          0          1
       172         54          0          1
       173        360          0          1
       174         88          0          1
       175        369          0          1
       176        237          0          1
       177         23          0          1
       178         47          0          1
       179        309          1          1
       180        396          0          1
       181        301          0          1
       182        361          1          1
       183         67          0          1
       184        287          1          1
       185        314          0          1
       186        392          0          1
       187         95          1          1
       188         17          0          1
       189        269          0          1
       190        229          0          1
       191         43          0          1
       192         31          0          1
       193        211          0          1
       194        307          0          1
       195        173          0          1
       196        356          1          1
       197         39          0          1
       198        276          1          1
       199        334          0          1
       200        219          1          1
       201         93          1          1
       202        163          0          1
       203        263          0          1
       204        177          0          1
       205        104          1          1
       206        186          0          1
       207        140          0          1
       208        147          1          1
       209        351          0          1
       210        123          0          1
       211        315          0          1
       212        264          1          1
       213         28          0          1
       214        244          1          1
       215         68          0          1
       216        340          0          1
       217        357          1          1
       218        242          0          1
       219          6          1          1
       220        202          0          1
       221        156          0          1
       222         80          0          1
       223        105          1          1
       224        120          0          1
       225        238          0          1
       226        251          1          1
       227        165          0          1
       228        253          0          1
       229        148          0          1
       230        117          0          1
       231        348          0          1
       232         79          0          1
       233        180          1          1
       234        217          0          1
       235        121          0          1
       236        208          1          1
       237         34          0          1
       238          7          1          1
       239        228          0          1
       240        381          1          1
       241        372          0          1
       242        137          1          1
       243        107          0          1
       244        354          1          1
       245        384          0          1
       246         11          0          1
       247        110          1          1
       248         85          0          1
       249        363          0          1
       250        195          1          1
       251        225          0          1
       252        178          0          1
       253        112          0          1
       254        260          1          1
       255         38          0          1
       256        393          0          1
       257        379          0          1
       258        218          0          1
       259        193          0          1
       260        146          0          1
       261        377          1          1
       262         10          0          1
       263        395          0          1
       264        342          0          1
       265        297          1          1
       266         53          0          1
       267        160          0          1
       268         37          0          1
       269         75          0          1
       270        294          0          1
       271         82          0          1
       272        207          0          1
       273        261          1          1
       274        182          0          1
       275        341          1          1
       276        311          0          1
       277         22          0          1
       278        204          0          1
       279        394          1          1
       280        209          0          1
       281        192          0          1
       282        252          0          1
       283        132          0          1
       284        145          0          1
       285        387          1          1
       286          3          0          1
       287        371          1          1
       288        346          0          1
       289        249          0          1
       290         65          0          1
       291        144          1          1
       292        102          0          1
       293         73          0          1
       294        305          0          1
       295         44          0          1
       296         16          0          1
       297        338          1          1
       298        365          0          1
       299        368          0          1
       300          9          0          1
       301        246          0          1
       302        303          1          1
       303        337          0          1
       304        283          1          1
       305         51          0          1
       306        151          1          1
       307        376          0          1
       308        259          1          1
       309        327          0          1
       310         72          0          1
       311        114          0          1
       312        321          0          1
       313        367          0          1
       314        304          1          1
       315        362          0          1
       316        136          1          1
       317         55          0          1
       318        126          1          1
       319        284          0          1
       320        275          1          1
       321        155          1          1
       322         71          0          1
       323         97          1          1
       324         29          0          1
       325          2          0          1
       326        366          0          1
       327        390          1          1
       328        336          0          1
       329         60          0          1
       330        199          0          1
       331        240          0          1
       332        197          0          1
       333         21          1          1
       334        223          0          1
       335        221          0          1
       336         12          0          1
       337         49          0          1
       338        141          0          1
       339         45          1          1
       340         36          0          1
       341        167          0          1
       342        171          1          1
       343        248          0          1
       344        281          1          1
       345        103          0          1
       346        101          1          1
       347        164          0          1
       348        191          0          1
       349         20          0          1
       350        322          1          1
       351        270          0          1
       352        198          0          1
       353        235          0          1
       354         48          1          1
       355        285          0          1
       356         33          0          1
       357        150          1          1
       358        183          0          1
       359         52          0          1
       360        331          1          1
       361        299          1          1
       362        143          0          1
       363        220          0          1
       364        316          0          1
       365        212          1          1
       366        256          0          1
       367         64          0          1
       368         77          0          1
       369        326          0          1
       370        131          0          1
       371        282          1          1
       372        312          0          1
       373        127          1          1
       374        389          0          1
       375        232          1          1
       376        185          0          1
       377        320          0          1
       378        181          0          1
       379        188          1          1
       380        175          0          1
       381         92          0          1
       382        313          1          1
       383        380          0          1
       384        106          1          1
       385        386          0          1
       386         41          1          1
       387         70          0          1
       388        206          1          1
       389        373          0          1
       390         89          0          1
       391        125          0          1
       392        190          1          1
       393        298          0          1
       394         86          1          1
       395        210          0          1
       396        335          1          1
       397        200          0          1
       398         57          1          1
       399        128          0          1
       400        119          0          1
               31009
configuration                   19                90000         3.3329534749311933E+00         2.9800000000000000E+02         1.3877787807814457E-17
         1        252          1          1
         2        312          0          1
         3        341          0          1
         4        266          0          1
         5        239          0          1
         6         85          0          1
         7        230          0          1
         8        399          0          1
         9        126          0          1
        10        118          1          1
        11         45          0          1
        12         54          0          1
        13        107          0          1
        14        313          1          1
        15        161          0          1
        16        322          1          1
        17         94          0          1
        18        325          1          1
        19        259          0          1
        20        138          0          1
        21        169          0          1
        22          8          0          1
        23          3          1          1
        24        393          0          1
        25         91          0          1
        26         88          1          1
        27         25          0          1
        28        276          0          1
        29         78          0          1
        30        102          0          1
        31        258          1          1
        32        328          0          1
        33         51          0          1
        34        167          0          1
        35         55          1          1
        36         36          0          1
        37        400          0          1
        38        263          0          1
        39        223          1          1
        40        271          0          1
        41        280          1          1
        42          2          0          1
        43         17          0          1
        44        243          0          1
        45         18          1          1
        46        330          0          1
        47        255          1          1
        48          4          0          1
        49        134          1          1
        50        174          0          1
        51        267          0          1
        52         92          0          1
        53        225          0          1
        54        202          1          1
        55        352          0          1
        56        205          1          1
        57        307          0          1
        58        355          1          1
        59        345          0          1
        60        160          0          1
        61        379          0          1
        62        300          0          1
        63        374          0          1
        64        288          0          1
        65        162          0          1
        66        324          1          1
        67        158          0          1
        68        346          0          1
        69         26          0          1
        70        373          1          1
        71        207          0          1
        72        114          0          1
        73         98          0          1
        74        153          0          1
        75         10          0          1
        76         43          0          1
        77        375          0          1
        78        201          0          1
        79        287          0          1
        80         71          0          1
        81         68          1          1
        82        157          0          1
        83        388          0          1
        84         60          0          1
        85        124          1          1
        86        224          0          1
        87        135          0          1
        88        108          1          1
        89        155          0          1
        90        316          0          1
        91        214          0          1
        92         37          1          1
        93        179          0          1
        94        103          0          1
        95         67          1          1
        96        329          0          1
        97        221          0          1
        98          7          1          1
        99         41          0          1
       100        101          0          1
       101        332          0          1
       102        342          0          1
       103        315          1          1
       104        200          0          1
       105         14          0          1
       106         42          1          1
       107        222          0          1
       108        370          0          1
       109        317          0          1
       110        185          0          1
       111         52          0          1
       112         19          0          1
       113         20          0          1
       114         82          0          1
       115        302          0          1
       116        198          1          1
       117        152          0          1
       118         44          0          1
       119        284          1          1
       120        256          0          1
       121        231          1          1
       122        389          0          1
       123        116          0          1
       124        226          0          1
       125        236          1          1
       126        291          0          1
       127        181          0          1
       128        356          0          1
       129        303          0          1
       130         62          0          1
       131         77          0          1
       132         87          0          1
       133        321          0          1
       134         83          0          1
       135        310          1          1
       136        334          0          1
       137        296          0          1
       138        131          1          1
       139        383          0          1
       140         39          0          1
       141        382          0          1
       142        340          0          1
       143        227          0          1
       144        117          1          1
       145        121          0          1
       146         75          1          1
       147        384          0          1
       148        178          0          1
       149         30          0          1
       150        191          1          1
       151        294          0          1
       152        183          1          1
       153        395          0          1
       154        351          0          1
       155        337          0          1
       156        319          0          1
       157        234          1          1
       158        216          0          1
       159        385          0          1
       160        242          0          1
       161         65          1          1
       162        295          0          1
       163        363          0          1
       164         76          0          1
       165        381          1          1
       166        262          0          1
       167         70          0          1
       168        320          0          1
       169        165          1          1
       170        112          0          1
       171        326          1          1
       172        398          0          1
       173        282          0          1
       174        254          0          1
       175        377          1          1
       176        196          0          1
       177        139          0          1
       178        278          1          1
       179        156          0          1
       180        396          0          1
       181        180          0          1
       182        145          0          1
       183        133          0          1
       184        125          1          1
       185        272          0          1
       186        360          1          1
       187        257          0          1
       188        137          1          1
       189        301          0          1
       190        270          1          1
       191        171          0          1
       192        213          0          1
       193         13          1          1
       194         89          0          1
       195        147          0          1
       196        119          0          1
       197         86          1          1
       198        136          0          1
       199        212          0          1
       200        100          1          1
       201        253          1          1
       202        159          0          1
       203         74          1          1
       204        177          0          1
       205        154          1          1
       206        186          0          1
       207        366          0          1
       208        244          0          1
       209        192          1          1
       210        261          0          1
       211        210          1          1
       212        232          0          1
       213        378          0          1
       214        132          1          1
       215        166          0          1
       216        289          1          1
       217        277          0          1
       218        311          1          1
       219        368          0          1
       220        397          0          1
       221         80          0          1
       222         29          1          1
       223        318          0          1
       224        323          0          1
       225        238          0          1
       226         61          1          1
       227        197          0          1
       228        344          0          1
       229        391          0          1
       230        111          1          1
       231        140          0          1
       232         79          0          1
       233        130          1          1
       234        176          0          1
       235        218          1          1
       236        237          0          1
       237        304          0          1
       238        164          0          1
       239        228          0          1
       240        350          1          1
       241        362          1          1
       242        109          0          1
       243        208          0          1
       244        204          0          1
       245         47          1          1
       246         11          0          1
       247        361          0          1
       248        347          0          1
       249        104          0          1
       250        110          0          1
       251        369          0          1
       252        143          1          1
       253        248          0          1
       254         99          1          1
       255        265          0          1
       256        279          0          1
       257         63          1          1
       258        127          0          1
       259        371          1          1
       260        146          0          1
       261        129          0          1
       262         40          0          1
       263         56          1          1
       264        297          0          1
       265         90          0          1
       266        273          0          1
       267         96          0          1
       268        348          0          1
       269         72          1          1
       270        286          0          1
       271        245          1          1
       272        106          0          1
       273        188          1          1
       274        292          0          1
       275        264          0          1
       276        229          0          1
       277         35          0          1
       278        380          0          1
       279        105          0          1
       280        367          0          1
       281        357          0          1
       282        170          1          1
       283        203          0          1
       284        175          0          1
       285        354          0          1
       286         66          1          1
       287        268          0          1
       288        113          1          1
       289        306          0          1
       290         23          1          1
       291        168          0          1
       292        148          1          1
       293         95          0          1
       294        206          1          1
       295        194          0          1
       296        250          0          1
       297        193          1          1
       298        365          0          1
       299        163          1          1
       300          9          0          1
       301         27          1          1
       302        349          0          1
       303        199          1          1
       304        151          0          1
       305        215          1          1
       306        333          0          1
       307        142          0          1
       308         73          0          1
       309        309          1          1
       310        217          0          1
       311        195          1          1
       312         21          0          1
       313        293          1          1
       314         12          0          1
       315         33          1          1
       316        285          0          1
       317        123          0          1
       318         97          1          1
       319         48          0          1
       320        249          0          1
       321        247          0          1
       322        274          1          1
       323         32          0          1
       324        211          1          1
       325         84          0          1
       326        269          0          1
       327        219          0          1
       328        298          0          1
       329        209          0          1
       330         22          0          1
       331        240          0          1
       332        190          1          1
       333        372          0          1
       334        376          1          1
       335         16          0          1
       336        308          0          1
       337         59          1          1
       338        122          0          1
       339        189          0          1
       340         28          1          1
       341        246          0          1
       342        390          0          1
       343        305          1          1
       344        387          0          1
       345        275          0          1
       346        184          0          1
       347         81          0          1
       348        173          0          1
       349        299          0          1
       350        343          0          1
       351         93          0          1
       352        336          0          1
       353        353          1          1
       354        251          0          1
       355        394          1          1
       356         34          0          1
       357        182          0          1
       358          1          0          1
       359        331          1          1
       360        314          0          1
       361        338          0          1
       362          5          1          1
       363        172          0          1
       364        233          0          1
       365        339          1          1
       366         53          0          1
       367        290          1          1
       368        392          0          1
       369        128          0          1
       370        120          0          1
       371         64          0          1
       372         46          0          1
       373         49          0          1
       374        335          1          1
       375        149          0          1
       376         69          1          1
       377         57          0          1
       378        187          1          1
       379         24          0          1
       380         31          1          1
       381         15          0          1
       382        141          0          1
       383        144          0          1
       384        241          1          1
       385        386          0          1
       386        281          0          1
       387        327          0          1
       388         50          1          1
       389          6          0          1
       390        283          0          1
       391        358          1          1
       392        235          0          1
       393        364          1          1
       394         58          0          1
       395         38          1          1
       396        359          0          1
       397        115          1          1
       398        150          0          1
       399        220          0          1
       400        260          0          1
               32830
configuration                   20                95000         3.5230836202354201E+00         2.9800000000000000E+02         1.3877787807814457E-17
         1        329          1          1
         2        109          0          1
         3        145          0          1
         4        143          0          1
         5        345          0          1
         6        117          0          1
         7         97          0          1
         8          3          0          1
         9         86          0          1
        10        116          0          1
        11        218          0          1
        12        298          0          1
        13        107          0          1
        14        321          1          1
        15        398          0          1
        16        101          1          1
        17         58          0          1
        18        162          1          1
        19         65          0          1
        20        138          0          1
        21        369          0          1
        22        131          1          1
        23        294          0          1
        24        170          0          1
        25        112          0          1
        26        227          1          1
        27         25          0          1
        28        325          1          1
        29        395          0          1
        30        390          0          1
        31        114          0          1
        32         11          0          1
        33        199          1          1
        34        167          0          1
        35        330          1          1
        36        299          0          1
        37        290          0          1
        38        223          0          1
        39        104          1          1
        40         62          0          1
        41        174          0          1
        42        221          0          1
        43        234          1          1
        44         24          0          1
        45        257          0          1
        46        135          0          1
        47        384          1          1
        48        148          0          1
        49         12          0          1
        50        219          1          1
        51         90          0          1
        52        275          0          1
        53        225          0          1
        54        324          1          1
        55        250          0          1
        56         20          1          1
        57        168          0          1
        58        124          0          1
        59        187          0          1
        60        235          1          1
        61         54          0          1
        62        132          1          1
        63        196          0          1
        64         31          1          1
        65        269          0          1
        66        182          1          1
        67        195          0          1
        68        308          0          1
        69        266          0          1
        70        378          0          1
        71        387          0          1
        72        123          0          1
        73        264          1          1
        74         81          0          1
        75        140          0          1
        76        379          0          1
        77        173          0          1
        78        172          0          1
        79        149          1          1
        80        166          0          1
        81        183          0          1
        82        176          0          1
        83        229          0          1
        84        230          0          1
        85        331          1          1
        86         75          0          1
        87         74          0          1
        88        247          1          1
        89        255          0          1
        90        150          0          1
        91        214          0          1
        92         15          0          1
        93        263          0          1
        94        370          1          1
        95         13          0          1
        96        237          1          1
        97        111          0          1
        98         53          1          1
        99        206          0          1
       100        288          0          1
       101         76          0          1
       102         51          1          1
       103        284          0          1
       104        161          1          1
       105        278          0          1
       106        244          1          1
       107        249          0          1
       108        316          0          1
       109        381          0          1
       110        267          1          1
       111        389          0          1
       112        134          0          1
       113        317          1          1
       114         28          0          1
       115        189          1          1
       116        322          0          1
       117        164          0          1
       118        217          0          1
       119        115          1          1
       120        175          0          1
       121        343          1          1
       122        158          0          1
       123        361          1          1
       124        102          0          1
       125          6          1          1
       126        377          0          1
       127        141          1          1
       128        289          0          1
       129        359          0          1
       130        311          0          1
       131        240          0          1
       132         89          1          1
       133        203          0          1
       134        363          1          1
       135         85          0          1
       136         87          1          1
       137        106          0          1
       138        297          0          1
       139        207          0          1
       140        198          0          1
       141         37          0          1
       142        233          0          1
       143        127          0          1
       144        344          1          1
       145         64          0          1
       146        121          1          1
       147         44          0          1
       148         68          0          1
       149        210          1          1
       150        129          0          1
       151        373          0          1
       152        341          0          1
       153        193          0          1
       154        342          0          1
       155         55          1          1
       156        194          0          1
       157        335          0          1
       158         96          1          1
       159        313          0          1
       160         36          1          1
       161        146          1          1
       162        108          0          1
       163        157          0          1
       164        364          0          1
       165        209          0          1
       166         42          0          1
       167        119          1          1
       168        380          0          1
       169        314          0          1
       170        177          1          1
       171        224          0          1
       172        358          0          1
       173         93          0          1
       174         30          1          1
       175         67          0          1
       176        400          0          1
       177        279          0          1
       178        178          0          1
       179        181          1          1
       180        396          0          1
       181        180          0          1
       182        156          1          1
       183        328          0          1
       184         47          0          1
       185        155          1          1
       186        367          0          1
       187         59          0          1
       188        252          0          1
       189        268          0          1
       190         38          0          1
       191        274          0          1
       192        191          0          1
       193         56          1          1
       194        368          0          1
       195          8          1          1
       196        122          0          1
       197        184          0          1
       198         18          1          1
       199        212          0          1
       200        226          1          1
       201         77          0          1
       202        251          0          1
       203        357          1          1
       204        105          0          1
       205        362          0          1
       206         94          0          1
       207        185          1          1
       208        276          0          1
       209         14          1          1
       210        197          0          1
       211         60          0          1
       212        153          0          1
       213        277          0          1
       214        371          1          1
       215         17          0          1
       216        305          0          1
       217        154          0          1
       218        360          0          1
       219        306          1          1
       220        179          0          1
       221         19          1          1
       222        347          0          1
       223        280          0          1
       224        287          0          1
       225         23          1          1
       226        399          0          1
       227        304          0          1
       228        228          1          1
       229        258          0          1
       230         10          0          1
       231          2          1          1
       232        201          0          1
       233        248          1          1
       234        351          0          1
       235          7          0          1
       236        391          0          1
       237        256          0          1
       238        118          1          1
       239        310          0          1
       240        220          0          1
       241        353          0          1
       242         48          0          1
       243        320          1          1
       244         84          0          1
       245        337          0          1
       246        265          1          1
       247        388          0          1
       248         50          0          1
       249        291          1          1
       250        139          0          1
       251         78          0          1
       252        260          1          1
       253        296          0          1
       254        292          1          1
       255        356          0          1
       256        261          0          1
       257         35          0          1
       258        355          0          1
       259        309          0          1
       260        338          0          1
       261        271          1          1
       262        204          0          1
       263         45          0          1
       264         83          1          1
       265        349          0          1
       266        352          0          1
       267        393          0          1
       268        385          0          1
       269        208          0          1
       270         72          0          1
       271        151          1          1
       272         33          0          1
       273        323          0          1
       274        128          0          1
       275        346          0          1
       276        332          1          1
       277        365          0          1
       278         61          0          1
       279          1          1          1
       280        125          0          1
       281          4          0          1
       282        302          0          1
       283        245          1          1
       284        211          0          1
       285        152          1          1
       286         79          0          1
       287        366          0          1
       288        103          0          1
       289        110          0          1
       290        285          1          1
       291        326          0          1
       292        241          1          1
       293         98          0          1
       294         22          0          1
       295         73          1          1
       296          5          0          1
       297        165          0          1
       298        163          0          1
       299         71          0          1
       300         95          1          1
       301        350          0          1
       302        333          1          1
       303        253          0          1
       304         16          0          1
       305        283          0          1
       306        144          1          1
       307        272          0          1
       308        142          1          1
       309        239          0          1
       310        319          0          1
       311        273          0          1
       312         21          0          1
       313        374          1          1
       314        159          0          1
       315         63          0          1
       316        126          1          1
       317        243          0          1
       318         39          1          1
       319        383          0          1
       320        348          0          1
       321         29          1          1
       322        295          0          1
       323        215          1          1
       324        160          0          1
       325        340          1          1
       326        375          0          1
       327        113          0          1
       328        231          0          1
       329          9          0          1
       330        315          0          1
       331        301          0          1
       332        205          1          1
       333        372          0          1
       334         80          0          1
       335         69          0          1
       336        236          0          1
       337         32          1          1
       338        392          0          1
       339        190          1          1
       340        386          0          1
       341        339          0          1
       342        254          0          1
       343         46          0          1
       344        238          1          1
       345        286          0          1
       346        171          0          1
       347        270          0          1
       348         88          0          1
       349         34          1          1
       350        307          0          1
       351        394          1          1
       352        336          0          1
       353        130          1          1
       354        213          0          1
       355        397          0          1
       356         43          1          1
       357        312          0          1
       358        334          1          1
       359        202          0          1
       360         99          1          1
       361        120          1          1
       362        100          0          1
       363        169          1          1
       364         66          0          1
       365        382          1          1
       366        216          0          1
       367        259          0          1
       368         92          1          1
       369        318          0          1
       370         91          0          1
       371         40          0          1
       372        136          1          1
       373         49          0          1
       374         82          0          1
       375        282          0          1
       376        186          0          1
       377        281          0          1
       378        200          0          1
       379        376          1          1
       380         27          0          1
       381        232          0          1
       382        192          0          1
       383         57          0          1
       384        303          0          1
       385        242          0          1
       386         26          1          1
       387        327          0          1
       388         41          0          1
       389        300          1          1
       390        246          0          1
       391         70          0          1
       392        262          0          1
       393        137          0          1
       394         52          0          1
       395        293          0          1
       396        354          0          1
       397        133          0          1
       398        222          0          1
       399        147          0          1
       400        188          1          1
               34684
