Gas_Species:          H2
Surface_Species:      H*
Simulation_Box:         
           5.5500000000000000E+001           0.0000000000000000E+000
           0.0000000000000000E+000           5.5500000000000000E+001
Site_Types:           StTp1
configuration                    1                    0         0.0000000000000000E+00         2.9800000000000000E+02         0.0000000000000000E+00
         1          1          0          1
         2          2          0          1
         3          3          0          1
         4          4          0          1
         5          5          0          1
         6          6          0          1
         7          7          0          1
         8          8          0          1
         9          9          0          1
        10         10          0          1
        11         11          0          1
        12         12          0          1
        13         13          0          1
        14         14          0          1
        15         15          0          1
        16         16          0          1
        17         17          0          1
        18         18          0          1
        19         19          0          1
        20         20          0          1
        21         21          0          1
        22         22          0          1
        23         23          0          1
        24         24          0          1
        25         25          0          1
        26         26          0          1
        27         27          0          1
        28         28          0          1
        29         29          0          1
        30         30          0          1
        31         31          0          1
        32         32          0          1
        33         33          0          1
        34         34          0          1
        35         35          0          1
        36         36          0          1
        37         37          0          1
        38         38          0          1
        39         39          0          1
        40         40          0          1
        41         41          0          1
        42         42          0          1
        43         43          0          1
        44         44          0          1
        45         45          0          1
        46         46          0          1
        47         47          0          1
        48         48          0          1
        49         49          0          1
        50         50          0          1
        51         51          0          1
        52         52          0          1
        53         53          0          1
        54         54          0          1
        55         55          0          1
        56         56          0          1
        57         57          0          1
        58         58          0          1
        59         59          0          1
        60         60          0          1
        61         61          0          1
        62         62          0          1
        63         63          0          1
        64         64          0          1
        65         65          0          1
        66         66          0          1
        67         67          0          1
        68         68          0          1
        69         69          0          1
        70         70          0          1
        71         71          0          1
        72         72          0          1
        73         73          0          1
        74         74          0          1
        75         75          0          1
        76         76          0          1
        77         77          0          1
        78         78          0          1
        79         79          0          1
        80         80          0          1
        81         81          0          1
        82         82          0          1
        83         83          0          1
        84         84          0          1
        85         85          0          1
        86         86          0          1
        87         87          0          1
        88         88          0          1
        89         89          0          1
        90         90          0          1
        91         91          0          1
        92         92          0          1
        93         93          0          1
        94         94          0          1
        95         95          0          1
        96         96          0          1
        97         97          0          1
        98         98          0          1
        99         99          0          1
       100        100          0          1
       101        101          0          1
       102        102          0          1
       103        103          0          1
       104        104          0          1
       105        105          0          1
       106        106          0          1
       107        107          0          1
       108        108          0          1
       109        109          0          1
       110        110          0          1
       111        111          0          1
       112        112          0          1
       113        113          0          1
       114        114          0          1
       115        115          0          1
       116        116          0          1
       117        117          0          1
       118        118          0          1
       119        119          0          1
       120        120          0          1
       121        121          0          1
       122        122          0          1
       123        123          0          1
       124        124          0          1
       125        125          0          1
       126        126          0          1
       127        127          0          1
       128        128          0          1
       129        129          0          1
       130        130          0          1
       131        131          0          1
       132        132          0          1
       133        133          0          1
       134        134          0          1
       135        135          0          1
       136        136          0          1
       137        137          0          1
       138        138          0          1
       139        139          0          1
       140        140          0          1
       141        141          0          1
       142        142          0          1
       143        143          0          1
       144        144          0          1
       145        145          0          1
       146        146          0          1
       147        147          0          1
       148        148          0          1
       149        149          0          1
       150        150          0          1
       151        151          0          1
       152        152          0          1
       153        153          0          1
       154        154          0          1
       155        155          0          1
       156        156          0          1
       157        157          0          1
       158        158          0          1
       159        159          0          1
       160        160          0          1
       161        161          0          1
       162        162          0          1
       163        163          0          1
       164        164          0          1
       165        165          0          1
       166        166          0          1
       167        167          0          1
       168        168          0          1
       169        169          0          1
       170        170          0          1
       171        171          0          1
       172        172          0          1
       173        173          0          1
       174        174          0          1
       175        175          0          1
       176        176          0          1
       177        177          0          1
       178        178          0          1
       179        179          0          1
       180        180          0          1
       181        181          0          1
       182        182          0          1
       183        183          0          1
       184        184          0          1
       185        185          0          1
       186        186          0          1
       187        187          0          1
       188        188          0          1
       189        189          0          1
       190        190          0          1
       191        191          0          1
       192        192          0          1
       193        193          0          1
       194        194          0          1
       195        195          0          1
       196        196          0          1
       197        197          0          1
       198        198          0          1
       199        199          0          1
       200        200          0          1
       201        201          0          1
       202        202          0          1
       203        203          0          1
       204        204          0          1
       205        205          0          1
       206        206          0          1
       207        207          0          1
       208        208          0          1
       209        209          0          1
       210        210          0          1
       211        211          0          1
       212        212          0          1
       213        213          0          1
       214        214          0          1
       215        215          0          1
       216        216          0          1
       217        217          0          1
       218        218          0          1
       219        219          0          1
       220        220          0          1
       221        221          0          1
       222        222          0          1
       223        223          0          1
       224        224          0          1
       225        225          0          1
       226        226          0          1
       227        227          0          1
       228        228          0          1
       229        229          0          1
       230        230          0          1
       231        231          0          1
       232        232          0          1
       233        233          0          1
       234        234          0          1
       235        235          0          1
       236        236          0          1
       237        237          0          1
       238        238          0          1
       239        239          0          1
       240        240          0          1
       241        241          0          1
       242        242          0          1
       243        243          0          1
       244        244          0          1
       245        245          0          1
       246        246          0          1
       247        247          0          1
       248        248          0          1
       249        249          0          1
       250        250          0          1
       251        251          0          1
       252        252          0          1
       253        253          0          1
       254        254          0          1
       255        255          0          1
       256        256          0          1
       257        257          0          1
       258        258          0          1
       259        259          0          1
       260        260          0          1
       261        261          0          1
       262        262          0          1
       263        263          0          1
       264        264          0          1
       265        265          0          1
       266        266          0          1
       267        267          0          1
       268        268          0          1
       269        269          0          1
       270        270          0          1
       271        271          0          1
       272        272          0          1
       273        273          0          1
       274        274          0          1
       275        275          0          1
       276        276          0          1
       277        277          0          1
       278        278          0          1
       279        279          0          1
       280        280          0          1
       281        281          0          1
       282        282          0          1
       283        283          0          1
       284        284          0          1
       285        285          0          1
       286        286          0          1
       287        287          0          1
       288        288          0          1
       289        289          0          1
       290        290          0          1
       291        291          0          1
       292        292          0          1
       293        293          0          1
       294        294          0          1
       295        295          0          1
       296        296          0          1
       297        297          0          1
       298        298          0          1
       299        299          0          1
       300        300          0          1
       301        301          0          1
       302        302          0          1
       303        303          0          1
       304        304          0          1
       305        305          0          1
       306        306          0          1
       307        307          0          1
       308        308          0          1
       309        309          0          1
       310        310          0          1
       311        311          0          1
       312        312          0          1
       313        313          0          1
       314        314          0          1
       315        315          0          1
       316        316          0          1
       317        317          0          1
       318        318          0          1
       319        319          0          1
       320        320          0          1
       321        321          0          1
       322        322          0          1
       323        323          0          1
       324        324          0          1
       325        325          0          1
       326        326          0          1
       327        327          0          1
       328        328          0          1
       329        329          0          1
       330        330          0          1
       331        331          0          1
       332        332          0          1
       333        333          0          1
       334        334          0          1
       335        335          0          1
       336        336          0          1
       337        337          0          1
       338        338          0          1
       339        339          0          1
       340        340          0          1
       341        341          0          1
       342        342          0          1
       343        343          0          1
       344        344          0          1
       345        345          0          1
       346        346          0          1
       347        347          0          1
       348        348          0          1
       349        349          0          1
       350        350          0          1
       351        351          0          1
       352        352          0          1
       353        353          0          1
       354        354          0          1
       355        355          0          1
       356        356          0          1
       357        357          0          1
       358        358          0          1
       359        359          0          1
       360        360          0          1
       361        361          0          1
       362        362          0          1
       363        363          0          1
       364        364          0          1
       365        365          0          1
       366        366          0          1
       367        367          0          1
       368        368          0          1
       369        369          0          1
       370        370          0          1
       371        371          0          1
       372        372          0          1
       373        373          0          1
       374        374          0          1
       375        375          0          1
       376        376          0          1
       377        377          0          1
       378        378          0          1
       379        379          0          1
       380        380          0          1
       381        381          0          1
       382        382          0          1
       383        383          0          1
       384        384          0          1
       385        385          0          1
       386        386          0          1
       387        387          0          1
       388        388          0          1
       389        389          0          1
       390        390          0          1
       391        391          0          1
       392        392          0          1
       393        393          0          1
       394        394          0          1
       395        395          0          1
       396        396          0          1
       397        397          0          1
       398        398          0          1
       399        399          0          1
       400        400          0          1
                   0
configuration                    2                 5000         4.8037315093601377E-03         2.9800000000000000E+02         1.3877787807814457E-17
         1        253          0          1
         2        240          0          1
         3        193          1          1
         4         37          0          1
         5        293          1          1
         6        247          0          1
         7        327          1          1
         8        254          0          1
         9        133          0          1
        10        281          1          1
        11        207          0          1
        12        235          1          1
        13        205          0          1
        14        258          0          1
        15        383          0          1
        16        109          0          1
        17         16          0          1
        18         15          1          1
        19        393          0          1
        20         92          1          1
        21        300          0          1
        22        311          1          1
        23        149          0          1
        24        257          0          1
        25        256          0          1
        26        153          1          1
        27        346          0          1
        28         20          1          1
        29        344          0          1
        30        329          0          1
        31        362          0          1
        32        296          0          1
        33        173          1          1
        34        230          0          1
        35        318          0          1
        36        358          0          1
        37        120          0          1
        38        188          0          1
        39        309          1          1
        40        332          0          1
        41         32          0          1
        42         42          0          1
        43        295          0          1
        44        110          0          1
        45        115          1          1
        46         23          0          1
        47        103          1          1
        48        182          0          1
        49        370          0          1
        50        273          0          1
        51        132          0          1
        52        286          1          1
        53         53          0          1
        54          5          1          1
        55         55          0          1
        56         56          1          1
        57         57          0          1
        58        210          1          1
        59        314          0          1
        60        335          0          1
        61        248          0          1
        62        208          0          1
        63         94          1          1
        64          2          0          1
        65         65          0          1
        66        251          1          1
        67          6          0          1
        68         60          1          1
        69        106          0          1
        70        154          0          1
        71         88          1          1
        72        177          0          1
        73        372          0          1
        74        186          0          1
        75        260          1          1
        76         47          0          1
        77         85          1          1
        78        392          0          1
        79        243          1          1
        80         46          0          1
        81        284          1          1
        82        259          0          1
        83        167          0          1
        84         84          0          1
        85         25          0          1
        86        105          0          1
        87        152          1          1
        88        128          0          1
        89        391          0          1
        90        228          0          1
        91         91          0          1
        92        386          1          1
        93        298          0          1
        94        292          1          1
        95        366          0          1
        96        270          0          1
        97        211          0          1
        98         74          1          1
        99        380          0          1
       100        357          0          1
       101        399          0          1
       102         64          1          1
       103        234          0          1
       104        320          1          1
       105        325          0          1
       106        246          1          1
       107        165          0          1
       108        239          1          1
       109        282          0          1
       110        252          0          1
       111         28          0          1
       112        112          0          1
       113        319          1          1
       114        114          0          1
       115        162          1          1
       116        375          0          1
       117        361          1          1
       118        233          0          1
       119        102          0          1
       120        301          0          1
       121        396          0          1
       122        122          0          1
       123        200          0          1
       124         71          0          1
       125        127          1          1
       126         97          0          1
       127         59          1          1
       128        338          0          1
       129        355          1          1
       130        297          0          1
       131        113          1          1
       132        138          0          1
       133        289          0          1
       134        317          1          1
       135         70          0          1
       136        217          1          1
       137        175          0          1
       138         21          1          1
       139        354          0          1
       140        262          1          1
       141         76          0          1
       142        126          0          1
       143        244          0          1
       144        121          0          1
       145        213          0          1
       146         43          1          1
       147        147          0          1
       148         48          1          1
       149        245          0          1
       150        223          1          1
       151        397          0          1
       152        330          1          1
       153        195          0          1
       154          4          0          1
       155        218          1          1
       156        241          0          1
       157        185          1          1
       158         36          0          1
       159        280          0          1
       160        137          0          1
       161        219          0          1
       162        331          1          1
       163        178          0          1
       164        130          1          1
       165        316          0          1
       166        308          0          1
       167        345          1          1
       168        363          0          1
       169         63          1          1
       170        136          0          1
       171        294          1          1
       172        368          0          1
       173          7          0          1
       174         93          0          1
       175         72          0          1
       176        184          1          1
       177        274          0          1
       178        394          1          1
       179        221          0          1
       180        352          1          1
       181        384          1          1
       182        398          0          1
       183        145          1          1
       184        169          0          1
       185        336          0          1
       186         35          1          1
       187        187          0          1
       188        343          1          1
       189        302          0          1
       190        163          1          1
       191        151          0          1
       192        131          1          1
       193        143          0          1
       194        179          0          1
       195        291          1          1
       196        236          0          1
       197         73          1          1
       198        202          0          1
       199        390          1          1
       200         30          0          1
       201        278          0          1
       202        389          1          1
       203        119          0          1
       204        155          1          1
       205        255          0          1
       206        209          0          1
       207        204          1          1
       208        150          0          1
       209         77          1          1
       210         69          0          1
       211        334          0          1
       212        212          0          1
       213        226          0          1
       214        269          0          1
       215        216          0          1
       216        171          1          1
       217        328          0          1
       218        373          0          1
       219        395          0          1
       220        157          1          1
       221         45          1          1
       222         31          0          1
       223        198          0          1
       224        272          0          1
       225        369          0          1
       226        378          1          1
       227         99          0          1
       228        166          1          1
       229        365          0          1
       230          9          1          1
       231        227          0          1
       232        351          1          1
       233         18          0          1
       234        339          0          1
       235        220          0          1
       236        288          0          1
       237        324          0          1
       238        146          0          1
       239        341          0          1
       240        108          0          1
       241         67          0          1
       242        315          0          1
       243        356          1          1
       244        117          0          1
       245        125          1          1
       246        116          0          1
       247        183          1          1
       248        349          0          1
       249        381          1          1
       250        215          0          1
       251        107          1          1
       252         24          0          1
       253        342          1          1
       254         12          0          1
       255        118          1          1
       256        266          0          1
       257         27          1          1
       258         82          0          1
       259         80          0          1
       260        268          1          1
       261        249          1          1
       262         51          0          1
       263         62          0          1
       264         49          1          1
       265         19          0          1
       266        144          1          1
       267        304          0          1
       268        174          0          1
       269         17          0          1
       270        196          0          1
       271        231          0          1
       272        160          0          1
       273        299          0          1
       274        271          1          1
       275          3          0          1
       276        261          1          1
       277        277          0          1
       278        197          0          1
       279        321          1          1
       280        229          0          1
       281        232          0          1
       282        142          1          1
       283        101          0          1
       284         14          0          1
       285        237          0          1
       286        285          0          1
       287        385          1          1
       288         52          0          1
       289        376          0          1
       290          1          0          1
       291        265          0          1
       292        333          0          1
       293        242          1          1
       294        135          0          1
       295        180          0          1
       296         81          0          1
       297        374          0          1
       298        322          0          1
       299        367          0          1
       300        279          0          1
       301         86          0          1
       302        214          0          1
       303        203          0          1
       304         44          1          1
       305        189          0          1
       306        310          1          1
       307        267          0          1
       308        313          1          1
       309        201          0          1
       310        129          1          1
       311         98          0          1
       312        156          1          1
       313        206          0          1
       314        159          1          1
       315        161          0          1
       316        337          0          1
       317        290          0          1
       318        181          1          1
       319        379          0          1
       320         40          1          1
       321         39          1          1
       322        382          0          1
       323        124          0          1
       324        388          0          1
       325        170          0          1
       326        326          0          1
       327         96          1          1
       328         68          0          1
       329        275          1          1
       330        191          0          1
       331         33          1          1
       332         38          0          1
       333        371          1          1
       334        303          0          1
       335        377          1          1
       336        340          0          1
       337        283          1          1
       338         66          0          1
       339        104          1          1
       340        164          0          1
       341         61          0          1
       342         54          0          1
       343        276          0          1
       344        264          0          1
       345         58          0          1
       346         10          1          1
       347        347          0          1
       348        172          0          1
       349        199          0          1
       350        123          1          1
       351         83          0          1
       352         34          0          1
       353        353          0          1
       354        134          1          1
       355        111          0          1
       356         78          1          1
       357        141          0          1
       358        140          0          1
       359        387          0          1
       360        168          1          1
       361        305          0          1
       362        312          0          1
       363        190          1          1
       364        364          0          1
       365         41          1          1
       366        307          0          1
       367         50          1          1
       368         26          0          1
       369         13          0          1
       370        194          0          1
       371        250          1          1
       372        139          0          1
       373        400          1          1
       374         89          0          1
       375        192          0          1
       376        360          0          1
       377        222          1          1
       378        224          0          1
       379         87          1          1
       380         79          0          1
       381         75          0          1
       382        148          1          1
       383          8          0          1
       384        158          1          1
       385        348          0          1
       386        100          1          1
       387         11          0          1
       388         90          0          1
       389         95          1          1
       390        350          0          1
       391        176          0          1
       392        306          0          1
       393        263          0          1
       394         22          1          1
       395        238          0          1
       396        359          0          1
       397        323          0          1
       398        287          0          1
       399         29          0          1
       400        225          0          1
                2435
configuration                    3                10000         9.7177097494734917E-03         2.9800000000000000E+02         1.0000000000000002E-01
         1        301          0          1
         2         14          1          1
         3        141          0          1
         4         54          1          1
         5        325          0          1
         6        330          0          1
         7        398          0          1
         8         41          1          1
         9        134          0          1
        10        273          0          1
        11        337          0          1
        12        251          0          1
        13        360          0          1
        14        111          1          1
        15         52          0          1
        16        364          0          1
        17        316          1          1
        18        143          0          1
        19        212          0          1
        20        119          1          1
        21        142          1          1
        22        271          0          1
        23        193          1          1
        24        282          0          1
        25        262          1          1
        26        263          0          1
        27        291          1          1
        28         33          0          1
        29        346          0          1
        30         43          0          1
        31        171          0          1
        32         28          0          1
        33        345          0          1
        34         92          0          1
        35        224          0          1
        36        164          1          1
        37        258          0          1
        38         21          1          1
        39        334          0          1
        40        129          0          1
        41        190          0          1
        42        153          1          1
        43        295          0          1
        44        108          1          1
        45         56          0          1
        46        208          1          1
        47         27          0          1
        48        180          0          1
        49        280          0          1
        50        304          0          1
        51        124          0          1
        52        232          1          1
        53        213          0          1
        54        194          0          1
        55         93          0          1
        56        122          0          1
        57        172          1          1
        58        236          0          1
        59        233          1          1
        60        127          0          1
        61        131          0          1
        62         42          0          1
        63        384          1          1
        64        123          0          1
        65         86          1          1
        66        310          0          1
        67        130          0          1
        68        317          0          1
        69         17          0          1
        70        145          0          1
        71        396          1          1
        72         51          0          1
        73        229          1          1
        74         84          0          1
        75        339          0          1
        76         95          0          1
        77          2          0          1
        78        244          1          1
        79        382          0          1
        80        272          0          1
        81        165          1          1
        82        265          0          1
        83        147          0          1
        84        158          0          1
        85        201          0          1
        86        354          1          1
        87         37          0          1
        88         67          0          1
        89        125          0          1
        90        264          1          1
        91         82          0          1
        92        160          1          1
        93        298          0          1
        94         29          0          1
        95        116          1          1
        96        356          0          1
        97        321          1          1
        98        392          0          1
        99        188          1          1
       100         53          0          1
       101        399          0          1
       102        269          0          1
       103        241          0          1
       104        287          0          1
       105        207          1          1
       106        289          0          1
       107        292          0          1
       108         63          0          1
       109        277          1          1
       110        358          0          1
       111        375          1          1
       112        183          0          1
       113        371          0          1
       114        349          1          1
       115         13          0          1
       116        210          1          1
       117        162          0          1
       118        101          0          1
       119        155          0          1
       120        242          1          1
       121        296          1          1
       122         60          0          1
       123        387          0          1
       124        163          1          1
       125        279          0          1
       126        320          0          1
       127        151          0          1
       128         96          0          1
       129        394          0          1
       130        324          1          1
       131        117          0          1
       132         34          0          1
       133         66          1          1
       134         73          0          1
       135         77          1          1
       136         45          0          1
       137        378          0          1
       138        159          1          1
       139        247          0          1
       140         72          0          1
       141        331          0          1
       142         19          1          1
       143         88          0          1
       144        168          0          1
       145        284          0          1
       146         80          0          1
       147        179          0          1
       148        187          1          1
       149        166          0          1
       150         50          0          1
       151        223          0          1
       152        400          1          1
       153        351          0          1
       154        132          0          1
       155        110          0          1
       156        126          1          1
       157        283          0          1
       158         36          0          1
       159        388          0          1
       160         74          1          1
       161         71          1          1
       162        252          0          1
       163        136          1          1
       164        202          0          1
       165        326          1          1
       166        109          0          1
       167         26          0          1
       168        338          0          1
       169        237          0          1
       170        204          0          1
       171        181          1          1
       172        311          0          1
       173         16          1          1
       174        107          0          1
       175        261          1          1
       176        235          0          1
       177        366          1          1
       178        100          0          1
       179        355          1          1
       180        386          0          1
       181        140          0          1
       182        395          1          1
       183         58          0          1
       184        118          1          1
       185        389          0          1
       186        370          1          1
       187        175          0          1
       188         85          1          1
       189        248          0          1
       190        361          1          1
       191          3          0          1
       192         94          1          1
       193        308          0          1
       194         61          0          1
       195        367          0          1
       196        294          1          1
       197        323          0          1
       198        138          1          1
       199        146          0          1
       200        256          1          1
       201         83          1          1
       202         23          0          1
       203        397          1          1
       204         64          0          1
       205         31          1          1
       206         15          0          1
       207        157          0          1
       208        150          0          1
       209        103          1          1
       210         69          0          1
       211        352          1          1
       212          7          0          1
       213          4          0          1
       214        243          1          1
       215        266          0          1
       216        332          0          1
       217        239          1          1
       218        270          0          1
       219         89          1          1
       220        192          0          1
       221        191          0          1
       222        314          1          1
       223         59          0          1
       224         76          1          1
       225         22          0          1
       226        373          0          1
       227         99          0          1
       228        198          1          1
       229        365          0          1
       230        350          1          1
       231        149          0          1
       232         90          1          1
       233         18          0          1
       234        385          1          1
       235        374          0          1
       236        240          1          1
       237        312          0          1
       238        359          1          1
       239          8          0          1
       240        199          1          1
       241        184          0          1
       242        115          0          1
       243         68          1          1
       244        306          0          1
       245        182          1          1
       246        209          0          1
       247        342          1          1
       248        195          0          1
       249        220          1          1
       250        215          0          1
       251        133          0          1
       252         24          0          1
       253          6          1          1
       254         12          0          1
       255        114          1          1
       256        230          0          1
       257         62          0          1
       258         49          0          1
       259        319          1          1
       260        250          0          1
       261        156          0          1
       262        300          1          1
       263        211          0          1
       264         47          1          1
       265        170          0          1
       266        383          1          1
       267        173          0          1
       268        275          0          1
       269        178          0          1
       270        276          1          1
       271        231          0          1
       272        253          0          1
       273        305          0          1
       274        249          1          1
       275         55          0          1
       276        357          1          1
       277        106          0          1
       278        348          0          1
       279         65          0          1
       280        299          1          1
       281        105          0          1
       282        302          0          1
       283        318          1          1
       284         25          0          1
       285        225          0          1
       286        245          0          1
       287         44          1          1
       288        379          0          1
       289        336          1          1
       290          1          0          1
       291        278          1          1
       292        333          0          1
       293         78          1          1
       294        135          0          1
       295        297          1          1
       296         81          0          1
       297         46          1          1
       298        322          0          1
       299        293          1          1
       300        137          0          1
       301        260          1          1
       302          9          0          1
       303         35          0          1
       304        246          0          1
       305        189          0          1
       306        285          1          1
       307         48          0          1
       308        372          1          1
       309         75          0          1
       310        197          1          1
       311         98          0          1
       312        362          1          1
       313        206          0          1
       314        152          1          1
       315        161          0          1
       316        121          0          1
       317        268          0          1
       318        221          0          1
       319         57          0          1
       320        344          0          1
       321        328          0          1
       322         30          1          1
       323        148          0          1
       324        218          1          1
       325        226          0          1
       326         32          0          1
       327        104          1          1
       328        329          0          1
       329        112          1          1
       330        167          0          1
       331        186          1          1
       332        390          0          1
       333        381          0          1
       334        303          0          1
       335        234          0          1
       336        340          0          1
       337        177          0          1
       338        380          1          1
       339        281          0          1
       340         11          0          1
       341        267          1          1
       342        286          0          1
       343        254          1          1
       344        313          0          1
       345        174          1          1
       346        274          0          1
       347        169          0          1
       348        369          0          1
       349        341          0          1
       350         20          1          1
       351        227          0          1
       352        368          0          1
       353        353          0          1
       354        309          1          1
       355        376          0          1
       356        139          0          1
       357        228          0          1
       358        315          0          1
       359        102          0          1
       360        217          0          1
       361         79          0          1
       362        257          1          1
       363        185          0          1
       364        347          1          1
       365        377          0          1
       366        214          1          1
       367        120          0          1
       368         38          1          1
       369        393          0          1
       370        259          0          1
       371        363          0          1
       372        196          0          1
       373         40          1          1
       374        205          0          1
       375          5          1          1
       376        238          0          1
       377        154          1          1
       378         70          0          1
       379         10          1          1
       380        176          0          1
       381        203          1          1
       382        391          0          1
       383         39          1          1
       384        222          0          1
       385        113          1          1
       386        216          0          1
       387         97          1          1
       388        343          0          1
       389        290          0          1
       390        255          1          1
       391        335          0          1
       392        307          1          1
       393        200          0          1
       394        128          0          1
       395        327          0          1
       396        144          1          1
       397         91          0          1
       398        288          1          1
       399         87          0          1
       400        219          0          1
                4930
configuration                    4                15000         1.4565419519504332E-02         2.9800000000000000E+02         1.3877787807814457E-17
         1        378          0          1
         2         45          0          1
         3        141          0          1
         4        368          0          1
         5         28          0          1
         6         44          0          1
         7        310          0          1
         8        332          0          1
         9        201          1          1
        10        342          0          1
        11        371          1          1
        12        212          0          1
        13        285          1          1
        14         50          0          1
        15        210          1          1
        16        356          0          1
        17         51          0          1
        18         81          1          1
        19        105          0          1
        20        341          1          1
        21        153          1          1
        22        307          0          1
        23        112          0          1
        24        111          1          1
        25        181          0          1
        26        353          0          1
        27        396          0          1
        28        148          1          1
        29        296          0          1
        30        247          1          1
        31         17          0          1
        32        117          1          1
        33         56          0          1
        34        271          1          1
        35        150          0          1
        36        350          0          1
        37        249          0          1
        38        130          0          1
        39        370          0          1
        40        288          0          1
        41         95          0          1
        42         35          1          1
        43        328          0          1
        44          3          0          1
        45         15          1          1
        46        388          0          1
        47        233          0          1
        48        339          0          1
        49        395          0          1
        50        163          0          1
        51        358          1          1
        52        237          0          1
        53        128          1          1
        54         43          0          1
        55        194          0          1
        56        162          0          1
        57         94          0          1
        58         32          0          1
        59        254          0          1
        60         22          0          1
        61        133          1          1
        62         91          0          1
        63        235          0          1
        64        203          1          1
        65        174          0          1
        66        123          0          1
        67        374          1          1
        68         86          0          1
        69        322          1          1
        70        113          0          1
        71        158          0          1
        72        268          0          1
        73         26          0          1
        74        146          0          1
        75        127          1          1
        76        241          0          1
        77        315          0          1
        78         57          0          1
        79        168          1          1
        80        372          0          1
        81        198          0          1
        82         62          0          1
        83        142          1          1
        84         54          0          1
        85        197          1          1
        86         11          0          1
        87        333          0          1
        88        110          1          1
        89        295          0          1
        90        222          1          1
        91        200          0          1
        92        382          1          1
        93        298          0          1
        94        272          0          1
        95        389          0          1
        96          7          1          1
        97         38          0          1
        98        118          1          1
        99         21          0          1
       100        199          0          1
       101        392          1          1
       102         77          0          1
       103        166          0          1
       104        156          0          1
       105         68          0          1
       106        360          1          1
       107        243          0          1
       108        253          0          1
       109        386          0          1
       110        260          0          1
       111        317          1          1
       112        337          0          1
       113         23          1          1
       114        125          0          1
       115        286          1          1
       116        121          0          1
       117        308          0          1
       118          4          0          1
       119        311          0          1
       120         72          0          1
       121        291          0          1
       122        359          1          1
       123        324          0          1
       124         97          1          1
       125          5          0          1
       126        103          0          1
       127         76          0          1
       128        139          1          1
       129        106          0          1
       130        152          1          1
       131        344          0          1
       132        316          1          1
       133        179          0          1
       134        305          1          1
       135         18          0          1
       136        213          1          1
       137        191          0          1
       138        160          0          1
       139        186          1          1
       140        387          0          1
       141        377          1          1
       142         10          0          1
       143        292          0          1
       144        137          0          1
       145        229          0          1
       146        129          1          1
       147        383          0          1
       148        321          0          1
       149        380          1          1
       150        278          0          1
       151        318          1          1
       152        330          0          1
       153        108          0          1
       154        219          0          1
       155        301          1          1
       156         96          0          1
       157         85          0          1
       158        205          1          1
       159        220          0          1
       160        184          0          1
       161        216          0          1
       162        240          1          1
       163        376          0          1
       164        326          0          1
       165        309          1          1
       166         92          0          1
       167        122          0          1
       168        276          0          1
       169        138          0          1
       170         52          1          1
       171        234          0          1
       172         60          1          1
       173        134          0          1
       174         73          1          1
       175         87          0          1
       176         82          1          1
       177         66          0          1
       178        302          0          1
       179        193          0          1
       180        140          1          1
       181        355          0          1
       182        223          0          1
       183         24          1          1
       184        177          0          1
       185        136          0          1
       186         88          1          1
       187         67          0          1
       188        169          1          1
       189         33          0          1
       190        274          0          1
       191        346          1          1
       192        280          0          1
       193        202          1          1
       194        304          0          1
       195        367          0          1
       196        188          0          1
       197        312          0          1
       198        144          1          1
       199        256          0          1
       200        239          0          1
       201        347          1          1
       202        313          0          1
       203        244          0          1
       204         64          0          1
       205         58          1          1
       206        351          0          1
       207        214          1          1
       208         37          0          1
       209        329          1          1
       210         69          0          1
       211         30          0          1
       212        270          1          1
       213        208          0          1
       214        294          0          1
       215        366          0          1
       216         70          0          1
       217        273          1          1
       218        190          0          1
       219         80          1          1
       220        157          0          1
       221        183          0          1
       222        102          1          1
       223         59          0          1
       224        293          1          1
       225        393          0          1
       226        398          1          1
       227         99          0          1
       228        400          0          1
       229        365          0          1
       230         16          1          1
       231        279          0          1
       232        266          0          1
       233          6          0          1
       234        226          1          1
       235        267          0          1
       236        246          1          1
       237        242          0          1
       238        373          1          1
       239        320          0          1
       240         42          1          1
       241        207          1          1
       242        391          0          1
       243        252          1          1
       244        306          0          1
       245        171          1          1
       246        209          0          1
       247        115          1          1
       248        154          0          1
       249        170          1          1
       250        215          0          1
       251        204          0          1
       252         20          1          1
       253        145          0          1
       254        228          0          1
       255        185          1          1
       256         36          0          1
       257        232          1          1
       258         49          0          1
       259         19          1          1
       260        176          0          1
       261        189          0          1
       262        340          0          1
       263        364          0          1
       264         89          1          1
       265        248          0          1
       266        231          1          1
       267        173          0          1
       268         78          0          1
       269        178          0          1
       270         12          1          1
       271        224          0          1
       272        109          0          1
       273        385          1          1
       274         29          0          1
       275        281          0          1
       276         14          1          1
       277        277          0          1
       278        147          0          1
       279        299          0          1
       280        104          1          1
       281        135          1          1
       282         93          0          1
       283        336          1          1
       284        314          0          1
       285        290          1          1
       286        245          0          1
       287        361          0          1
       288        379          0          1
       289        187          1          1
       290          1          0          1
       291        192          1          1
       292        352          0          1
       293        338          0          1
       294        331          0          1
       295        149          0          1
       296        275          0          1
       297        175          0          1
       298        397          1          1
       299         39          0          1
       300        218          0          1
       301        264          0          1
       302        265          1          1
       303        363          0          1
       304        282          1          1
       305         47          0          1
       306        164          1          1
       307         74          0          1
       308         46          1          1
       309         75          0          1
       310        357          0          1
       311        217          0          1
       312         79          0          1
       313        206          0          1
       314         53          0          1
       315        349          1          1
       316        287          0          1
       317        325          1          1
       318        263          0          1
       319        100          1          1
       320        238          0          1
       321        126          1          1
       322        399          0          1
       323        283          1          1
       324        258          0          1
       325        132          1          1
       326        114          0          1
       327         65          1          1
       328         13          0          1
       329        101          1          1
       330        167          0          1
       331        300          1          1
       332        390          0          1
       333         40          1          1
       334        303          0          1
       335         34          0          1
       336         27          1          1
       337          8          0          1
       338        161          1          1
       339        354          0          1
       340        381          0          1
       341        180          0          1
       342        369          0          1
       343        211          0          1
       344        319          1          1
       345        143          0          1
       346        345          1          1
       347         48          0          1
       348        131          1          1
       349        159          0          1
       350        107          1          1
       351        227          0          1
       352         83          0          1
       353        269          0          1
       354        172          1          1
       355        262          0          1
       356          9          0          1
       357        289          0          1
       358         25          0          1
       359        250          1          1
       360        120          0          1
       361        323          0          1
       362         98          1          1
       363        297          0          1
       364        230          0          1
       365         84          1          1
       366        334          0          1
       367        155          0          1
       368        225          0          1
       369        116          1          1
       370        259          0          1
       371        255          0          1
       372        196          0          1
       373        195          1          1
       374        221          0          1
       375        236          0          1
       376         71          1          1
       377        182          0          1
       378        375          1          1
       379         90          0          1
       380        165          1          1
       381        394          1          1
       382        261          0          1
       383        251          1          1
       384        284          0          1
       385          2          0          1
       386         55          0          1
       387        348          1          1
       388         41          0          1
       389        343          0          1
       390        257          1          1
       391        335          0          1
       392         31          1          1
       393        124          0          1
       394         63          1          1
       395        151          0          1
       396        362          0          1
       397        119          1          1
       398         61          0          1
       399        384          1          1
       400        327          0          1
                7430
configuration                    5                20000         1.9548058475985071E-02         2.9800000000000000E+02         1.0000000000000002E-01
         1        111          1          1
         2        156          0          1
         3        190          1          1
         4        236          0          1
         5        339          0          1
         6         44          0          1
         7        298          1          1
         8        332          0          1
         9         79          1          1
        10        329          0          1
        11        203          1          1
        12         81          0          1
        13        221          0          1
        14        255          0          1
        15         27          1          1
        16        180          0          1
        17        238          1          1
        18        317          0          1
        19         78          1          1
        20        162          0          1
        21         33          0          1
        22        369          1          1
        23        279          0          1
        24         23          1          1
        25        124          0          1
        26        214          1          1
        27        396          0          1
        28         17          1          1
        29        363          0          1
        30        316          1          1
        31        192          0          1
        32        103          1          1
        33        197          0          1
        34         45          1          1
        35        207          0          1
        36        390          0          1
        37        377          0          1
        38        323          1          1
        39        358          0          1
        40        258          1          1
        41         29          1          1
        42        173          0          1
        43         47          1          1
        44        284          0          1
        45        176          0          1
        46        242          0          1
        47        370          0          1
        48        234          0          1
        49        140          1          1
        50        268          0          1
        51        233          0          1
        52        310          0          1
        53        272          0          1
        54        154          0          1
        55        335          1          1
        56        108          0          1
        57        250          1          1
        58        161          0          1
        59        309          1          1
        60        263          0          1
        61        150          0          1
        62        116          1          1
        63        100          0          1
        64        249          1          1
        65        169          0          1
        66        387          1          1
        67         32          0          1
        68        362          0          1
        69        312          0          1
        70        113          0          1
        71        253          1          1
        72        384          0          1
        73        191          1          1
        74        146          0          1
        75        265          0          1
        76        319          1          1
        77        232          0          1
        78        246          0          1
        79         10          0          1
        80        245          1          1
        81        286          1          1
        82        257          0          1
        83        228          0          1
        84        351          0          1
        85        291          1          1
        86         11          0          1
        87        256          0          1
        88        141          0          1
        89         30          0          1
        90          4          1          1
        91        200          0          1
        92        320          0          1
        93         46          0          1
        94        393          1          1
        95         51          0          1
        96        325          0          1
        97        223          1          1
        98         69          0          1
        99        288          0          1
       100        360          0          1
       101        385          0          1
       102        121          1          1
       103        366          0          1
       104        130          0          1
       105        292          0          1
       106          8          0          1
       107        347          0          1
       108         68          1          1
       109         53          0          1
       110        260          0          1
       111        337          1          1
       112        172          0          1
       113         95          1          1
       114        125          0          1
       115        171          0          1
       116        164          1          1
       117         90          0          1
       118        195          1          1
       119        311          0          1
       120         49          0          1
       121        155          0          1
       122        350          0          1
       123         40          1          1
       124        267          0          1
       125        306          1          1
       126        392          0          1
       127        157          0          1
       128        303          0          1
       129         58          0          1
       130         84          1          1
       131         76          0          1
       132         55          1          1
       133        270          0          1
       134         16          0          1
       135         18          0          1
       136        149          0          1
       137        277          1          1
       138        314          0          1
       139         80          1          1
       140        305          0          1
       141         63          0          1
       142        389          1          1
       143         71          0          1
       144        247          1          1
       145         83          0          1
       146        354          1          1
       147         20          0          1
       148        244          1          1
       149        274          0          1
       150        287          0          1
       151        226          0          1
       152        185          0          1
       153        139          0          1
       154        336          0          1
       155        280          0          1
       156        293          0          1
       157        104          0          1
       158        168          0          1
       159        243          0          1
       160        177          1          1
       161        208          0          1
       162        294          0          1
       163        241          1          1
       164        326          0          1
       165        123          1          1
       166         86          0          1
       167        296          1          1
       168        266          0          1
       169        122          1          1
       170        313          0          1
       171         88          0          1
       172        199          1          1
       173        398          0          1
       174        379          0          1
       175        371          1          1
       176        355          0          1
       177         65          0          1
       178         62          1          1
       179         25          0          1
       180        380          0          1
       181        301          0          1
       182        215          1          1
       183        147          0          1
       184        201          1          1
       185        136          0          1
       186        119          1          1
       187        184          0          1
       188        345          1          1
       189          9          0          1
       190         28          1          1
       191        327          0          1
       192        133          0          1
       193        105          0          1
       194        352          1          1
       195        174          0          1
       196        356          0          1
       197        289          0          1
       198         92          0          1
       199        107          1          1
       200        188          0          1
       201        281          1          1
       202        135          0          1
       203        251          1          1
       204         64          0          1
       205        160          0          1
       206         15          0          1
       207        346          0          1
       208        137          0          1
       209         26          1          1
       210        304          0          1
       211        400          0          1
       212        163          0          1
       213        348          1          1
       214          5          0          1
       215        235          1          1
       216         37          0          1
       217        212          0          1
       218        213          0          1
       219        340          0          1
       220         43          1          1
       221        183          0          1
       222        261          1          1
       223         59          0          1
       224        322          0          1
       225         52          1          1
       226         34          0          1
       227        321          0          1
       228        220          1          1
       229        383          0          1
       230         93          0          1
       231        378          0          1
       232        334          1          1
       233        120          0          1
       234         82          1          1
       235        179          0          1
       236        349          0          1
       237         96          0          1
       238         39          0          1
       239        331          0          1
       240        290          0          1
       241         85          0          1
       242        391          0          1
       243        131          0          1
       244        252          1          1
       245        132          0          1
       246        333          0          1
       247        165          1          1
       248        237          0          1
       249        248          1          1
       250        307          0          1
       251          3          1          1
       252        210          0          1
       253        373          0          1
       254         41          0          1
       255         36          1          1
       256        368          0          1
       257         24          1          1
       258        364          0          1
       259        344          1          1
       260         60          0          1
       261        375          0          1
       262          2          1          1
       263         66          0          1
       264        388          0          1
       265         57          0          1
       266          6          1          1
       267        102          0          1
       268         74          0          1
       269        178          0          1
       270        114          1          1
       271        224          0          1
       272        189          0          1
       273        282          0          1
       274         87          0          1
       275        129          0          1
       276         97          1          1
       277        374          0          1
       278         99          1          1
       279        299          0          1
       280         54          0          1
       281         89          1          1
       282         13          0          1
       283        231          0          1
       284        275          0          1
       285        158          0          1
       286        271          0          1
       287        254          1          1
       288        118          0          1
       289        152          1          1
       290          1          0          1
       291        148          0          1
       292        209          0          1
       293        170          1          1
       294        151          0          1
       295        127          1          1
       296         31          0          1
       297         38          1          1
       298        341          0          1
       299        386          0          1
       300        218          0          1
       301        264          0          1
       302        106          0          1
       303        144          1          1
       304        278          0          1
       305        365          0          1
       306        273          1          1
       307        186          0          1
       308         12          1          1
       309         75          0          1
       310        229          1          1
       311        217          0          1
       312         72          1          1
       313        206          0          1
       314        239          1          1
       315         21          0          1
       316        276          1          1
       317        194          0          1
       318        198          1          1
       319        142          0          1
       320        181          1          1
       321         98          1          1
       322        399          0          1
       323          7          0          1
       324        202          0          1
       325        302          1          1
       326        295          0          1
       327        367          1          1
       328        394          0          1
       329        372          1          1
       330        167          0          1
       331        109          1          1
       332         19          0          1
       333        359          0          1
       334        330          0          1
       335        397          1          1
       336        361          0          1
       337         14          1          1
       338        101          0          1
       339        324          1          1
       340        381          0          1
       341         91          0          1
       342        175          1          1
       343        300          0          1
       344        338          1          1
       345        222          0          1
       346         70          1          1
       347         48          0          1
       348        115          1          1
       349        159          0          1
       350        382          1          1
       351        227          0          1
       352         50          1          1
       353        112          0          1
       354        230          1          1
       355         73          0          1
       356        262          1          1
       357        110          0          1
       358        376          0          1
       359        182          0          1
       360         35          1          1
       361        204          1          1
       362        216          0          1
       363        318          1          1
       364         56          0          1
       365        240          1          1
       366        205          0          1
       367        145          1          1
       368        225          0          1
       369        269          0          1
       370        259          0          1
       371        353          1          1
       372        196          0          1
       373         77          1          1
       374        126          0          1
       375        308          1          1
       376        395          0          1
       377         61          1          1
       378        193          0          1
       379        134          1          1
       380        315          0          1
       381        328          0          1
       382         94          1          1
       383         22          0          1
       384        283          0          1
       385        143          0          1
       386        342          1          1
       387        128          0          1
       388        187          1          1
       389        343          0          1
       390         67          0          1
       391         42          0          1
       392        219          1          1
       393        297          0          1
       394        138          1          1
       395        166          0          1
       396        285          1          1
       397        117          0          1
       398        153          1          1
       399        357          0          1
       400        211          1          1
                9928
configuration                    6                25000         2.4661262084041714E-02         2.9800000000000000E+02         1.3877787807814457E-17
         1        167          1          1
         2        116          0          1
         3         73          1          1
         4         92          0          1
         5        173          1          1
         6        330          0          1
         7         70          0          1
         8        332          0          1
         9        118          1          1
        10        329          0          1
        11        196          1          1
        12        387          0          1
        13        211          1          1
        14         77          0          1
        15        235          0          1
        16        214          0          1
        17        161          1          1
        18        317          0          1
        19        102          1          1
        20         37          0          1
        21         33          0          1
        22         93          0          1
        23        287          0          1
        24        223          0          1
        25        124          0          1
        26         60          1          1
        27        396          0          1
        28        195          0          1
        29        155          0          1
        30        283          0          1
        31        111          0          1
        32          4          0          1
        33        197          0          1
        34         54          1          1
        35        207          0          1
        36        156          1          1
        37        377          0          1
        38        276          1          1
        39        131          0          1
        40         19          1          1
        41        221          1          1
        42        369          0          1
        43        188          1          1
        44        284          0          1
        45        347          1          1
        46         24          0          1
        47         99          0          1
        48        104          0          1
        49        192          0          1
        50        268          0          1
        51         17          0          1
        52        323          1          1
        53        238          0          1
        54        234          0          1
        55        320          1          1
        56        108          0          1
        57         95          1          1
        58        378          0          1
        59        307          1          1
        60        263          0          1
        61        138          0          1
        62         88          1          1
        63        100          0          1
        64        225          1          1
        65         11          0          1
        66        176          1          1
        67        181          0          1
        68        230          1          1
        69        241          0          1
        70        264          1          1
        71        257          0          1
        72        286          0          1
        73        277          1          1
        74        273          0          1
        75        133          0          1
        76        210          0          1
        77        186          0          1
        78        233          1          1
        79         10          0          1
        80        163          0          1
        81        394          1          1
        82         52          0          1
        83        115          1          1
        84        175          0          1
        85         25          0          1
        86        367          0          1
        87        107          1          1
        88        384          0          1
        89        355          1          1
        90        157          0          1
        91        365          0          1
        92        388          0          1
        93         34          0          1
        94        245          0          1
        95        170          0          1
        96        312          0          1
        97        145          1          1
        98         69          0          1
        99        231          1          1
       100        360          0          1
       101        349          0          1
       102         75          1          1
       103        366          0          1
       104         23          1          1
       105        224          0          1
       106        351          1          1
       107        169          0          1
       108        121          1          1
       109         53          0          1
       110         55          1          1
       111        376          0          1
       112         66          1          1
       113        270          0          1
       114        400          1          1
       115        326          0          1
       116        151          1          1
       117         38          0          1
       118        272          1          1
       119        311          0          1
       120        113          0          1
       121        236          0          1
       122        350          0          1
       123        290          1          1
       124         18          0          1
       125         81          1          1
       126        228          0          1
       127         62          1          1
       128        252          0          1
       129        297          1          1
       130        146          0          1
       131         21          1          1
       132        348          0          1
       133        125          0          1
       134        331          0          1
       135        324          1          1
       136        159          0          1
       137         44          1          1
       138        134          0          1
       139        275          1          1
       140        305          0          1
       141         63          0          1
       142        344          0          1
       143        336          0          1
       144        389          0          1
       145         50          0          1
       146        126          0          1
       147         20          0          1
       148        244          1          1
       149        179          0          1
       150        322          0          1
       151        208          0          1
       152        342          0          1
       153        357          1          1
       154         30          0          1
       155        139          0          1
       156        194          1          1
       157        390          0          1
       158        316          0          1
       159        178          0          1
       160        260          1          1
       161        392          1          1
       162        168          0          1
       163         68          0          1
       164         67          1          1
       165        370          0          1
       166         86          0          1
       167        160          1          1
       168        266          0          1
       169        385          0          1
       170        165          1          1
       171        397          0          1
       172        374          1          1
       173         82          0          1
       174        289          0          1
       175        313          1          1
       176         12          0          1
       177        219          1          1
       178         80          0          1
       179        309          0          1
       180        380          0          1
       181        337          0          1
       182         47          0          1
       183          8          0          1
       184         79          0          1
       185         27          0          1
       186        314          0          1
       187        184          0          1
       188        166          1          1
       189          9          0          1
       190        215          0          1
       191        269          1          1
       192        190          0          1
       193        373          0          1
       194        212          1          1
       195        261          0          1
       196         29          1          1
       197        296          0          1
       198         42          1          1
       199        393          0          1
       200        310          1          1
       201        147          1          1
       202         15          0          1
       203        203          0          1
       204         72          1          1
       205        259          0          1
       206        354          0          1
       207        338          0          1
       208        137          0          1
       209        386          1          1
       210        298          0          1
       211        141          0          1
       212        150          0          1
       213        149          0          1
       214         91          0          1
       215        206          0          1
       216        328          0          1
       217        132          1          1
       218          7          0          1
       219        148          1          1
       220        281          0          1
       221        122          0          1
       222        123          0          1
       223        254          0          1
       224         89          0          1
       225        135          1          1
       226        250          0          1
       227        364          0          1
       228        172          0          1
       229        240          0          1
       230         97          0          1
       231         84          1          1
       232         46          0          1
       233        301          1          1
       234        129          0          1
       235        199          0          1
       236        353          1          1
       237         96          0          1
       238        251          0          1
       239        293          0          1
       240         98          0          1
       241        106          0          1
       242        253          1          1
       243        356          0          1
       244        153          0          1
       245        213          0          1
       246        333          0          1
       247        379          1          1
       248        258          0          1
       249        158          0          1
       250        327          1          1
       251         32          0          1
       252         90          0          1
       253        383          0          1
       254        218          0          1
       255        256          1          1
       256        267          0          1
       257        217          1          1
       258        294          0          1
       259        189          0          1
       260        391          1          1
       261         39          0          1
       262         83          0          1
       263        144          0          1
       264         43          1          1
       265         57          0          1
       266        201          1          1
       267        346          0          1
       268         51          0          1
       269        361          1          1
       270         64          0          1
       271        120          1          1
       272        174          0          1
       273        177          0          1
       274        114          1          1
       275        358          0          1
       276        109          1          1
       277        183          0          1
       278        299          0          1
       279        209          1          1
       280        127          0          1
       281        265          0          1
       282          5          0          1
       283        198          1          1
       284        249          0          1
       285          6          1          1
       286        271          0          1
       287        152          0          1
       288         45          1          1
       289        229          0          1
       290        375          0          1
       291         74          0          1
       292        303          0          1
       293        232          0          1
       294         76          0          1
       295         59          1          1
       296         31          0          1
       297        334          0          1
       298        136          0          1
       299         87          0          1
       300        248          0          1
       301        371          0          1
       302        227          1          1
       303         78          0          1
       304         71          1          1
       305        191          0          1
       306        382          1          1
       307        171          0          1
       308        341          0          1
       309        226          0          1
       310        103          0          1
       311         36          0          1
       312        292          1          1
       313         40          0          1
       314         94          1          1
       315         49          0          1
       316        359          1          1
       317        262          0          1
       318        302          1          1
       319        142          0          1
       320         58          0          1
       321        363          1          1
       322        399          0          1
       323        274          0          1
       324        202          0          1
       325        237          1          1
       326        295          0          1
       327         28          1          1
       328        362          0          1
       329        255          0          1
       330        339          0          1
       331        130          0          1
       332         35          0          1
       333        398          1          1
       334        318          0          1
       335        315          1          1
       336        340          0          1
       337        345          1          1
       338        101          0          1
       339        180          0          1
       340        381          0          1
       341        278          0          1
       342        321          1          1
       343        300          0          1
       344        187          1          1
       345        222          0          1
       346         61          1          1
       347         48          0          1
       348         65          1          1
       349        304          0          1
       350        220          1          1
       351         85          0          1
       352         26          1          1
       353          3          0          1
       354        308          1          1
       355        247          0          1
       356        185          1          1
       357        288          0          1
       358        204          1          1
       359        182          0          1
       360        162          1          1
       361          1          1          1
       362        216          0          1
       363        325          1          1
       364         56          0          1
       365        119          0          1
       366        205          0          1
       367        280          1          1
       368        335          0          1
       369        282          1          1
       370        242          0          1
       371        243          0          1
       372          2          0          1
       373        291          1          1
       374        246          0          1
       375         16          1          1
       376        395          0          1
       377        154          1          1
       378        193          0          1
       379        285          1          1
       380        368          0          1
       381        164          0          1
       382         13          1          1
       383         22          0          1
       384        200          0          1
       385        143          0          1
       386        112          1          1
       387        128          0          1
       388        110          1          1
       389        343          0          1
       390        372          1          1
       391        105          0          1
       392         14          1          1
       393        352          0          1
       394        306          1          1
       395        140          0          1
       396        239          0          1
       397        117          0          1
       398         41          1          1
       399        319          0          1
       400        279          1          1
               12431
configuration                    7                30000         2.9549417518758080E-02         2.9800000000000000E+02         1.3877787807814457E-17
         1        297          0          1
         2        280          1          1
         3        259          0          1
         4         92          0          1
         5        371          1          1
         6        330          0          1
         7        386          0          1
         8        332          0          1
         9         96          0          1
        10        329          0          1
        11        148          1          1
        12        387          0          1
        13        380          1          1
        14         36          0          1
        15        391          1          1
        16        274          0          1
        17        178          0          1
        18        317          0          1
        19        383          1          1
        20        309          0          1
        21        350          0          1
        22        113          0          1
        23        358          1          1
        24        161          0          1
        25        336          0          1
        26        255          1          1
        27        396          0          1
        28        281          1          1
        29        129          0          1
        30         12          1          1
        31        111          0          1
        32        184          1          1
        33        197          0          1
        34        225          0          1
        35        207          0          1
        36        116          0          1
        37        377          0          1
        38        302          1          1
        39          3          0          1
        40        219          0          1
        41         79          0          1
        42        226          1          1
        43         87          0          1
        44        203          0          1
        45         38          1          1
        46         24          0          1
        47         41          0          1
        48        104          0          1
        49        321          0          1
        50        268          0          1
        51         57          0          1
        52         42          0          1
        53        115          1          1
        54         13          0          1
        55        177          1          1
        56        108          0          1
        57        294          1          1
        58        176          0          1
        59        351          0          1
        60        251          0          1
        61        300          0          1
        62         26          0          1
        63         66          0          1
        64        343          1          1
        65         11          0          1
        66        151          1          1
        67        112          0          1
        68        134          1          1
        69        204          0          1
        70        266          1          1
        71        229          0          1
        72        165          1          1
        73        270          0          1
        74         10          0          1
        75          6          0          1
        76        243          1          1
        77        390          0          1
        78        374          1          1
        79        290          0          1
        80         43          1          1
        81        389          1          1
        82        249          0          1
        83        360          1          1
        84        372          0          1
        85        365          1          1
        86        367          0          1
        87        156          0          1
        88        384          0          1
        89         32          0          1
        90        157          0          1
        91        319          0          1
        92         98          0          1
        93          7          1          1
        94         39          0          1
        95        182          1          1
        96        109          0          1
        97        263          1          1
        98        235          0          1
        99        338          0          1
       100         72          0          1
       101        388          0          1
       102        121          0          1
       103        212          0          1
       104         50          1          1
       105        224          0          1
       106        236          1          1
       107        169          0          1
       108        217          1          1
       109        324          0          1
       110        335          0          1
       111        322          1          1
       112         63          0          1
       113        312          0          1
       114        238          1          1
       115        340          0          1
       116          4          0          1
       117        342          0          1
       118        194          1          1
       119        314          0          1
       120        223          0          1
       121        143          0          1
       122         18          1          1
       123        363          0          1
       124        213          0          1
       125        303          1          1
       126        174          0          1
       127        307          1          1
       128        293          0          1
       129        220          0          1
       130        146          0          1
       131         25          0          1
       132        191          0          1
       133        122          1          1
       134        283          0          1
       135        288          0          1
       136        138          1          1
       137        103          0          1
       138          2          0          1
       139        210          0          1
       140        326          1          1
       141        400          1          1
       142         53          0          1
       143        120          1          1
       144        175          0          1
       145        214          0          1
       146        234          0          1
       147         20          0          1
       148         69          1          1
       149        355          0          1
       150         17          1          1
       151         83          0          1
       152        162          1          1
       153        359          0          1
       154        373          1          1
       155         14          0          1
       156        339          0          1
       157         78          1          1
       158        258          0          1
       159        295          1          1
       160        331          0          1
       161        347          0          1
       162        323          1          1
       163         71          0          1
       164        114          0          1
       165        308          1          1
       166         15          0          1
       167         61          0          1
       168        198          0          1
       169        250          1          1
       170        242          0          1
       171        375          1          1
       172         90          0          1
       173         60          1          1
       174         70          0          1
       175        311          1          1
       176        199          0          1
       177         46          0          1
       178          8          0          1
       179        379          0          1
       180        275          0          1
       181        299          0          1
       182        152          0          1
       183        285          0          1
       184         82          1          1
       185         27          0          1
       186        189          0          1
       187        232          1          1
       188        192          0          1
       189        276          0          1
       190        271          1          1
       191        394          0          1
       192        289          1          1
       193        273          0          1
       194         23          1          1
       195        261          0          1
       196        352          1          1
       197        296          0          1
       198        155          1          1
       199        110          0          1
       200         58          1          1
       201        208          1          1
       202        172          0          1
       203        327          1          1
       204         81          0          1
       205        211          1          1
       206         77          0          1
       207        325          0          1
       208        239          0          1
       209        247          1          1
       210        298          0          1
       211        310          0          1
       212        145          0          1
       213         84          1          1
       214        130          0          1
       215        128          1          1
       216        328          0          1
       217         65          1          1
       218        272          0          1
       219        139          1          1
       220        127          0          1
       221        160          0          1
       222        397          1          1
       223        193          0          1
       224        144          0          1
       225        135          0          1
       226        366          0          1
       227        291          0          1
       228        344          1          1
       229        240          0          1
       230        218          1          1
       231         75          0          1
       232         51          1          1
       233         73          0          1
       234        334          1          1
       235        362          0          1
       236        140          1          1
       237        252          0          1
       238        287          1          1
       239         47          0          1
       240         48          1          1
       241        316          1          1
       242         89          0          1
       243        147          1          1
       244        215          0          1
       245         55          0          1
       246        333          0          1
       247        119          1          1
       248         95          0          1
       249        206          1          1
       250         80          0          1
       251        269          1          1
       252        221          0          1
       253        132          0          1
       254        348          0          1
       255        292          0          1
       256        267          0          1
       257        131          1          1
       258        282          0          1
       259         45          1          1
       260        190          0          1
       261        248          0          1
       262        257          1          1
       263        245          0          1
       264         67          1          1
       265        378          0          1
       266        195          0          1
       267        170          0          1
       268        123          1          1
       269        253          0          1
       270         44          1          1
       271         97          0          1
       272        368          1          1
       273         16          0          1
       274         88          0          1
       275        133          1          1
       276         21          0          1
       277        183          0          1
       278        125          0          1
       279        180          0          1
       280        306          0          1
       281         28          0          1
       282        233          0          1
       283        231          1          1
       284        137          0          1
       285        196          1          1
       286         30          0          1
       287        392          1          1
       288        361          0          1
       289        126          0          1
       290        159          0          1
       291          9          1          1
       292        264          0          1
       293        163          0          1
       294         76          0          1
       295         74          0          1
       296         31          0          1
       297        107          1          1
       298        136          0          1
       299        124          0          1
       300         86          0          1
       301        357          0          1
       302        168          0          1
       303        256          0          1
       304         94          0          1
       305        260          0          1
       306        369          0          1
       307        171          0          1
       308        149          1          1
       309        277          0          1
       310        173          0          1
       311        227          0          1
       312         37          1          1
       313         40          0          1
       314         59          1          1
       315         29          0          1
       316        244          0          1
       317        262          0          1
       318        154          1          1
       319        142          0          1
       320         52          1          1
       321         99          1          1
       322        399          0          1
       323        237          1          1
       324         54          0          1
       325         19          1          1
       326        286          0          1
       327        370          1          1
       328        185          0          1
       329        398          1          1
       330        166          0          1
       331        385          1          1
       332         35          0          1
       333        345          1          1
       334        318          0          1
       335        304          1          1
       336        179          0          1
       337        150          1          1
       338        101          0          1
       339        246          1          1
       340        381          0          1
       341        200          0          1
       342          5          1          1
       343        106          0          1
       344        279          1          1
       345          1          0          1
       346        364          1          1
       347        356          0          1
       348        284          1          1
       349         33          0          1
       350        164          1          1
       351         85          0          1
       352        315          0          1
       353        230          0          1
       354        349          1          1
       355        181          0          1
       356        353          0          1
       357        209          0          1
       358        393          1          1
       359        313          0          1
       360        376          1          1
       361        186          0          1
       362        216          0          1
       363        346          0          1
       364        305          0          1
       365        118          1          1
       366        205          0          1
       367        102          1          1
       368        158          0          1
       369         91          1          1
       370        167          0          1
       371        153          0          1
       372        382          0          1
       373        354          1          1
       374        265          0          1
       375         68          1          1
       376        395          0          1
       377         34          1          1
       378         62          0          1
       379        188          1          1
       380        337          0          1
       381        100          1          1
       382         49          0          1
       383         22          0          1
       384        117          1          1
       385        222          0          1
       386        241          1          1
       387        202          0          1
       388        254          1          1
       389        228          0          1
       390        141          0          1
       391        105          0          1
       392        341          1          1
       393        301          0          1
       394         64          0          1
       395        278          0          1
       396        201          1          1
       397         56          0          1
       398        320          1          1
       399        187          0          1
       400         93          0          1
               14929
configuration                    8                35000         3.4631192464763524E-02         2.9800000000000000E+02         2.9999999999999999E-01
         1        221          1          1
         2        321          0          1
         3        113          1          1
         4        159          0          1
         5        195          0          1
         6        242          1          1
         7        396          0          1
         8        332          0          1
         9        232          1          1
        10        329          0          1
        11        331          1          1
        12        260          0          1
        13        227          0          1
        14         36          0          1
        15        313          1          1
        16        142          0          1
        17        335          0          1
        18        124          0          1
        19         71          1          1
        20        352          0          1
        21        100          0          1
        22         16          1          1
        23        194          0          1
        24          9          0          1
        25        265          0          1
        26        158          0          1
        27        371          0          1
        28        259          0          1
        29        129          0          1
        30        147          1          1
        31        268          0          1
        32         83          1          1
        33        163          0          1
        34         13          1          1
        35        131          0          1
        36        348          0          1
        37        377          0          1
        38        306          0          1
        39         43          0          1
        40        302          0          1
        41        184          0          1
        42        133          0          1
        43         52          1          1
        44        388          0          1
        45         61          0          1
        46        216          0          1
        47        223          0          1
        48         55          0          1
        49        370          1          1
        50        325          0          1
        51        393          1          1
        52         42          0          1
        53        275          1          1
        54         73          0          1
        55        117          0          1
        56        154          1          1
        57        160          0          1
        58        343          1          1
        59        211          0          1
        60        314          1          1
        61        281          0          1
        62        297          0          1
        63         37          0          1
        64        149          1          1
        65        381          0          1
        66        183          0          1
        67        111          0          1
        68         22          1          1
        69        204          0          1
        70        298          1          1
        71        229          0          1
        72        239          1          1
        73        303          0          1
        74         53          1          1
        75        300          0          1
        76         50          0          1
        77         39          0          1
        78        322          0          1
        79         96          1          1
        80         11          0          1
        81         64          0          1
        82        203          0          1
        83        224          0          1
        84        172          0          1
        85         75          0          1
        86        250          1          1
        87        278          0          1
        88         25          0          1
        89        238          0          1
        90        258          0          1
        91        367          1          1
        92         98          0          1
        93        102          1          1
        94        330          0          1
        95        312          1          1
        96        103          0          1
        97         54          1          1
        98        219          0          1
        99        324          0          1
       100        214          1          1
       101        137          0          1
       102        196          1          1
       103        256          0          1
       104        366          0          1
       105        286          1          1
       106         45          0          1
       107        169          0          1
       108        345          0          1
       109        134          0          1
       110        121          1          1
       111         58          0          1
       112        289          1          1
       113         34          0          1
       114         27          1          1
       115        340          0          1
       116        218          1          1
       117        350          0          1
       118        207          1          1
       119        126          0          1
       120        141          0          1
       121         68          1          1
       122        228          0          1
       123        379          0          1
       124         72          1          1
       125        307          0          1
       126        244          0          1
       127        116          1          1
       128         87          0          1
       129        261          1          1
       130        339          0          1
       131        347          0          1
       132        359          0          1
       133        246          1          1
       134        283          0          1
       135         24          1          1
       136        397          0          1
       137        175          0          1
       138        344          0          1
       139        138          0          1
       140        122          0          1
       141        323          0          1
       142         93          1          1
       143        230          0          1
       144        310          0          1
       145        205          1          1
       146        346          0          1
       147         20          0          1
       148        243          1          1
       149        311          0          1
       150         26          1          1
       151        299          0          1
       152         10          1          1
       153        376          0          1
       154         59          0          1
       155        153          0          1
       156        167          1          1
       157        327          0          1
       158        213          1          1
       159        148          0          1
       160        140          1          1
       161        193          1          1
       162        110          0          1
       163        201          0          1
       164        186          1          1
       165        389          0          1
       166        162          0          1
       167        337          0          1
       168        198          0          1
       169          1          1          1
       170        279          0          1
       171        107          1          1
       172         90          0          1
       173        206          1          1
       174         70          0          1
       175         30          1          1
       176         19          0          1
       177        115          0          1
       178          8          0          1
       179        295          0          1
       180         48          0          1
       181        254          0          1
       182        123          0          1
       183        245          1          1
       184        369          0          1
       185         46          0          1
       186        383          0          1
       187        358          0          1
       188         84          1          1
       189        276          0          1
       190        119          0          1
       191        294          0          1
       192         80          1          1
       193        349          0          1
       194        210          0          1
       195        296          0          1
       196        269          1          1
       197        390          0          1
       198        114          1          1
       199        151          0          1
       200        257          1          1
       201        188          0          1
       202        128          0          1
       203         51          0          1
       204        272          1          1
       205        392          0          1
       206        127          0          1
       207        248          0          1
       208        336          0          1
       209        271          1          1
       210        190          0          1
       211        152          0          1
       212        374          0          1
       213        101          1          1
       214        353          0          1
       215         31          1          1
       216         65          0          1
       217        130          1          1
       218        263          0          1
       219         67          1          1
       220        235          0          1
       221         14          0          1
       222          5          0          1
       223        372          1          1
       224        157          0          1
       225        146          1          1
       226        373          0          1
       227         95          1          1
       228        266          0          1
       229        368          0          1
       230        249          1          1
       231        234          0          1
       232        308          1          1
       233        212          0          1
       234        399          0          1
       235          3          0          1
       236         23          0          1
       237        287          0          1
       238        355          1          1
       239        400          1          1
       240        285          0          1
       241         99          1          1
       242        357          0          1
       243        139          0          1
       244        108          1          1
       245        319          0          1
       246         82          1          1
       247        177          0          1
       248        290          0          1
       249         33          1          1
       250        143          0          1
       251         92          0          1
       252         44          0          1
       253        191          1          1
       254         47          0          1
       255        156          1          1
       256        267          0          1
       257        237          1          1
       258        197          0          1
       259          4          1          1
       260         79          0          1
       261          7          0          1
       262         57          0          1
       263        277          1          1
       264         60          0          1
       265        125          0          1
       266        208          0          1
       267         94          0          1
       268        284          1          1
       269        380          0          1
       270        247          1          1
       271        387          0          1
       272         88          1          1
       273        236          0          1
       274        378          1          1
       275         41          0          1
       276        363          1          1
       277        291          0          1
       278        164          1          1
       279        315          0          1
       280        189          1          1
       281         38          0          1
       282         77          1          1
       283         78          0          1
       284        231          1          1
       285        222          0          1
       286        226          1          1
       287        105          0          1
       288        112          0          1
       289        270          1          1
       290         18          0          1
       291        150          0          1
       292        264          0          1
       293        174          1          1
       294        165          0          1
       295        360          1          1
       296        255          0          1
       297         63          0          1
       298        136          0          1
       299        282          1          1
       300        192          0          1
       301        273          0          1
       302         97          0          1
       303        168          1          1
       304         62          0          1
       305        280          1          1
       306        309          0          1
       307        316          0          1
       308        305          0          1
       309        384          0          1
       310        215          0          1
       311        225          0          1
       312        155          1          1
       313         40          0          1
       314         28          1          1
       315         29          0          1
       316        334          1          1
       317        262          0          1
       318        106          1          1
       319          6          0          1
       320        171          1          1
       321         89          0          1
       322        395          1          1
       323        361          0          1
       324        398          1          1
       325         21          0          1
       326        391          1          1
       327         81          0          1
       328        185          0          1
       329         12          1          1
       330        240          0          1
       331        220          1          1
       332         35          0          1
       333        362          1          1
       334        318          0          1
       335        202          1          1
       336        179          0          1
       337        176          1          1
       338        166          0          1
       339        341          1          1
       340         17          0          1
       341        364          1          1
       342        161          0          1
       343        181          1          1
       344        135          0          1
       345        180          1          1
       346        386          0          1
       347        385          1          1
       348        274          0          1
       349         32          0          1
       350        394          1          1
       351         85          0          1
       352        253          1          1
       353        118          0          1
       354        342          1          1
       355        365          0          1
       356        328          1          1
       357        209          0          1
       358        182          1          1
       359        145          0          1
       360        200          0          1
       361        317          0          1
       362         91          0          1
       363        217          0          1
       364        338          1          1
       365         66          0          1
       366        144          1          1
       367         86          0          1
       368        120          0          1
       369        104          1          1
       370        199          0          1
       371        320          0          1
       372        382          0          1
       373        351          1          1
       374        173          0          1
       375        109          1          1
       376         69          0          1
       377        333          1          1
       378        326          0          1
       379        233          1          1
       380        241          0          1
       381        288          0          1
       382         74          1          1
       383        178          0          1
       384         49          0          1
       385        170          1          1
       386        251          0          1
       387        356          0          1
       388        132          1          1
       389        293          0          1
       390         56          1          1
       391        375          0          1
       392         15          1          1
       393        301          0          1
       394        304          0          1
       395         76          0          1
       396          2          1          1
       397        354          0          1
       398        252          1          1
       399        187          0          1
       400        292          0          1
               17426
configuration                    9                40000         3.9577597242847783E-02         2.9800000000000000E+02         1.3877787807814457E-17
         1         49          1          1
         2         72          0          1
         3        176          1          1
         4        159          0          1
         5        131          1          1
         6        108          0          1
         7        244          1          1
         8        332          0          1
         9        169          0          1
        10         44          0          1
        11         30          1          1
        12        260          0          1
        13        369          1          1
        14         36          0          1
        15        149          1          1
        16         61          0          1
        17         86          1          1
        18         46          0          1
        19        150          1          1
        20         63          0          1
        21        100          0          1
        22        355          0          1
        23        194          0          1
        24          9          1          1
        25        265          0          1
        26        252          1          1
        27        394          0          1
        28          7          1          1
        29        116          0          1
        30        120          1          1
        31        268          0          1
        32        198          1          1
        33        185          0          1
        34        278          1          1
        35        282          0          1
        36        170          1          1
        37         20          0          1
        38        338          0          1
        39        219          0          1
        40         97          1          1
        41         56          1          1
        42         90          0          1
        43        141          1          1
        44         78          0          1
        45         47          1          1
        46         17          0          1
        47          5          0          1
        48        154          0          1
        49         88          0          1
        50        325          0          1
        51        143          1          1
        52         42          0          1
        53        327          1          1
        54         73          0          1
        55        115          1          1
        56        350          0          1
        57        389          1          1
        58        201          0          1
        59         64          1          1
        60        386          0          1
        61        385          0          1
        62        335          1          1
        63         37          0          1
        64        118          1          1
        65        155          0          1
        66         15          0          1
        67        346          0          1
        68        183          0          1
        69         95          1          1
        70        284          0          1
        71        229          0          1
        72          3          1          1
        73        303          0          1
        74        391          1          1
        75        222          0          1
        76        200          1          1
        77          2          0          1
        78        398          1          1
        79        348          0          1
        80        132          1          1
        81        139          1          1
        82        203          0          1
        83        371          1          1
        84          1          0          1
        85         99          1          1
        86        174          0          1
        87        205          1          1
        88        324          0          1
        89        227          0          1
        90        217          1          1
        91        291          0          1
        92        353          0          1
        93        220          1          1
        94        330          0          1
        95        190          1          1
        96        160          0          1
        97         14          1          1
        98        202          0          1
        99         12          0          1
       100         24          0          1
       101        151          0          1
       102        376          1          1
       103         59          0          1
       104        310          1          1
       105         51          0          1
       106        138          1          1
       107        342          0          1
       108         54          0          1
       109        372          1          1
       110        199          0          1
       111        224          1          1
       112        119          0          1
       113         34          0          1
       114         52          1          1
       115        340          0          1
       116        375          0          1
       117        306          0          1
       118         23          0          1
       119        362          0          1
       120         77          1          1
       121        238          1          1
       122        228          0          1
       123        196          1          1
       124        275          0          1
       125        334          0          1
       126        317          0          1
       127        344          0          1
       128        368          1          1
       129        166          0          1
       130        309          1          1
       131        279          0          1
       132        393          1          1
       133        370          0          1
       134        283          0          1
       135        210          1          1
       136        397          0          1
       137         55          1          1
       138        304          0          1
       139        271          1          1
       140        322          0          1
       141        323          0          1
       142         26          1          1
       143        129          0          1
       144        358          1          1
       145        359          0          1
       146         82          0          1
       147        381          1          1
       148        328          0          1
       149        378          1          1
       150        208          0          1
       151        383          1          1
       152        336          0          1
       153        111          0          1
       154        147          0          1
       155        153          0          1
       156         71          1          1
       157        207          0          1
       158        172          0          1
       159        148          0          1
       160         94          1          1
       161        299          0          1
       162         85          0          1
       163        216          1          1
       164        395          0          1
       165        316          0          1
       166        204          0          1
       167         38          0          1
       168         27          0          1
       169         91          0          1
       170        213          0          1
       171         13          0          1
       172         57          0          1
       173         80          0          1
       174        168          0          1
       175         70          0          1
       176         19          0          1
       177        230          1          1
       178          8          0          1
       179        167          0          1
       180        329          0          1
       181        254          0          1
       182        117          1          1
       183        215          0          1
       184        313          0          1
       185        214          0          1
       186        380          1          1
       187        290          0          1
       188        163          0          1
       189        104          1          1
       190        181          0          1
       191        245          0          1
       192        300          0          1
       193        347          1          1
       194        277          0          1
       195        206          0          1
       196        294          1          1
       197        285          0          1
       198        366          0          1
       199        379          0          1
       200        184          1          1
       201         16          0          1
       202        113          0          1
       203        296          0          1
       204        311          1          1
       205        123          0          1
       206        133          0          1
       207        356          0          1
       208        243          0          1
       209         65          0          1
       210        233          0          1
       211        337          0          1
       212        226          1          1
       213        175          0          1
       214        192          1          1
       215        103          0          1
       216        390          0          1
       217         87          1          1
       218        263          0          1
       219          4          0          1
       220        182          0          1
       221        364          0          1
       222        237          0          1
       223        124          1          1
       224        236          0          1
       225         39          1          1
       226        320          0          1
       227        377          1          1
       228        248          0          1
       229        274          0          1
       230        341          0          1
       231         22          0          1
       232        261          0          1
       233        269          1          1
       234        293          0          1
       235         48          0          1
       236        105          0          1
       237        287          0          1
       238        400          0          1
       239        107          0          1
       240        218          0          1
       241        177          1          1
       242         18          0          1
       243        122          0          1
       244        399          0          1
       245        249          0          1
       246        239          1          1
       247        373          0          1
       248        256          1          1
       249         92          0          1
       250         81          1          1
       251        360          0          1
       252        262          0          1
       253        388          0          1
       254        191          0          1
       255        221          0          1
       256        267          0          1
       257        331          1          1
       258        197          0          1
       259        135          1          1
       260         79          0          1
       261        363          0          1
       262        189          1          1
       263        134          0          1
       264        276          1          1
       265        162          0          1
       266         32          0          1
       267         84          0          1
       268         31          0          1
       269        289          0          1
       270        146          0          1
       271        387          0          1
       272        352          1          1
       273         58          0          1
       274        351          1          1
       275         41          0          1
       276         83          0          1
       277        235          0          1
       278        315          0          1
       279        158          0          1
       280        212          0          1
       281        136          1          1
       282        247          0          1
       283        112          0          1
       284        257          0          1
       285        101          1          1
       286        211          0          1
       287        250          1          1
       288        156          0          1
       289         74          0          1
       290         76          0          1
       291        188          1          1
       292        264          0          1
       293        180          0          1
       294        165          0          1
       295        339          1          1
       296        333          0          1
       297        319          1          1
       298        292          0          1
       299        152          1          1
       300        106          0          1
       301        297          0          1
       302        171          1          1
       303        253          0          1
       304         67          1          1
       305         43          0          1
       306        137          0          1
       307        142          0          1
       308        102          1          1
       309        384          0          1
       310        223          1          1
       311        225          0          1
       312        232          0          1
       313         40          0          1
       314         21          1          1
       315         29          0          1
       316        357          1          1
       317        193          0          1
       318        288          0          1
       319        157          0          1
       320        255          0          1
       321        127          1          1
       322        195          0          1
       323        280          1          1
       324        298          0          1
       325          6          1          1
       326         28          0          1
       327        242          1          1
       328        308          0          1
       329         33          1          1
       330        240          0          1
       331        161          1          1
       332         35          0          1
       333        231          1          1
       334        318          0          1
       335        209          1          1
       336        179          0          1
       337         60          1          1
       338        392          0          1
       339        286          1          1
       340         62          0          1
       341        295          0          1
       342         50          1          1
       343         75          0          1
       344        259          0          1
       345         45          0          1
       346        343          1          1
       347        186          0          1
       348        266          0          1
       349         96          0          1
       350        273          1          1
       351        144          0          1
       352        234          1          1
       353         89          0          1
       354        361          1          1
       355        365          0          1
       356        281          1          1
       357        251          0          1
       358        246          1          1
       359        145          0          1
       360        110          1          1
       361        396          1          1
       362         10          0          1
       363         11          1          1
       364        305          0          1
       365        314          1          1
       366        367          0          1
       367        130          1          1
       368        374          0          1
       369         53          1          1
       370        140          0          1
       371         68          1          1
       372        382          0          1
       373        125          1          1
       374        173          0          1
       375        109          1          1
       376         69          0          1
       377        307          0          1
       378        326          0          1
       379        302          1          1
       380        241          0          1
       381        272          0          1
       382        349          0          1
       383        178          0          1
       384        114          1          1
       385        345          0          1
       386        126          1          1
       387        258          0          1
       388        128          1          1
       389        121          0          1
       390        270          1          1
       391         93          0          1
       392        164          1          1
       393        301          0          1
       394         98          1          1
       395         25          0          1
       396        312          1          1
       397        354          0          1
       398        321          1          1
       399        187          0          1
       400         66          1          1
               19925
configuration                   10                45000         4.4433988852688913E-02         2.9800000000000000E+02         2.0000000000000001E-01
         1        286          0          1
         2        254          1          1
         3        239          0          1
         4        365          1          1
         5        178          0          1
         6        264          1          1
         7        252          0          1
         8        114          0          1
         9         31          0          1
        10        400          1          1
        11        258          0          1
        12        260          0          1
        13        195          1          1
        14        196          0          1
        15        344          1          1
        16         61          0          1
        17        390          1          1
        18         46          0          1
        19         90          0          1
        20          3          1          1
        21        101          1          1
        22         56          0          1
        23         74          0          1
        24        272          0          1
        25        138          1          1
        26         34          0          1
        27        313          1          1
        28        278          0          1
        29        281          1          1
        30        214          0          1
        31        124          0          1
        32        191          1          1
        33        185          0          1
        34        280          0          1
        35        126          0          1
        36         26          1          1
        37         20          0          1
        38         21          1          1
        39        219          0          1
        40        106          0          1
        41        269          0          1
        42        179          1          1
        43        339          0          1
        44        123          1          1
        45         94          0          1
        46        276          1          1
        47        122          0          1
        48         41          1          1
        49        134          0          1
        50        220          1          1
        51        283          0          1
        52        356          0          1
        53        305          1          1
        54         73          0          1
        55        265          1          1
        56         24          0          1
        57         91          1          1
        58        392          0          1
        59        277          1          1
        60         88          0          1
        61         35          0          1
        62         76          0          1
        63        285          1          1
        64         65          0          1
        65        176          1          1
        66        391          0          1
        67        197          1          1
        68        388          0          1
        69        147          1          1
        70         47          0          1
        71        165          0          1
        72        145          0          1
        73        237          0          1
        74        372          1          1
        75         71          0          1
        76         57          1          1
        77        133          0          1
        78        266          1          1
        79        206          0          1
        80        104          1          1
        81         48          0          1
        82        167          1          1
        83        316          0          1
        84        268          1          1
        85        334          0          1
        86        273          1          1
        87         22          0          1
        88        311          1          1
        89        394          0          1
        90        261          0          1
        91        249          1          1
        92        130          0          1
        93        300          1          1
        94        381          0          1
        95        105          1          1
        96        160          0          1
        97        247          1          1
        98        202          0          1
        99        233          1          1
       100         70          0          1
       101        217          1          1
       102         12          0          1
       103        295          0          1
       104        248          0          1
       105        171          0          1
       106        309          0          1
       107        168          1          1
       108         27          0          1
       109        143          0          1
       110        131          0          1
       111        155          0          1
       112        255          0          1
       113        345          0          1
       114        182          1          1
       115        359          0          1
       116        321          1          1
       117        306          0          1
       118        358          0          1
       119        362          0          1
       120        282          0          1
       121        289          0          1
       122        253          1          1
       123        183          0          1
       124        317          1          1
       125        125          0          1
       126        370          1          1
       127        368          0          1
       128        181          1          1
       129        207          0          1
       130        112          0          1
       131        279          0          1
       132        340          1          1
       133        159          0          1
       134        234          0          1
       135        129          1          1
       136        389          0          1
       137        378          1          1
       138        328          0          1
       139        205          0          1
       140        302          1          1
       141        337          1          1
       142        161          0          1
       143         32          1          1
       144        374          0          1
       145        216          1          1
       146        139          0          1
       147        180          1          1
       148        297          0          1
       149        335          1          1
       150        226          0          1
       151        292          0          1
       152        314          0          1
       153        164          0          1
       154         25          0          1
       155        177          0          1
       156        291          0          1
       157        141          0          1
       158        215          0          1
       159         63          1          1
       160        393          0          1
       161          6          0          1
       162        336          0          1
       163        169          0          1
       164        198          1          1
       165        208          0          1
       166        229          1          1
       167        342          0          1
       168         54          1          1
       169        331          0          1
       170         39          1          1
       171         78          0          1
       172        150          1          1
       173          7          0          1
       174        352          0          1
       175        310          0          1
       176        371          1          1
       177        172          0          1
       178        290          0          1
       179          9          0          1
       180        351          0          1
       181        296          0          1
       182        186          1          1
       183        369          0          1
       184         44          0          1
       185        199          0          1
       186        244          0          1
       187        245          0          1
       188        338          0          1
       189         37          1          1
       190        149          0          1
       191        343          0          1
       192        367          0          1
       193        110          0          1
       194        360          1          1
       195        118          0          1
       196        238          0          1
       197        194          1          1
       198         15          0          1
       199        158          0          1
       200        136          0          1
       201        284          1          1
       202         77          0          1
       203        224          0          1
       204        395          1          1
       205        324          0          1
       206        347          0          1
       207        115          0          1
       208        287          0          1
       209        271          0          1
       210        109          0          1
       211         92          0          1
       212         64          0          1
       213         38          1          1
       214         58          0          1
       215        329          1          1
       216        102          0          1
       217        396          0          1
       218         80          0          1
       219        257          1          1
       220        225          0          1
       221        108          0          1
       222        307          0          1
       223        354          0          1
       224        135          0          1
       225        116          1          1
       226        103          0          1
       227        251          1          1
       228        259          0          1
       229        398          0          1
       230        117          0          1
       231        346          1          1
       232         14          0          1
       233         50          0          1
       234        184          1          1
       235        213          0          1
       236         98          0          1
       237         68          1          1
       238         62          0          1
       239        146          0          1
       240          4          1          1
       241        221          0          1
       242         36          1          1
       243        330          0          1
       244        203          1          1
       245         84          0          1
       246        288          1          1
       247        373          0          1
       248        385          0          1
       249         59          1          1
       250        375          0          1
       251        132          0          1
       252        163          0          1
       253         17          1          1
       254        275          0          1
       255         30          0          1
       256         11          1          1
       257        267          0          1
       258        250          1          1
       259        173          0          1
       260         85          0          1
       261        363          1          1
       262        377          0          1
       263        320          1          1
       264        120          0          1
       265        241          0          1
       266         87          0          1
       267        223          0          1
       268         69          1          1
       269        128          0          1
       270        121          1          1
       271        348          0          1
       272         42          0          1
       273        327          0          1
       274         53          0          1
       275        380          1          1
       276          2          0          1
       277        162          1          1
       278        325          0          1
       279        211          0          1
       280        301          0          1
       281        232          0          1
       282         16          1          1
       283        119          0          1
       284        376          0          1
       285        319          0          1
       286         23          0          1
       287         10          1          1
       288        262          0          1
       289         52          0          1
       290         79          0          1
       291        350          1          1
       292        218          0          1
       293        315          0          1
       294         75          1          1
       295        304          0          1
       296        355          1          1
       297        152          0          1
       298        153          1          1
       299        100          0          1
       300        231          1          1
       301        189          0          1
       302         33          0          1
       303        242          0          1
       304        349          1          1
       305        192          0          1
       306         97          1          1
       307        137          0          1
       308        175          1          1
       309        235          0          1
       310        236          1          1
       311         72          0          1
       312         29          1          1
       313         40          0          1
       314        240          0          1
       315         18          0          1
       316        353          0          1
       317        312          1          1
       318         45          0          1
       319        142          1          1
       320        111          0          1
       321        188          0          1
       322        157          0          1
       323          8          0          1
       324        298          0          1
       325         81          0          1
       326         28          0          1
       327        228          1          1
       328        308          0          1
       329        154          0          1
       330        323          0          1
       331        127          1          1
       332          1          0          1
       333        293          1          1
       334         19          0          1
       335        364          1          1
       336        243          0          1
       337         82          0          1
       338        148          0          1
       339         67          0          1
       340        170          1          1
       341        227          0          1
       342         13          0          1
       343        332          1          1
       344        294          0          1
       345        204          1          1
       346        209          0          1
       347         55          0          1
       348        263          1          1
       349        399          0          1
       350          5          1          1
       351        144          0          1
       352        318          1          1
       353        366          0          1
       354         66          1          1
       355        200          0          1
       356        230          0          1
       357         43          1          1
       358        151          0          1
       359        190          1          1
       360        156          0          1
       361        193          1          1
       362         60          0          1
       363        341          0          1
       364        222          1          1
       365        174          0          1
       366        246          1          1
       367        113          0          1
       368        270          0          1
       369         95          1          1
       370        140          0          1
       371        210          1          1
       372        382          0          1
       373        256          1          1
       374        166          0          1
       375         99          0          1
       376         89          0          1
       377        333          0          1
       378        326          0          1
       379        201          0          1
       380        386          1          1
       381        107          0          1
       382        274          0          1
       383        322          0          1
       384        357          0          1
       385         96          1          1
       386        303          0          1
       387         83          0          1
       388         49          1          1
       389        383          0          1
       390        379          1          1
       391         93          0          1
       392        384          1          1
       393        387          0          1
       394        361          1          1
       395        212          0          1
       396         51          1          1
       397        299          0          1
       398         86          1          1
       399        187          0          1
       400        397          0          1
               22427
configuration                   11                50000         4.9395028629460332E-02         2.9800000000000000E+02         1.3877787807814457E-17
         1        286          0          1
         2        208          1          1
         3         98          0          1
         4         79          0          1
         5        306          0          1
         6        310          0          1
         7        252          0          1
         8         46          0          1
         9        187          0          1
        10         26          1          1
        11        336          0          1
        12        326          1          1
        13         15          0          1
        14        357          0          1
        15        240          0          1
        16         58          1          1
        17        120          0          1
        18        275          1          1
        19        300          0          1
        20        134          1          1
        21        355          1          1
        22        393          0          1
        23         72          1          1
        24         30          0          1
        25        140          1          1
        26         51          0          1
        27         54          0          1
        28        144          1          1
        29        195          0          1
        30        214          0          1
        31        296          0          1
        32          5          0          1
        33        130          1          1
        34         93          0          1
        35        289          1          1
        36        249          0          1
        37        400          1          1
        38        269          0          1
        39        382          1          1
        40        106          0          1
        41        227          0          1
        42         37          1          1
        43        339          0          1
        44         29          0          1
        45        153          0          1
        46        298          0          1
        47        122          0          1
        48        183          0          1
        49         88          0          1
        50        226          1          1
        51        211          0          1
        52        387          1          1
        53        169          0          1
        54         78          1          1
        55         66          0          1
        56        102          1          1
        57        319          0          1
        58         27          1          1
        59         92          0          1
        60        254          0          1
        61        389          1          1
        62        321          0          1
        63         50          1          1
        64         65          0          1
        65        342          0          1
        66         56          0          1
        67        118          1          1
        68        284          0          1
        69        304          1          1
        70        383          0          1
        71        324          1          1
        72         70          0          1
        73        142          0          1
        74         73          0          1
        75         34          1          1
        76        190          0          1
        77         22          1          1
        78          7          0          1
        79        139          0          1
        80        354          0          1
        81        370          0          1
        82        101          1          1
        83        316          0          1
        84         18          1          1
        85         61          0          1
        86         13          1          1
        87        312          0          1
        88        288          0          1
        89        264          0          1
        90          6          1          1
        91        115          0          1
        92        217          1          1
        93        390          0          1
        94        173          1          1
        95        265          0          1
        96         77          1          1
        97        255          0          1
        98        160          1          1
        99        203          0          1
       100        281          1          1
       101         86          1          1
       102        313          0          1
       103         23          1          1
       104        181          0          1
       105        170          1          1
       106        221          0          1
       107        333          1          1
       108        323          0          1
       109        347          1          1
       110         39          0          1
       111        164          1          1
       112         83          0          1
       113        262          1          1
       114        189          0          1
       115        334          1          1
       116        329          0          1
       117        351          1          1
       118        317          0          1
       119         85          0          1
       120        126          0          1
       121        359          0          1
       122        165          1          1
       123        258          0          1
       124        239          0          1
       125        100          0          1
       126        205          1          1
       127        236          0          1
       128        309          1          1
       129        207          0          1
       130        311          1          1
       131        341          0          1
       132         84          1          1
       133        111          0          1
       134         47          1          1
       135        163          0          1
       136        322          0          1
       137         95          0          1
       138        231          0          1
       139        154          1          1
       140        184          0          1
       141        392          0          1
       142        328          0          1
       143         55          1          1
       144        290          0          1
       145        175          0          1
       146         94          0          1
       147        215          1          1
       148        297          0          1
       149         81          1          1
       150        224          0          1
       151        219          1          1
       152         28          0          1
       153        391          1          1
       154        151          0          1
       155        110          1          1
       156        362          0          1
       157        137          0          1
       158        287          1          1
       159        344          0          1
       160        178          1          1
       161        253          1          1
       162         97          0          1
       163        141          0          1
       164        131          1          1
       165        318          0          1
       166        148          1          1
       167        232          0          1
       168        350          1          1
       169        150          0          1
       170        343          0          1
       171        320          0          1
       172        233          1          1
       173         41          0          1
       174        168          1          1
       175        257          0          1
       176         91          0          1
       177         12          0          1
       178        138          0          1
       179        202          1          1
       180        171          0          1
       181        259          0          1
       182        199          1          1
       183         35          0          1
       184        325          0          1
       185         33          1          1
       186        363          0          1
       187        294          0          1
       188        338          0          1
       189        256          1          1
       190        201          0          1
       191        373          1          1
       192        358          0          1
       193        305          0          1
       194        295          0          1
       195        372          1          1
       196        353          0          1
       197        188          1          1
       198        220          0          1
       199        314          0          1
       200          9          1          1
       201        366          1          1
       202          2          0          1
       203        385          0          1
       204        113          0          1
       205        198          0          1
       206        247          0          1
       207         87          0          1
       208        229          1          1
       209        271          0          1
       210         59          1          1
       211        179          0          1
       212        245          1          1
       213         14          0          1
       214        109          1          1
       215         63          0          1
       216        158          1          1
       217        293          0          1
       218        162          1          1
       219        396          0          1
       220        185          0          1
       221        146          0          1
       222         17          1          1
       223        398          0          1
       224        378          1          1
       225        399          0          1
       226        331          1          1
       227        123          0          1
       228        161          0          1
       229        365          1          1
       230        152          0          1
       231        381          1          1
       232        291          0          1
       233        384          1          1
       234        237          0          1
       235        248          1          1
       236        210          0          1
       237        369          1          1
       238        132          0          1
       239        218          1          1
       240         53          0          1
       241        279          0          1
       242        273          0          1
       243         89          1          1
       244        307          0          1
       245        267          0          1
       246         42          0          1
       247        277          1          1
       248         45          0          1
       249        103          0          1
       250        340          1          1
       251        107          0          1
       252        166          0          1
       253         96          0          1
       254        167          1          1
       255        371          0          1
       256        121          1          1
       257        263          0          1
       258        246          1          1
       259        379          0          1
       260         99          1          1
       261        191          1          1
       262        186          0          1
       263        301          0          1
       264          1          1          1
       265        375          0          1
       266        241          0          1
       267        223          0          1
       268         32          1          1
       269         57          0          1
       270        108          0          1
       271         19          0          1
       272         43          1          1
       273        235          0          1
       274         75          0          1
       275         90          0          1
       276         62          0          1
       277        397          1          1
       278        278          0          1
       279        261          1          1
       280        260          0          1
       281        327          0          1
       282        112          1          1
       283        282          0          1
       284        228          0          1
       285        194          1          1
       286        268          0          1
       287         21          1          1
       288         24          0          1
       289         40          1          1
       290        380          0          1
       291        251          1          1
       292        117          0          1
       293        276          1          1
       294        213          0          1
       295         74          0          1
       296        172          1          1
       297         64          0          1
       298         16          0          1
       299        243          0          1
       300        364          1          1
       301        209          1          1
       302        272          0          1
       303        376          0          1
       304        367          1          1
       305        159          0          1
       306         76          1          1
       307        200          0          1
       308        176          0          1
       309        193          0          1
       310          3          1          1
       311        360          0          1
       312        128          1          1
       313        156          0          1
       314        105          0          1
       315        143          1          1
       316        180          0          1
       317        127          0          1
       318        225          0          1
       319         80          1          1
       320        216          0          1
       321        196          0          1
       322        335          0          1
       323        104          1          1
       324        395          0          1
       325        212          1          1
       326        352          0          1
       327        292          0          1
       328        330          1          1
       329        149          0          1
       330         68          0          1
       331        242          0          1
       332        386          0          1
       333         69          0          1
       334        283          1          1
       335        266          0          1
       336        346          0          1
       337        374          1          1
       338         20          0          1
       339        377          0          1
       340        222          0          1
       341         44          1          1
       342         71          0          1
       343        308          0          1
       344         49          1          1
       345        337          0          1
       346        238          0          1
       347        280          1          1
       348          4          0          1
       349         48          1          1
       350        135          0          1
       351        394          1          1
       352         82          0          1
       353        136          0          1
       354        299          0          1
       355        250          1          1
       356         10          0          1
       357         38          0          1
       358        119          0          1
       359        116          1          1
       360        133          0          1
       361        114          0          1
       362         31          1          1
       363        368          0          1
       364         52          0          1
       365        174          0          1
       366        197          1          1
       367        388          0          1
       368        244          1          1
       369        147          0          1
       370        348          0          1
       371        332          0          1
       372        230          1          1
       373        356          0          1
       374         36          1          1
       375        361          0          1
       376        270          1          1
       377        274          0          1
       378        177          1          1
       379        285          0          1
       380         25          1          1
       381        145          1          1
       382         11          0          1
       383        206          1          1
       384        204          0          1
       385        234          0          1
       386        303          0          1
       387          8          1          1
       388        182          0          1
       389        192          0          1
       390         60          0          1
       391        345          1          1
       392        129          0          1
       393        157          1          1
       394         67          0          1
       395        302          1          1
       396        155          0          1
       397        125          1          1
       398        349          0          1
       399        124          1          1
       400        315          0          1
               24921
configuration                   12                55000         5.4275500326990758E-02         2.9800000000000000E+02         1.3877787807814457E-17
         1         24          0          1
         2        399          1          1
         3         98          0          1
         4        161          1          1
         5        270          0          1
         6        218          0          1
         7        166          1          1
         8        286          0          1
         9        227          0          1
        10        279          1          1
        11        336          0          1
        12         69          1          1
        13        308          0          1
        14        360          0          1
        15        382          0          1
        16        129          0          1
        17        245          1          1
        18        340          0          1
        19        354          1          1
        20        171          0          1
        21         52          1          1
        22         64          0          1
        23        147          1          1
        24         30          0          1
        25         57          1          1
        26         51          0          1
        27        393          0          1
        28         15          1          1
        29        144          0          1
        30        350          0          1
        31        355          0          1
        32          5          0          1
        33         36          1          1
        34         37          0          1
        35         53          0          1
        36        252          1          1
        37        260          0          1
        38        165          1          1
        39        254          0          1
        40        219          0          1
        41        282          0          1
        42        170          1          1
        43        339          0          1
        44        238          1          1
        45        334          0          1
        46        177          1          1
        47        395          0          1
        48         21          0          1
        49        383          1          1
        50        346          0          1
        51        211          0          1
        52        319          1          1
        53        169          0          1
        54         13          0          1
        55        394          0          1
        56        294          0          1
        57        392          0          1
        58        288          0          1
        59        306          0          1
        60         19          0          1
        61        157          0          1
        62        300          0          1
        63        112          1          1
        64         65          0          1
        65        104          1          1
        66         56          0          1
        67        118          0          1
        68        313          0          1
        69        210          0          1
        70        345          0          1
        71        291          0          1
        72         84          0          1
        73         46          1          1
        74         73          0          1
        75        239          1          1
        76        190          0          1
        77        100          1          1
        78        214          0          1
        79         81          1          1
        80        153          0          1
        81        235          0          1
        82        146          1          1
        83        216          0          1
        84        341          1          1
        85         61          0          1
        86         91          1          1
        87        312          0          1
        88        105          1          1
        89        264          0          1
        90         82          0          1
        91         92          0          1
        92         44          0          1
        93        156          0          1
        94        180          1          1
        95        265          0          1
        96        320          1          1
        97        255          0          1
        98        375          0          1
        99        287          0          1
       100        304          1          1
       101        278          1          1
       102        284          0          1
       103         93          1          1
       104        181          0          1
       105         55          1          1
       106        280          0          1
       107        215          0          1
       108         40          0          1
       109        352          1          1
       110         39          0          1
       111        101          1          1
       112         83          0          1
       113        230          1          1
       114        189          0          1
       115         78          0          1
       116        329          0          1
       117        332          0          1
       118        275          0          1
       119        119          1          1
       120        396          0          1
       121        184          0          1
       122        326          1          1
       123        344          0          1
       124        342          1          1
       125         22          0          1
       126        188          1          1
       127        376          0          1
       128        321          0          1
       129         43          0          1
       130         95          1          1
       131        159          0          1
       132        150          1          1
       133        111          0          1
       134         16          0          1
       135        163          0          1
       136        310          1          1
       137        228          0          1
       138        207          1          1
       139        388          0          1
       140        317          1          1
       141        121          1          1
       142        369          0          1
       143        391          1          1
       144        109          0          1
       145        289          1          1
       146        131          0          1
       147        220          0          1
       148        297          0          1
       149        359          1          1
       150        173          0          1
       151        244          1          1
       152        145          0          1
       153        285          1          1
       154        151          0          1
       155        141          1          1
       156        137          0          1
       157        397          1          1
       158        241          0          1
       159        318          1          1
       160        301          0          1
       161         74          0          1
       162        135          1          1
       163        120          0          1
       164        246          1          1
       165        380          0          1
       166        281          0          1
       167        232          0          1
       168        208          0          1
       169        314          0          1
       170        200          1          1
       171        229          0          1
       172        143          0          1
       173        343          0          1
       174        139          1          1
       175        257          0          1
       176         99          0          1
       177         79          0          1
       178        348          0          1
       179         70          0          1
       180        330          1          1
       181        315          0          1
       182        259          0          1
       183         35          0          1
       184        269          0          1
       185        202          0          1
       186        113          1          1
       187        185          0          1
       188        338          0          1
       189         12          1          1
       190        201          0          1
       191        195          0          1
       192        158          0          1
       193        331          1          1
       194        295          0          1
       195         68          1          1
       196        353          0          1
       197        358          1          1
       198        128          0          1
       199        240          1          1
       200        213          0          1
       201        127          0          1
       202        309          1          1
       203        311          0          1
       204        183          0          1
       205        249          1          1
       206        160          0          1
       207        217          0          1
       208        373          0          1
       209        271          0          1
       210        164          1          1
       211        179          0          1
       212        122          1          1
       213         14          0          1
       214        225          1          1
       215         63          0          1
       216        162          1          1
       217        293          0          1
       218        337          1          1
       219         87          0          1
       220         66          1          1
       221        226          1          1
       222        299          0          1
       223        140          0          1
       224        130          0          1
       225        268          0          1
       226        110          1          1
       227        134          0          1
       228        138          0          1
       229        242          1          1
       230        370          0          1
       231        386          1          1
       232         94          0          1
       233        172          0          1
       234        237          0          1
       235         76          1          1
       236         97          0          1
       237        253          0          1
       238        283          0          1
       239        372          1          1
       240         32          0          1
       241         45          0          1
       242        267          1          1
       243        276          0          1
       244         17          1          1
       245        193          0          1
       246        256          0          1
       247        187          0          1
       248        224          1          1
       249        103          0          1
       250        152          1          1
       251        107          0          1
       252        364          1          1
       253        203          0          1
       254        194          0          1
       255        125          0          1
       256        106          0          1
       257        272          1          1
       258        366          0          1
       259        167          0          1
       260        292          1          1
       261        347          1          1
       262        117          0          1
       263         49          0          1
       264        223          0          1
       265        367          1          1
       266         18          0          1
       267         88          0          1
       268         26          0          1
       269        363          1          1
       270        108          0          1
       271        182          1          1
       272        222          0          1
       273        176          1          1
       274         80          0          1
       275        351          1          1
       276        205          0          1
       277        323          0          1
       278        290          0          1
       279         47          1          1
       280         23          0          1
       281        356          0          1
       282        390          1          1
       283        148          0          1
       284          2          1          1
       285        233          0          1
       286        154          1          1
       287        250          0          1
       288        303          0          1
       289         71          0          1
       290          6          1          1
       291        175          0          1
       292          8          0          1
       293         41          0          1
       294        327          1          1
       295        398          0          1
       296        263          1          1
       297         62          0          1
       298         10          1          1
       299        384          0          1
       300        325          0          1
       301        192          1          1
       302        333          0          1
       303        357          0          1
       304         72          0          1
       305        199          1          1
       306        305          0          1
       307         86          1          1
       308        377          0          1
       309        302          1          1
       310         90          0          1
       311        298          1          1
       312         20          0          1
       313        197          1          1
       314         77          0          1
       315        387          1          1
       316         28          0          1
       317        368          1          1
       318        371          0          1
       319        115          1          1
       320        126          0          1
       321        335          0          1
       322        178          1          1
       323         96          0          1
       324        274          1          1
       325        277          0          1
       326        385          1          1
       327        248          0          1
       328          4          1          1
       329        149          0          1
       330        261          0          1
       331         48          0          1
       332        361          1          1
       333         25          0          1
       334         29          1          1
       335        362          0          1
       336        322          1          1
       337        191          0          1
       338          3          0          1
       339        365          0          1
       340        400          0          1
       341         33          0          1
       342        116          0          1
       343        221          1          1
       344        296          0          1
       345          1          1          1
       346         85          0          1
       347         42          1          1
       348        273          0          1
       349        349          0          1
       350         59          0          1
       351          7          1          1
       352        186          0          1
       353         58          0          1
       354        379          0          1
       355        102          0          1
       356        374          0          1
       357        212          0          1
       358        378          1          1
       359        381          0          1
       360        133          0          1
       361         34          0          1
       362        234          1          1
       363        236          0          1
       364         27          1          1
       365        174          0          1
       366         89          1          1
       367        155          0          1
       368         31          0          1
       369        389          1          1
       370        204          0          1
       371        132          0          1
       372        209          0          1
       373        114          1          1
       374        262          0          1
       375        251          0          1
       376        328          0          1
       377        258          0          1
       378        123          0          1
       379         54          1          1
       380        196          0          1
       381        124          1          1
       382         11          0          1
       383         38          1          1
       384         67          0          1
       385          9          0          1
       386         75          0          1
       387        247          0          1
       388        206          1          1
       389        324          0          1
       390         60          0          1
       391        168          1          1
       392        307          0          1
       393        231          0          1
       394        142          1          1
       395        198          0          1
       396         50          1          1
       397        266          0          1
       398        136          1          1
       399        316          0          1
       400        243          0          1
               27426
configuration                   13                60000         5.9113700087215872E-02         2.9800000000000000E+02         1.3877787807814457E-17
         1        190          0          1
         2        280          1          1
         3         21          0          1
         4         63          1          1
         5        372          0          1
         6        370          1          1
         7        166          0          1
         8         61          1          1
         9        227          0          1
        10        328          1          1
        11        336          0          1
        12         52          1          1
        13        273          0          1
        14        261          0          1
        15        354          1          1
        16        129          0          1
        17        311          1          1
        18        136          0          1
        19        236          0          1
        20        380          1          1
        21         25          1          1
        22        365          0          1
        23        274          1          1
        24        252          0          1
        25        182          1          1
        26         51          0          1
        27        306          1          1
        28        393          0          1
        29        377          1          1
        30        212          0          1
        31        230          1          1
        32        391          0          1
        33         11          0          1
        34        108          1          1
        35        347          0          1
        36         50          0          1
        37        150          0          1
        38        152          1          1
        39         91          0          1
        40        265          0          1
        41        148          0          1
        42        218          1          1
        43        339          0          1
        44         80          1          1
        45        334          0          1
        46        142          1          1
        47        215          0          1
        48        323          1          1
        49         38          0          1
        50        349          1          1
        51        272          0          1
        52        107          0          1
        53         42          1          1
        54        141          0          1
        55        139          0          1
        56        231          0          1
        57          2          1          1
        58        301          0          1
        59        381          0          1
        60        256          0          1
        61        216          1          1
        62        389          0          1
        63          1          0          1
        64         65          0          1
        65        366          1          1
        66        362          0          1
        67        260          1          1
        68        313          0          1
        69        382          1          1
        70        345          0          1
        71        203          1          1
        72        179          0          1
        73        324          0          1
        74        106          0          1
        75         22          1          1
        76        116          0          1
        77        122          0          1
        78        275          0          1
        79        293          1          1
        80         41          0          1
        81        289          0          1
        82         87          1          1
        83        119          0          1
        84        221          1          1
        85        331          0          1
        86        153          1          1
        87        398          0          1
        88        364          0          1
        89        264          0          1
        90        400          1          1
        91         92          0          1
        92         33          0          1
        93        156          0          1
        94        295          1          1
        95        234          0          1
        96         76          1          1
        97        255          0          1
        98          5          0          1
        99        263          0          1
       100        146          1          1
       101        294          0          1
       102        326          0          1
       103         16          0          1
       104        181          0          1
       105        249          0          1
       106        176          0          1
       107        209          1          1
       108         40          0          1
       109        205          0          1
       110        175          0          1
       111        149          1          1
       112         83          0          1
       113         26          1          1
       114        189          0          1
       115        329          1          1
       116         59          0          1
       117        307          1          1
       118        242          0          1
       119        195          0          1
       120         37          0          1
       121        134          0          1
       122        346          1          1
       123        202          0          1
       124        219          0          1
       125        352          0          1
       126        168          1          1
       127        376          0          1
       128        290          0          1
       129        279          0          1
       130        361          1          1
       131        159          0          1
       132        169          1          1
       133        111          0          1
       134         98          0          1
       135        163          0          1
       136        138          0          1
       137        228          0          1
       138        333          1          1
       139        286          0          1
       140        157          1          1
       141        383          0          1
       142        386          0          1
       143         69          1          1
       144        109          0          1
       145        302          1          1
       146        131          0          1
       147        222          1          1
       148        297          0          1
       149        180          0          1
       150        173          0          1
       151         24          1          1
       152         47          0          1
       153         30          0          1
       154        315          0          1
       155        140          1          1
       156        247          0          1
       157        340          1          1
       158        238          0          1
       159        300          1          1
       160         35          0          1
       161        165          0          1
       162        235          0          1
       163        124          0          1
       164        137          0          1
       165         55          0          1
       166        399          0          1
       167        232          0          1
       168        101          1          1
       169        243          0          1
       170        241          0          1
       171         71          0          1
       172        395          1          1
       173        239          0          1
       174        267          1          1
       175        257          0          1
       176         78          0          1
       177         79          0          1
       178        112          0          1
       179        384          0          1
       180         72          0          1
       181         75          0          1
       182        338          0          1
       183         84          1          1
       184        133          0          1
       185        299          1          1
       186        244          0          1
       187        359          1          1
       188        343          0          1
       189        268          0          1
       190          9          1          1
       191        184          0          1
       192         39          0          1
       193        207          0          1
       194         29          0          1
       195        200          1          1
       196        327          0          1
       197        174          0          1
       198         64          0          1
       199        186          0          1
       200        206          1          1
       201         10          1          1
       202        237          0          1
       203        103          0          1
       204        388          1          1
       205        210          0          1
       206        374          0          1
       207        379          0          1
       208         12          1          1
       209        310          0          1
       210        375          0          1
       211        128          1          1
       212        258          0          1
       213        322          0          1
       214        100          0          1
       215        282          0          1
       216        298          0          1
       217        385          0          1
       218        269          0          1
       219        358          1          1
       220        154          0          1
       221         62          0          1
       222         14          1          1
       223         68          0          1
       224        308          0          1
       225        296          1          1
       226         74          0          1
       227        348          1          1
       228        161          0          1
       229        132          1          1
       230        344          0          1
       231        351          0          1
       232        304          0          1
       233        120          0          1
       234        123          1          1
       235        270          0          1
       236        145          0          1
       237         44          0          1
       238        350          1          1
       239        287          0          1
       240        276          1          1
       241        246          1          1
       242        309          0          1
       243        259          0          1
       244          4          0          1
       245        193          0          1
       246         36          1          1
       247        192          0          1
       248         73          1          1
       249         66          0          1
       250        177          1          1
       251         53          0          1
       252        245          0          1
       253        197          1          1
       254        397          0          1
       255         27          1          1
       256        281          0          1
       257        178          0          1
       258        363          0          1
       259          3          1          1
       260        355          0          1
       261        170          0          1
       262        117          0          1
       263         32          0          1
       264        223          0          1
       265        262          1          1
       266        253          0          1
       267        171          1          1
       268         99          0          1
       269        188          1          1
       270         90          0          1
       271        151          0          1
       272        164          0          1
       273        314          0          1
       274        208          0          1
       275        285          0          1
       276        291          1          1
       277        318          0          1
       278          8          0          1
       279        378          0          1
       280        135          1          1
       281        356          0          1
       282        278          1          1
       283        342          0          1
       284        104          0          1
       285        233          0          1
       286        194          1          1
       287        250          0          1
       288         89          1          1
       289        143          0          1
       290        330          1          1
       291        229          0          1
       292        118          0          1
       293        196          1          1
       294        283          0          1
       295        213          1          1
       296        335          0          1
       297         88          0          1
       298         34          0          1
       299        126          0          1
       300        320          0          1
       301        292          1          1
       302        325          0          1
       303        319          0          1
       304         94          0          1
       305        198          1          1
       306        305          0          1
       307        373          0          1
       308         56          0          1
       309        316          1          1
       310        110          0          1
       311        102          1          1
       312         20          0          1
       313        187          0          1
       314         13          0          1
       315        162          0          1
       316        225          0          1
       317        360          0          1
       318         23          1          1
       319        114          0          1
       320        303          0          1
       321        172          0          1
       322        284          1          1
       323        317          0          1
       324        220          1          1
       325         49          0          1
       326        147          1          1
       327        248          0          1
       328        185          0          1
       329         95          0          1
       330         45          1          1
       331         15          0          1
       332         60          1          1
       333        394          0          1
       334        312          0          1
       335        341          0          1
       336        321          1          1
       337        115          0          1
       338        371          0          1
       339        387          0          1
       340        191          1          1
       341        105          1          1
       342        160          0          1
       343        254          1          1
       344         57          0          1
       345        204          1          1
       346         85          0          1
       347          7          1          1
       348        121          0          1
       349        201          1          1
       350        224          0          1
       351        130          1          1
       352         96          0          1
       353         54          1          1
       354         31          0          1
       355        167          1          1
       356         86          0          1
       357        369          1          1
       358         43          0          1
       359        113          1          1
       360        392          0          1
       361        357          0          1
       362        396          1          1
       363        211          0          1
       364        183          1          1
       365        251          0          1
       366        144          1          1
       367        155          0          1
       368         77          1          1
       369         46          0          1
       370        288          0          1
       371        390          0          1
       372        271          1          1
       373         48          0          1
       374         28          1          1
       375        368          0          1
       376        277          1          1
       377        332          0          1
       378        214          0          1
       379         17          0          1
       380         70          1          1
       381        127          1          1
       382         58          0          1
       383          6          1          1
       384        337          0          1
       385         67          0          1
       386         19          0          1
       387         82          1          1
       388        199          0          1
       389         93          1          1
       390        240          0          1
       391        353          1          1
       392         97          0          1
       393        367          1          1
       394         18          0          1
       395        226          0          1
       396         81          0          1
       397        266          0          1
       398        125          1          1
       399        158          0          1
       400        217          0          1
               29928
configuration                   14                65000         6.4142818896948881E-02         2.9800000000000000E+02         1.3877787807814457E-17
         1        190          0          1
         2        390          1          1
         3        258          0          1
         4        224          1          1
         5         14          0          1
         6        332          1          1
         7        326          0          1
         8        126          1          1
         9        298          0          1
        10        289          1          1
        11        195          0          1
        12        323          1          1
        13        292          0          1
        14        235          1          1
        15        371          0          1
        16         63          0          1
        17        377          0          1
        18         70          0          1
        19        141          0          1
        20        252          1          1
        21         33          0          1
        22        365          0          1
        23        262          0          1
        24        271          0          1
        25        237          1          1
        26        222          0          1
        27        314          1          1
        28        246          0          1
        29        315          1          1
        30        212          0          1
        31         87          1          1
        32        380          0          1
        33         97          1          1
        34         53          0          1
        35        216          1          1
        36         22          0          1
        37        334          1          1
        38        366          0          1
        39         21          0          1
        40        265          0          1
        41         88          0          1
        42         38          1          1
        43        339          0          1
        44        206          1          1
        45        353          0          1
        46        362          1          1
        47        348          0          1
        48        396          1          1
        49         93          0          1
        50        316          0          1
        51        272          0          1
        52        319          1          1
        53        383          0          1
        54        263          1          1
        55        139          0          1
        56        215          1          1
        57          9          0          1
        58        360          1          1
        59        301          0          1
        60        325          0          1
        61        194          1          1
        62        389          0          1
        63        196          1          1
        64         65          0          1
        65        174          1          1
        66         24          0          1
        67        293          0          1
        68        313          0          1
        69        266          0          1
        70        345          0          1
        71          7          1          1
        72        179          0          1
        73        381          1          1
        74        163          0          1
        75         23          1          1
        76        335          0          1
        77        244          0          1
        78        275          0          1
        79        257          1          1
        80         41          0          1
        81        102          0          1
        82        280          1          1
        83        278          0          1
        84        152          1          1
        85        296          0          1
        86        344          1          1
        87        169          0          1
        88        227          1          1
        89        264          0          1
        90         46          1          1
        91         92          0          1
        92        329          1          1
        93        156          0          1
        94        370          1          1
        95        368          0          1
        96        250          1          1
        97        255          0          1
        98        241          0          1
        99        132          0          1
       100        372          1          1
       101        146          1          1
       102        121          0          1
       103        236          1          1
       104        181          0          1
       105        347          1          1
       106        354          0          1
       107        388          1          1
       108         40          0          1
       109        183          1          1
       110        175          0          1
       111        103          0          1
       112         83          0          1
       113        395          0          1
       114          4          0          1
       115        119          1          1
       116        302          0          1
       117         54          1          1
       118        249          0          1
       119        287          1          1
       120         37          0          1
       121        349          0          1
       122        110          0          1
       123        202          0          1
       124         31          1          1
       125        363          0          1
       126        114          0          1
       127        376          0          1
       128        204          1          1
       129         29          0          1
       130         57          1          1
       131        159          0          1
       132        290          1          1
       133        111          0          1
       134        318          1          1
       135        295          0          1
       136        136          1          1
       137         39          0          1
       138        178          1          1
       139        191          0          1
       140        125          0          1
       141        382          0          1
       142         42          0          1
       143         75          1          1
       144         13          0          1
       145        113          1          1
       146        131          0          1
       147        233          1          1
       148        107          0          1
       149        149          1          1
       150        150          0          1
       151        400          1          1
       152        185          0          1
       153        367          1          1
       154        281          0          1
       155        225          1          1
       156         98          0          1
       157        279          1          1
       158        245          0          1
       159        321          1          1
       160        187          0          1
       161        165          0          1
       162        134          0          1
       163        307          0          1
       164        166          1          1
       165         55          0          1
       166        364          1          1
       167        232          0          1
       168        238          1          1
       169         25          0          1
       170        306          0          1
       171        122          0          1
       172        167          1          1
       173        239          0          1
       174        391          1          1
       175        123          0          1
       176         52          0          1
       177          3          0          1
       178        342          0          1
       179        274          0          1
       180         99          1          1
       181        397          0          1
       182         73          0          1
       183        160          0          1
       184        133          0          1
       185        351          1          1
       186         67          0          1
       187        267          1          1
       188        343          0          1
       189         82          1          1
       190        197          0          1
       191        384          0          1
       192        356          0          1
       193        105          1          1
       194         44          0          1
       195        361          1          1
       196        346          0          1
       197         26          0          1
       198        199          1          1
       199        269          0          1
       200        124          0          1
       201        259          0          1
       202        268          1          1
       203         79          0          1
       204        256          1          1
       205        210          0          1
       206        330          0          1
       207        379          0          1
       208        352          1          1
       209        310          0          1
       210        220          1          1
       211        138          0          1
       212          8          1          1
       213        308          0          1
       214        336          0          1
       215        128          0          1
       216        333          0          1
       217        374          1          1
       218        242          0          1
       219         32          0          1
       220        140          1          1
       221        157          0          1
       222         47          0          1
       223        369          1          1
       224         50          0          1
       225        214          1          1
       226         74          0          1
       227         18          0          1
       228        161          0          1
       229        173          1          1
       230        282          0          1
       231        398          1          1
       232        226          0          1
       233        137          0          1
       234        378          1          1
       235        350          0          1
       236        386          0          1
       237        223          0          1
       238        355          0          1
       239         45          1          1
       240        168          0          1
       241        172          1          1
       242        213          0          1
       243        331          0          1
       244        135          1          1
       245        143          0          1
       246        104          0          1
       247        192          0          1
       248        219          0          1
       249         66          0          1
       250         72          0          1
       251        387          0          1
       252        288          0          1
       253        229          1          1
       254        340          0          1
       255        186          0          1
       256          2          0          1
       257        284          1          1
       258        153          0          1
       259        283          0          1
       260         35          0          1
       261        208          0          1
       262         95          0          1
       263        176          0          1
       264        130          0          1
       265        324          0          1
       266        253          0          1
       267        385          0          1
       268        228          1          1
       269        393          0          1
       270        184          0          1
       271         36          0          1
       272        254          1          1
       273         80          0          1
       274        188          1          1
       275        158          0          1
       276        230          1          1
       277        303          0          1
       278         89          1          1
       279        142          0          1
       280         59          1          1
       281        115          1          1
       282        164          0          1
       283        341          0          1
       284         62          0          1
       285         96          1          1
       286         51          0          1
       287        100          0          1
       288        201          0          1
       289        193          0          1
       290        116          0          1
       291        234          1          1
       292        170          0          1
       293        322          1          1
       294        260          0          1
       295         10          1          1
       296        189          0          1
       297        118          1          1
       298        151          0          1
       299         85          1          1
       300        320          0          1
       301        198          0          1
       302        311          0          1
       303        261          0          1
       304         94          0          1
       305        305          0          1
       306        394          0          1
       307        162          0          1
       308        357          1          1
       309        338          0          1
       310        171          1          1
       311        148          0          1
       312        328          1          1
       313        300          0          1
       314        317          0          1
       315        312          0          1
       316         12          1          1
       317        273          0          1
       318        294          0          1
       319        247          0          1
       320        112          1          1
       321         78          0          1
       322        109          0          1
       323         16          0          1
       324          1          0          1
       325         49          0          1
       326         76          1          1
       327        205          0          1
       328        182          0          1
       329        248          0          1
       330         34          0          1
       331         91          0          1
       332        359          0          1
       333         77          1          1
       334        304          0          1
       335         90          1          1
       336         68          0          1
       337        399          0          1
       338         61          1          1
       339        231          0          1
       340         30          0          1
       341        147          0          1
       342        309          1          1
       343         64          0          1
       344        277          0          1
       345        375          1          1
       346        243          0          1
       347         56          1          1
       348        129          0          1
       349        144          1          1
       350        299          0          1
       351        203          0          1
       352        358          0          1
       353        154          0          1
       354        101          1          1
       355         71          0          1
       356        108          1          1
       357        106          0          1
       358         43          0          1
       359        276          1          1
       360        392          0          1
       361        120          0          1
       362        286          0          1
       363         15          1          1
       364          6          0          1
       365        251          0          1
       366         28          0          1
       367        155          0          1
       368        209          1          1
       369        117          0          1
       370        373          1          1
       371          5          0          1
       372        207          1          1
       373         48          0          1
       374        218          0          1
       375        177          1          1
       376         86          0          1
       377        211          1          1
       378        145          0          1
       379         17          0          1
       380        127          1          1
       381         60          0          1
       382         58          0          1
       383        180          0          1
       384        337          0          1
       385         27          1          1
       386         19          0          1
       387        297          0          1
       388        270          0          1
       389        327          1          1
       390         81          0          1
       391         84          1          1
       392        200          0          1
       393        285          1          1
       394        240          0          1
       395        221          0          1
       396         69          1          1
       397         20          0          1
       398        291          0          1
       399         11          1          1
       400        217          0          1
               32427
configuration                   15                70000         6.9132571356762276E-02         2.9800000000000000E+02         1.3877787807814457E-17
         1         15          1          1
         2         58          0          1
         3        345          0          1
         4        190          0          1
         5        176          0          1
         6         65          0          1
         7         86          0          1
         8        106          1          1
         9        235          0          1
        10         67          0          1
        11        355          0          1
        12        377          0          1
        13        338          0          1
        14        180          0          1
        15        137          0          1
        16        337          0          1
        17         77          1          1
        18        228          0          1
        19        212          1          1
        20        269          0          1
        21        167          0          1
        22        344          1          1
        23         97          0          1
        24         11          1          1
        25        132          0          1
        26         33          1          1
        27         34          0          1
        28        322          0          1
        29        389          0          1
        30         85          1          1
        31        103          0          1
        32         60          1          1
        33         71          0          1
        34        272          1          1
        35        112          0          1
        36         95          1          1
        37        295          0          1
        38        356          1          1
        39        171          0          1
        40        380          1          1
        41         32          0          1
        42         81          0          1
        43        214          1          1
        44        223          0          1
        45         91          1          1
        46          7          0          1
        47        125          1          1
        48         56          0          1
        49         39          1          1
        50        358          0          1
        51        217          1          1
        52        144          0          1
        53         44          1          1
        54        206          0          1
        55        273          1          1
        56        256          0          1
        57        396          0          1
        58         47          0          1
        59        341          0          1
        60        155          0          1
        61         20          0          1
        62        251          0          1
        63        302          0          1
        64        335          1          1
        65        306          0          1
        66        309          1          1
        67        237          0          1
        68        118          0          1
        69        384          0          1
        70        342          0          1
        71         25          0          1
        72        379          0          1
        73         29          0          1
        74        353          1          1
        75        105          0          1
        76        182          1          1
        77         96          0          1
        78        391          1          1
        79        246          0          1
        80        328          0          1
        81        331          0          1
        82        372          0          1
        83        196          1          1
        84         35          0          1
        85        378          1          1
        86        168          0          1
        87        185          1          1
        88        133          0          1
        89        307          1          1
        90        117          0          1
        91        215          0          1
        92        313          1          1
        93        352          0          1
        94        299          0          1
        95        192          1          1
        96         53          0          1
        97        268          1          1
        98        143          0          1
        99        127          1          1
       100         14          0          1
       101        153          0          1
       102         64          1          1
       103        292          0          1
       104        382          1          1
       105         37          0          1
       106         84          0          1
       107        298          0          1
       108        315          1          1
       109        255          0          1
       110        343          0          1
       111        178          1          1
       112        280          0          1
       113         72          0          1
       114        397          0          1
       115         78          0          1
       116        287          0          1
       117        289          0          1
       118        165          1          1
       119        146          0          1
       120        387          1          1
       121        348          0          1
       122        100          0          1
       123        121          0          1
       124        227          0          1
       125        265          1          1
       126        102          0          1
       127        253          1          1
       128         98          0          1
       129        101          1          1
       130        173          0          1
       131        363          0          1
       132        339          0          1
       133         52          0          1
       134        230          1          1
       135        354          0          1
       136        321          0          1
       137         48          1          1
       138        334          0          1
       139        290          0          1
       140        308          0          1
       141        346          0          1
       142        399          1          1
       143        318          0          1
       144        203          1          1
       145          9          0          1
       146        373          1          1
       147        164          0          1
       148        159          1          1
       149        201          0          1
       150        224          1          1
       151        191          0          1
       152        119          1          1
       153        114          0          1
       154        258          0          1
       155        388          0          1
       156        314          0          1
       157        122          0          1
       158        350          1          1
       159        274          0          1
       160        392          1          1
       161        177          1          1
       162          2          0          1
       163        297          1          1
       164        129          0          1
       165        304          1          1
       166          5          0          1
       167        324          1          1
       168         41          0          1
       169        216          1          1
       170        213          0          1
       171        124          1          1
       172        209          0          1
       173        123          1          1
       174        271          0          1
       175        376          1          1
       176        207          0          1
       177        221          1          1
       178        231          0          1
       179        136          0          1
       180        204          0          1
       181         74          0          1
       182        360          1          1
       183        156          0          1
       184        364          0          1
       185         90          0          1
       186        241          1          1
       187         43          0          1
       188        120          1          1
       189        327          0          1
       190        266          1          1
       191        316          0          1
       192        154          0          1
       193        238          0          1
       194        174          1          1
       195        259          0          1
       196        151          1          1
       197         26          0          1
       198        195          0          1
       199        385          1          1
       200        278          0          1
       201        218          0          1
       202        369          0          1
       203        110          1          1
       204        107          0          1
       205         76          1          1
       206        370          0          1
       207         99          0          1
       208        225          0          1
       209        386          1          1
       210        374          0          1
       211        169          1          1
       212         83          0          1
       213         59          1          1
       214        184          0          1
       215        330          1          1
       216        293          0          1
       217        226          0          1
       218        281          1          1
       219         16          0          1
       220        288          0          1
       221        229          0          1
       222        244          0          1
       223        126          0          1
       224        400          1          1
       225         46          0          1
       226         45          1          1
       227        162          0          1
       228         57          1          1
       229        140          0          1
       230        222          0          1
       231        285          0          1
       232        305          0          1
       233        282          0          1
       234          1          1          1
       235        263          0          1
       236        351          0          1
       237        275          1          1
       238        267          0          1
       239         92          1          1
       240        291          0          1
       241        296          1          1
       242        257          0          1
       243         18          1          1
       244        130          0          1
       245        208          1          1
       246        131          0          1
       247        236          1          1
       248        323          0          1
       249        371          1          1
       250        210          0          1
       251        319          0          1
       252        393          0          1
       253        310          1          1
       254        340          0          1
       255        381          0          1
       256        249          1          1
       257         55          0          1
       258         38          1          1
       259        277          0          1
       260        264          0          1
       261        141          0          1
       262        276          1          1
       263         75          0          1
       264         80          0          1
       265        111          0          1
       266         17          1          1
       267        254          0          1
       268        332          0          1
       269        329          0          1
       270        157          1          1
       271         36          0          1
       272        200          0          1
       273        232          0          1
       274         68          1          1
       275        158          0          1
       276         31          0          1
       277        303          0          1
       278         70          0          1
       279        240          0          1
       280          8          0          1
       281        368          0          1
       282        250          0          1
       283         24          1          1
       284         62          0          1
       285        383          0          1
       286         51          0          1
       287        245          1          1
       288        108          0          1
       289        262          1          1
       290        367          0          1
       291        166          0          1
       292        170          0          1
       293        233          0          1
       294        260          0          1
       295         89          0          1
       296        189          0          1
       297        135          1          1
       298        220          0          1
       299        252          1          1
       300        320          0          1
       301        198          0          1
       302         50          1          1
       303        261          0          1
       304        142          0          1
       305        294          0          1
       306        149          1          1
       307         79          0          1
       308         66          1          1
       309        116          0          1
       310         69          0          1
       311        148          0          1
       312        284          1          1
       313        300          0          1
       314         88          1          1
       315        312          0          1
       316        113          1          1
       317        179          0          1
       318        128          1          1
       319        359          0          1
       320        301          1          1
       321         73          1          1
       322        109          0          1
       323         21          0          1
       324        199          1          1
       325        152          0          1
       326        139          0          1
       327         82          1          1
       328          6          0          1
       329        365          1          1
       330        163          0          1
       331        311          0          1
       332         42          0          1
       333        361          0          1
       334        187          0          1
       335         94          0          1
       336        188          0          1
       337         87          0          1
       338        186          0          1
       339        398          1          1
       340         30          0          1
       341        147          0          1
       342        325          1          1
       343        104          0          1
       344        242          0          1
       345         93          1          1
       346         22          0          1
       347         13          0          1
       348          4          1          1
       349        243          0          1
       350        219          1          1
       351        175          0          1
       352        283          0          1
       353         40          1          1
       354        193          0          1
       355        202          0          1
       356        394          1          1
       357        357          0          1
       358         49          1          1
       359        183          0          1
       360        197          1          1
       361        347          1          1
       362        286          0          1
       363        395          0          1
       364        270          1          1
       365        366          0          1
       366        161          1          1
       367         19          0          1
       368         23          0          1
       369        239          0          1
       370        317          0          1
       371        375          1          1
       372        181          0          1
       373        279          0          1
       374        362          0          1
       375        333          1          1
       376        234          0          1
       377        150          0          1
       378        134          0          1
       379        205          1          1
       380        194          0          1
       381         27          0          1
       382         54          0          1
       383         10          1          1
       384        336          0          1
       385        172          1          1
       386        349          0          1
       387         63          1          1
       388        115          0          1
       389         12          0          1
       390        390          1          1
       391        211          0          1
       392         61          1          1
       393        138          0          1
       394        326          0          1
       395        247          0          1
       396        248          1          1
       397          3          0          1
       398        160          0          1
       399         28          0          1
       400        145          1          1
               34928
configuration                   16                75000         7.4079851823918311E-02         2.9800000000000000E+02         1.3877787807814457E-17
         1        193          0          1
         2        329          1          1
         3        229          0          1
         4        170          1          1
         5        189          0          1
         6        163          1          1
         7        281          0          1
         8        109          1          1
         9        395          0          1
        10        179          1          1
        11        392          0          1
        12         60          0          1
        13          6          1          1
        14        127          0          1
        15        131          0          1
        16        289          0          1
        17        398          0          1
        18         51          1          1
        19        271          0          1
        20        323          1          1
        21        204          1          1
        22        375          0          1
        23        219          1          1
        24        167          0          1
        25         61          0          1
        26          8          0          1
        27        234          1          1
        28        257          0          1
        29        346          1          1
        30        277          0          1
        31        380          1          1
        32         81          0          1
        33         71          0          1
        34        295          1          1
        35        112          0          1
        36         56          0          1
        37        309          0          1
        38        210          0          1
        39         89          0          1
        40        115          0          1
        41        366          0          1
        42        244          1          1
        43         63          0          1
        44        199          1          1
        45        100          0          1
        46        288          1          1
        47        135          0          1
        48         13          1          1
        49        194          0          1
        50        218          1          1
        51        209          0          1
        52        237          0          1
        53         59          0          1
        54        206          0          1
        55         23          1          1
        56         48          0          1
        57        121          1          1
        58         55          0          1
        59        130          0          1
        60        320          0          1
        61         84          1          1
        62        373          0          1
        63        203          0          1
        64        332          0          1
        65        158          1          1
        66        389          0          1
        67        233          0          1
        68         11          0          1
        69        365          0          1
        70        293          0          1
        71        111          1          1
        72        278          0          1
        73         50          1          1
        74        146          0          1
        75        105          0          1
        76        342          0          1
        77         96          0          1
        78        345          1          1
        79        216          0          1
        80        324          0          1
        81        230          0          1
        82         91          1          1
        83        106          0          1
        84         32          1          1
        85        128          0          1
        86        368          0          1
        87         92          1          1
        88        142          0          1
        89        325          0          1
        90        367          1          1
        91        297          0          1
        92         41          0          1
        93         28          0          1
        94        227          1          1
        95        174          0          1
        96        263          0          1
        97        394          1          1
        98        208          0          1
        99         78          0          1
       100        361          1          1
       101        274          1          1
       102        217          0          1
       103         24          0          1
       104        350          0          1
       105        195          0          1
       106        370          0          1
       107        359          0          1
       108        294          0          1
       109        156          1          1
       110        118          0          1
       111        225          1          1
       112        280          0          1
       113         43          0          1
       114        198          0          1
       115         97          0          1
       116        120          0          1
       117        258          0          1
       118        178          0          1
       119        185          0          1
       120        321          0          1
       121        360          0          1
       122        313          0          1
       123        327          1          1
       124         88          0          1
       125        273          1          1
       126        102          0          1
       127         26          1          1
       128        335          0          1
       129         73          0          1
       130        141          1          1
       131        363          0          1
       132        251          0          1
       133         47          0          1
       134        282          0          1
       135         35          0          1
       136        284          1          1
       137         36          0          1
       138          2          0          1
       139        240          1          1
       140        283          0          1
       141        247          0          1
       142        213          1          1
       143        317          0          1
       144         86          1          1
       145          9          0          1
       146        326          1          1
       147         93          0          1
       148        129          1          1
       149        315          0          1
       150        384          0          1
       151        387          1          1
       152        343          0          1
       153        303          0          1
       154        357          0          1
       155         39          0          1
       156        259          0          1
       157        388          1          1
       158        151          0          1
       159        316          0          1
       160        275          1          1
       161         38          1          1
       162        192          0          1
       163        349          1          1
       164         18          0          1
       165        231          1          1
       166          5          0          1
       167        310          0          1
       168        306          0          1
       169        205          1          1
       170        126          0          1
       171        186          0          1
       172        134          1          1
       173        311          0          1
       174        307          1          1
       175        330          0          1
       176        356          0          1
       177         16          0          1
       178        386          0          1
       179         25          1          1
       180        338          0          1
       181         27          0          1
       182         99          0          1
       183        117          0          1
       184        266          0          1
       185         90          0          1
       186        103          0          1
       187         45          0          1
       188        286          0          1
       189        336          0          1
       190        235          1          1
       191        169          0          1
       192        264          0          1
       193        304          1          1
       194        125          0          1
       195        279          0          1
       196         52          1          1
       197        187          0          1
       198         75          1          1
       199        358          0          1
       200        119          0          1
       201        180          0          1
       202        376          1          1
       203        154          0          1
       204        108          1          1
       205         82          0          1
       206        182          0          1
       207        256          0          1
       208        104          1          1
       209        322          0          1
       210        261          0          1
       211        272          0          1
       212        292          1          1
       213        344          0          1
       214        339          0          1
       215        211          0          1
       216         20          0          1
       217        291          1          1
       218        149          0          1
       219         72          0          1
       220         65          0          1
       221        399          1          1
       222        133          0          1
       223        301          1          1
       224         66          0          1
       225        176          1          1
       226         58          0          1
       227        379          1          1
       228         74          0          1
       229        143          1          1
       230         98          0          1
       231        171          1          1
       232        254          0          1
       233        396          1          1
       234        305          0          1
       235        107          0          1
       236        160          1          1
       237        148          0          1
       238        383          0          1
       239        224          0          1
       240        252          0          1
       241        238          0          1
       242        378          0          1
       243        132          0          1
       244        221          0          1
       245        391          0          1
       246        377          1          1
       247        355          0          1
       248        113          1          1
       249        242          0          1
       250        369          0          1
       251        270          0          1
       252        207          1          1
       253        140          0          1
       254         70          0          1
       255        276          1          1
       256         10          0          1
       257         94          0          1
       258        347          1          1
       259        152          0          1
       260        166          1          1
       261         34          1          1
       262          7          0          1
       263        147          1          1
       264        318          0          1
       265        116          0          1
       266        139          0          1
       267         21          1          1
       268         67          0          1
       269        173          0          1
       270        144          0          1
       271         31          1          1
       272        374          0          1
       273         12          0          1
       274        215          1          1
       275        364          0          1
       276        136          1          1
       277        223          0          1
       278        268          0          1
       279        150          0          1
       280          1          0          1
       281         79          0          1
       282         68          1          1
       283        239          0          1
       284        220          1          1
       285         54          0          1
       286         29          1          1
       287        308          0          1
       288         69          1          1
       289        312          0          1
       290         87          1          1
       291        110          0          1
       292        164          1          1
       293        123          0          1
       294         44          0          1
       295        267          1          1
       296         76          0          1
       297        300          1          1
       298        290          0          1
       299        124          1          1
       300        337          0          1
       301        250          1          1
       302        114          0          1
       303        222          1          1
       304         19          0          1
       305        153          1          1
       306        197          0          1
       307        348          0          1
       308        175          0          1
       309        241          1          1
       310         83          0          1
       311         33          0          1
       312        172          0          1
       313         57          1          1
       314        226          0          1
       315        341          0          1
       316        397          0          1
       317         77          0          1
       318        249          1          1
       319        351          0          1
       320        265          0          1
       321        353          0          1
       322        188          1          1
       323        333          0          1
       324        183          1          1
       325        245          0          1
       326         14          1          1
       327        269          0          1
       328         95          1          1
       329        260          0          1
       330        354          0          1
       331        177          0          1
       332        331          0          1
       333        287          0          1
       334        299          0          1
       335         49          1          1
       336        137          0          1
       337         15          1          1
       338        161          0          1
       339         62          0          1
       340        302          1          1
       341        334          1          1
       342        201          0          1
       343        255          0          1
       344        159          0          1
       345         53          1          1
       346        191          0          1
       347         30          1          1
       348         80          0          1
       349         22          1          1
       350        196          0          1
       351        371          0          1
       352        243          1          1
       353        319          0          1
       354        352          1          1
       355        162          0          1
       356        390          1          1
       357        168          0          1
       358        184          1          1
       359        393          0          1
       360        246          0          1
       361        190          0          1
       362        165          1          1
       363        101          0          1
       364        298          0          1
       365        385          0          1
       366        155          0          1
       367          4          0          1
       368         17          1          1
       369         85          0          1
       370        253          0          1
       371        372          0          1
       372        181          0          1
       373        248          1          1
       374        362          0          1
       375         46          1          1
       376        262          0          1
       377        328          0          1
       378        340          0          1
       379        122          0          1
       380        314          0          1
       381        212          1          1
       382        200          0          1
       383        400          1          1
       384        228          0          1
       385         42          1          1
       386        202          0          1
       387        382          1          1
       388        145          0          1
       389          3          1          1
       390        214          0          1
       391        285          1          1
       392        236          0          1
       393        138          0          1
       394         64          1          1
       395         37          0          1
       396         40          0          1
       397        232          0          1
       398        157          0          1
       399        381          0          1
       400        296          0          1
               37431
configuration                   17                80000         7.9081304493450341E-02         2.9800000000000000E+02         1.3877787807814457E-17
         1        384          0          1
         2        101          0          1
         3        327          0          1
         4        254          1          1
         5        119          0          1
         6        243          1          1
         7        398          0          1
         8        115          1          1
         9        210          0          1
        10        121          1          1
        11        392          0          1
        12        377          0          1
        13        228          1          1
        14         43          0          1
        15         49          0          1
        16        315          0          1
        17         69          0          1
        18        381          1          1
        19        271          0          1
        20        144          0          1
        21        248          1          1
        22         50          0          1
        23        348          0          1
        24        378          0          1
        25         17          1          1
        26         33          0          1
        27        143          1          1
        28        257          0          1
        29        168          0          1
        30        152          0          1
        31          6          1          1
        32         30          0          1
        33        375          0          1
        34         55          1          1
        35        340          0          1
        36        208          0          1
        37        187          1          1
        38        387          0          1
        39        206          0          1
        40        213          0          1
        41        316          0          1
        42        162          0          1
        43         92          0          1
        44        177          1          1
        45        202          0          1
        46        399          1          1
        47        149          0          1
        48        240          1          1
        49        266          0          1
        50        233          1          1
        51        209          0          1
        52        380          0          1
        53          7          0          1
        54        197          0          1
        55        261          0          1
        56        335          1          1
        57        347          0          1
        58        126          1          1
        59        131          0          1
        60         54          1          1
        61        284          0          1
        62        270          1          1
        63        267          0          1
        64        369          0          1
        65         38          1          1
        66        188          0          1
        67        334          1          1
        68        280          0          1
        69         10          1          1
        70        282          0          1
        71        139          0          1
        72          5          1          1
        73        175          0          1
        74        368          1          1
        75        324          0          1
        76         52          0          1
        77        320          1          1
        78         35          0          1
        79         14          0          1
        80        112          0          1
        81        349          0          1
        82        230          0          1
        83        106          0          1
        84        265          1          1
        85        231          0          1
        86        127          0          1
        87        273          0          1
        88         56          0          1
        89         28          0          1
        90         37          0          1
        91        158          0          1
        92        371          0          1
        93        359          1          1
        94        153          0          1
        95        159          1          1
        96        242          0          1
        97        224          0          1
        98        130          0          1
        99        104          0          1
       100        172          0          1
       101        299          0          1
       102        217          0          1
       103        203          1          1
       104         44          0          1
       105        374          0          1
       106        373          1          1
       107        238          0          1
       108         21          1          1
       109         11          0          1
       110          3          1          1
       111        343          0          1
       112        163          1          1
       113        262          0          1
       114         91          1          1
       115        147          0          1
       116        129          1          1
       117        397          0          1
       118        259          0          1
       119        292          0          1
       120         36          0          1
       121        252          0          1
       122        156          1          1
       123         53          0          1
       124        372          1          1
       125        302          0          1
       126        123          0          1
       127        148          0          1
       128        124          0          1
       129        191          0          1
       130        136          0          1
       131         96          0          1
       132        235          0          1
       133         13          0          1
       134        245          0          1
       135        342          0          1
       136         47          0          1
       137        393          0          1
       138        154          0          1
       139         81          0          1
       140        400          0          1
       141        110          1          1
       142        356          0          1
       143        295          0          1
       144        370          0          1
       145        352          1          1
       146        260          0          1
       147         26          0          1
       148        358          1          1
       149         94          0          1
       150         82          1          1
       151         90          0          1
       152        288          1          1
       153         45          0          1
       154        244          1          1
       155        286          0          1
       156        176          0          1
       157        160          1          1
       158        346          0          1
       159        395          1          1
       160        198          0          1
       161        178          0          1
       162        151          0          1
       163        394          0          1
       164        314          1          1
       165        321          0          1
       166        287          1          1
       167         24          0          1
       168         51          0          1
       169        169          0          1
       170        354          0          1
       171          4          1          1
       172        264          0          1
       173        118          1          1
       174        275          0          1
       175         27          1          1
       176        111          0          1
       177        211          0          1
       178         66          1          1
       179         71          0          1
       180        382          1          1
       181        135          0          1
       182        338          1          1
       183         68          0          1
       184        250          0          1
       185         18          0          1
       186        194          0          1
       187         40          1          1
       188         83          0          1
       189         75          0          1
       190        204          1          1
       191        166          0          1
       192        171          1          1
       193         20          0          1
       194        367          1          1
       195          8          0          1
       196         23          0          1
       197        376          1          1
       198        328          0          1
       199        128          1          1
       200        297          0          1
       201        323          0          1
       202        120          0          1
       203        201          0          1
       204         61          1          1
       205        326          0          1
       206        304          1          1
       207        102          0          1
       208         73          0          1
       209        196          0          1
       210        379          0          1
       211        281          1          1
       212         32          0          1
       213         58          1          1
       214        385          0          1
       215        113          0          1
       216        190          1          1
       217         19          0          1
       218        185          0          1
       219        150          0          1
       220        174          0          1
       221         79          1          1
       222        186          0          1
       223         78          0          1
       224         60          0          1
       225         86          1          1
       226        308          0          1
       227        336          0          1
       228        277          1          1
       229        291          0          1
       230        221          0          1
       231        290          0          1
       232         62          1          1
       233        195          0          1
       234         34          0          1
       235        263          0          1
       236        229          0          1
       237          2          0          1
       238        192          1          1
       239        311          0          1
       240        357          0          1
       241        353          0          1
       242          1          1          1
       243        181          0          1
       244        222          1          1
       245        391          0          1
       246        256          1          1
       247        355          0          1
       248         84          0          1
       249         93          0          1
       250        307          1          1
       251        303          0          1
       252        272          0          1
       253        278          1          1
       254        279          0          1
       255        289          1          1
       256        237          0          1
       257         22          1          1
       258        268          0          1
       259        103          1          1
       260         25          0          1
       261        173          0          1
       262        251          0          1
       263        255          1          1
       264        318          0          1
       265         57          1          1
       266        332          0          1
       267        396          1          1
       268        317          0          1
       269         95          1          1
       270        309          0          1
       271        207          0          1
       272        361          1          1
       273        322          0          1
       274        183          1          1
       275        325          0          1
       276        294          1          1
       277        223          0          1
       278        306          1          1
       279        274          0          1
       280         87          1          1
       281        364          0          1
       282        331          1          1
       283        239          0          1
       284        218          1          1
       285        205          0          1
       286         31          0          1
       287        365          0          1
       288         97          1          1
       289        351          0          1
       290        220          0          1
       291        389          0          1
       292        232          0          1
       293        305          1          1
       294         42          0          1
       295         64          1          1
       296         76          0          1
       297        219          0          1
       298         39          0          1
       299        227          1          1
       300         46          0          1
       301        363          1          1
       302        114          0          1
       303        312          1          1
       304        330          0          1
       305         29          1          1
       306        138          0          1
       307        137          1          1
       308        199          0          1
       309        180          0          1
       310        212          0          1
       311        182          1          1
       312         88          0          1
       313        249          0          1
       314         15          1          1
       315        341          0          1
       316         16          1          1
       317        293          0          1
       318        337          1          1
       319        234          0          1
       320        167          0          1
       321        283          0          1
       322        388          1          1
       323        333          0          1
       324        141          1          1
       325         65          0          1
       326        339          0          1
       327        269          0          1
       328        125          0          1
       329        276          0          1
       330        146          1          1
       331        200          0          1
       332        300          1          1
       333        345          0          1
       334        122          0          1
       335        140          1          1
       336        179          0          1
       337        313          1          1
       338        164          0          1
       339         72          0          1
       340         59          1          1
       341        216          0          1
       342        236          0          1
       343        301          1          1
       344        184          0          1
       345        155          0          1
       346        329          0          1
       347        161          0          1
       348         80          0          1
       349        344          0          1
       350        215          0          1
       351        298          1          1
       352        360          0          1
       353        108          0          1
       354        132          0          1
       355        193          0          1
       356        362          1          1
       357         70          0          1
       358         41          0          1
       359        383          1          1
       360         77          0          1
       361        142          0          1
       362        189          1          1
       363        319          0          1
       364         48          1          1
       365         99          0          1
       366        214          1          1
       367        285          0          1
       368        225          1          1
       369         85          0          1
       370        157          1          1
       371        258          0          1
       372        134          0          1
       373         63          0          1
       374        117          1          1
       375        310          0          1
       376        100          0          1
       377        247          0          1
       378         98          0          1
       379        386          0          1
       380        107          1          1
       381         67          1          1
       382        350          0          1
       383        165          0          1
       384        105          0          1
       385        241          1          1
       386         89          0          1
       387        253          1          1
       388        145          0          1
       389        246          1          1
       390         12          0          1
       391        116          1          1
       392          9          0          1
       393        366          0          1
       394        390          0          1
       395        109          0          1
       396         74          0          1
       397        133          1          1
       398        226          0          1
       399        170          1          1
       400        296          0          1
               39929
configuration                   18                85000         8.3887926299192173E-02         2.9800000000000000E+02         1.3877787807814457E-17
         1        336          0          1
         2        335          1          1
         3        258          0          1
         4        279          0          1
         5        119          0          1
         6        260          0          1
         7        398          0          1
         8        251          1          1
         9        128          0          1
        10        186          1          1
        11         92          0          1
        12        323          0          1
        13        321          0          1
        14         69          0          1
        15         66          1          1
        16        158          0          1
        17         78          0          1
        18        278          1          1
        19        257          0          1
        20        110          1          1
        21        299          1          1
        22        357          0          1
        23         98          0          1
        24        378          0          1
        25         35          1          1
        26         12          0          1
        27         32          0          1
        28        288          0          1
        29         94          1          1
        30          5          0          1
        31        175          1          1
        32         34          0          1
        33        159          1          1
        34        262          0          1
        35        243          0          1
        36        261          0          1
        37        359          1          1
        38        183          0          1
        39         13          0          1
        40        187          0          1
        41        360          0          1
        42        291          1          1
        43        212          0          1
        44         30          1          1
        45         70          0          1
        46        117          0          1
        47        160          0          1
        48        208          1          1
        49        339          0          1
        50        136          0          1
        51        179          0          1
        52         72          1          1
        53        271          0          1
        54        265          1          1
        55        116          0          1
        56        234          1          1
        57        142          0          1
        58        301          1          1
        59         38          0          1
        60        140          1          1
        61         39          1          1
        62        180          0          1
        63        123          1          1
        64        369          0          1
        65        185          1          1
        66        188          0          1
        67        199          1          1
        68        367          0          1
        69        166          0          1
        70        312          0          1
        71        103          1          1
        72        164          0          1
        73        196          1          1
        74        280          0          1
        75        328          1          1
        76         83          0          1
        77         82          0          1
        78         45          0          1
        79         57          1          1
        80        270          0          1
        81        113          0          1
        82         10          1          1
        83        399          0          1
        84          4          1          1
        85        231          0          1
        86         41          1          1
        87        130          0          1
        88        366          1          1
        89         26          0          1
        90        170          1          1
        91         63          0          1
        92        217          1          1
        93         86          0          1
        94        352          1          1
        95        244          0          1
        96         25          0          1
        97        351          0          1
        98        302          1          1
        99         76          0          1
       100        222          1          1
       101         99          1          1
       102        273          0          1
       103        353          1          1
       104        131          0          1
       105         24          1          1
       106        266          0          1
       107         44          1          1
       108        292          0          1
       109        190          1          1
       110        355          0          1
       111        388          1          1
       112        368          0          1
       113        150          0          1
       114        313          0          1
       115        394          0          1
       116         97          0          1
       117        109          0          1
       118        383          0          1
       119        250          1          1
       120        195          0          1
       121        220          0          1
       122        384          1          1
       123        104          0          1
       124        112          1          1
       125        118          0          1
       126        332          1          1
       127        155          0          1
       128        236          0          1
       129         51          0          1
       130        226          1          1
       131        227          0          1
       132        246          0          1
       133        342          1          1
       134        269          0          1
       135        211          0          1
       136        337          1          1
       137        390          0          1
       138        134          1          1
       139        224          0          1
       140         11          1          1
       141         52          0          1
       142        356          0          1
       143        146          1          1
       144        370          0          1
       145        230          1          1
       146        120          0          1
       147        376          1          1
       148        380          0          1
       149         89          1          1
       150         21          0          1
       151        148          0          1
       152        129          1          1
       153        268          0          1
       154        137          1          1
       155        111          0          1
       156         84          0          1
       157        235          0          1
       158        108          0          1
       159        124          0          1
       160         42          0          1
       161         81          0          1
       162        198          0          1
       163        256          0          1
       164         80          1          1
       165        152          0          1
       166         67          1          1
       167        191          0          1
       168         96          1          1
       169          6          0          1
       170        263          0          1
       171        275          1          1
       172        361          0          1
       173         40          1          1
       174         64          0          1
       175        163          0          1
       176        193          1          1
       177        173          0          1
       178        363          1          1
       179        252          0          1
       180        255          0          1
       181        347          0          1
       182        284          0          1
       183        287          1          1
       184        277          0          1
       185        305          1          1
       186        381          0          1
       187        374          0          1
       188        218          0          1
       189        341          1          1
       190        225          0          1
       191        219          0          1
       192        395          0          1
       193         91          0          1
       194        182          0          1
       195          8          0          1
       196         56          0          1
       197         22          0          1
       198        397          0          1
       199        204          1          1
       200        387          0          1
       201        296          0          1
       202        311          1          1
       203        201          0          1
       204         71          1          1
       205        295          0          1
       206        125          1          1
       207        161          0          1
       208          9          1          1
       209        274          0          1
       210        247          1          1
       211         79          0          1
       212        206          1          1
       213        325          0          1
       214        385          0          1
       215        132          1          1
       216         54          0          1
       217        106          1          1
       218        365          0          1
       219        115          0          1
       220        122          1          1
       221         48          1          1
       222         50          0          1
       223        245          1          1
       224        344          0          1
       225         61          1          1
       226        371          0          1
       227        364          1          1
       228        151          0          1
       229        107          1          1
       230        126          0          1
       231        400          0          1
       232         19          0          1
       233         36          0          1
       234        350          1          1
       235        377          0          1
       236        267          0          1
       237        375          0          1
       238         62          0          1
       239        233          1          1
       240        172          0          1
       241         29          0          1
       242          3          1          1
       243        181          0          1
       244         33          0          1
       245        391          0          1
       246         31          0          1
       247        307          0          1
       248         74          0          1
       249         93          0          1
       250        147          0          1
       251        294          0          1
       252          2          1          1
       253         77          0          1
       254        309          0          1
       255        303          0          1
       256        168          0          1
       257        238          0          1
       258        327          0          1
       259        340          0          1
       260        154          1          1
       261        317          0          1
       262        249          0          1
       263        135          1          1
       264        318          0          1
       265        343          0          1
       266         15          0          1
       267         90          0          1
       268         88          1          1
       269        283          0          1
       270        286          0          1
       271        310          1          1
       272        282          0          1
       273        178          1          1
       274        229          0          1
       275        358          0          1
       276          1          0          1
       277        209          1          1
       278        297          0          1
       279        324          0          1
       280        176          0          1
       281        162          0          1
       282        138          1          1
       283        239          0          1
       284        221          1          1
       285        205          0          1
       286        101          0          1
       287         14          1          1
       288        133          0          1
       289        372          0          1
       290        174          0          1
       291        304          0          1
       292        192          0          1
       293        207          0          1
       294         60          1          1
       295        149          0          1
       296        232          1          1
       297         27          0          1
       298        241          0          1
       299        289          1          1
       300         17          0          1
       301        322          1          1
       302        114          0          1
       303        141          1          1
       304        330          0          1
       305        102          1          1
       306        197          0          1
       307         58          0          1
       308        189          0          1
       309        373          1          1
       310        240          0          1
       311        171          1          1
       312        314          0          1
       313        259          0          1
       314        100          0          1
       315         53          1          1
       316        334          0          1
       317        293          0          1
       318          7          0          1
       319        345          0          1
       320        157          0          1
       321        264          0          1
       322        354          1          1
       323        333          0          1
       324         46          1          1
       325         65          0          1
       326        210          1          1
       327        145          0          1
       328        237          1          1
       329         68          0          1
       330         20          1          1
       331         73          0          1
       332        156          1          1
       333        331          0          1
       334        316          1          1
       335        300          0          1
       336         55          1          1
       337        194          0          1
       338        177          0          1
       339        228          1          1
       340        348          0          1
       341        214          1          1
       342        213          0          1
       343        272          0          1
       344        184          0          1
       345        127          1          1
       346        362          0          1
       347        386          0          1
       348         37          0          1
       349        200          1          1
       350         59          0          1
       351        121          1          1
       352        392          0          1
       353        306          0          1
       354        338          0          1
       355        242          0          1
       356        290          0          1
       357        253          0          1
       358         23          1          1
       359        326          0          1
       360         75          0          1
       361        298          0          1
       362        139          0          1
       363        319          0          1
       364        382          0          1
       365         28          0          1
       366        153          1          1
       367        285          0          1
       368        379          1          1
       369         85          0          1
       370        329          1          1
       371        308          0          1
       372         87          0          1
       373        216          1          1
       374        248          0          1
       375         18          1          1
       376         95          0          1
       377        315          1          1
       378        202          0          1
       379        281          0          1
       380        144          1          1
       381        393          1          1
       382        389          0          1
       383         16          1          1
       384        105          0          1
       385         49          1          1
       386        169          0          1
       387        165          1          1
       388        320          0          1
       389        346          0          1
       390        223          0          1
       391         43          0          1
       392        215          0          1
       393        143          0          1
       394        396          1          1
       395        349          0          1
       396        203          0          1
       397         47          0          1
       398        167          0          1
       399        254          1          1
       400        276          0          1
               42425
configuration                   19                90000         8.8909973061386635E-02         2.9800000000000000E+02         1.3877787807814457E-17
         1          1          1          1
         2        166          0          1
         3         30          0          1
         4        266          1          1
         5        154          0          1
         6        127          1          1
         7        120          0          1
         8        180          1          1
         9         58          0          1
        10        329          1          1
        11        321          0          1
        12         16          1          1
        13         98          0          1
        14        359          1          1
        15        247          0          1
        16        241          1          1
        17        119          0          1
        18        203          1          1
        19        186          0          1
        20        360          0          1
        21         69          0          1
        22        143          0          1
        23        327          0          1
        24         73          0          1
        25        193          1          1
        26        317          0          1
        27        198          0          1
        28        391          0          1
        29         47          0          1
        30        225          0          1
        31         68          0          1
        32        191          0          1
        33        140          1          1
        34        344          0          1
        35        337          1          1
        36        141          0          1
        37        147          1          1
        38        126          0          1
        39          4          1          1
        40        118          0          1
        41        248          0          1
        42        101          1          1
        43         42          0          1
        44        307          1          1
        45         70          0          1
        46        199          0          1
        47         32          0          1
        48          6          0          1
        49        165          0          1
        50        129          1          1
        51        179          0          1
        52        115          1          1
        53        200          0          1
        54        221          0          1
        55        116          0          1
        56        300          1          1
        57        142          0          1
        58          3          0          1
        59         38          0          1
        60        318          1          1
        61        325          0          1
        62        365          0          1
        63        184          0          1
        64        135          0          1
        65        106          1          1
        66        182          0          1
        67        276          1          1
        68        367          0          1
        69        302          1          1
        70        256          0          1
        71        319          0          1
        72        164          0          1
        73        366          1          1
        74        280          0          1
        75         25          1          1
        76         83          0          1
        77        377          0          1
        78         80          0          1
        79        211          1          1
        80        267          0          1
        81        137          0          1
        82        385          1          1
        83        399          0          1
        84         55          1          1
        85         61          0          1
        86        206          1          1
        87        130          0          1
        88         41          1          1
        89         78          0          1
        90        275          0          1
        91         14          0          1
        92        229          1          1
        93         19          0          1
        94        252          0          1
        95        244          0          1
        96         12          1          1
        97        132          0          1
        98        174          1          1
        99        382          0          1
       100        138          0          1
       101        250          1          1
       102        273          0          1
       103        272          0          1
       104        271          0          1
       105        345          1          1
       106        156          0          1
       107         64          0          1
       108         63          0          1
       109        356          1          1
       110        152          0          1
       111        279          1          1
       112        368          0          1
       113        306          1          1
       114        313          0          1
       115        331          1          1
       116         97          0          1
       117        338          1          1
       118        383          0          1
       119        172          1          1
       120        151          0          1
       121        220          0          1
       122         21          0          1
       123        212          0          1
       124        109          1          1
       125          9          0          1
       126        346          0          1
       127        261          0          1
       128        393          1          1
       129        139          0          1
       130         53          1          1
       131        123          0          1
       132         59          1          1
       133         99          0          1
       134        288          1          1
       135        136          0          1
       136         48          0          1
       137         72          0          1
       138        131          1          1
       139        224          0          1
       140        222          1          1
       141        110          1          1
       142         56          0          1
       143        294          0          1
       144        144          0          1
       145        262          0          1
       146        157          0          1
       147        159          0          1
       148         52          0          1
       149         71          0          1
       150        309          0          1
       151         13          1          1
       152        243          0          1
       153        274          1          1
       154         34          0          1
       155        396          0          1
       156        357          0          1
       157         45          1          1
       158         77          0          1
       159        301          1          1
       160        234          0          1
       161        213          0          1
       162        258          0          1
       163        349          1          1
       164        178          0          1
       165        387          1          1
       166        339          0          1
       167        390          1          1
       168        236          0          1
       169         94          0          1
       170        230          1          1
       171         20          0          1
       172        287          1          1
       173         29          0          1
       174        171          1          1
       175        122          0          1
       176        176          1          1
       177        104          0          1
       178        169          0          1
       179        326          0          1
       180        333          0          1
       181         86          0          1
       182        323          0          1
       183        281          0          1
       184         24          0          1
       185        231          0          1
       186        328          0          1
       187        303          0          1
       188        374          1          1
       189        283          0          1
       190         31          0          1
       191        293          1          1
       192        364          0          1
       193         88          0          1
       194        227          0          1
       195        125          1          1
       196         81          0          1
       197        299          0          1
       198        316          1          1
       199        282          0          1
       200         26          1          1
       201        263          0          1
       202        260          0          1
       203         76          1          1
       204         82          0          1
       205        196          0          1
       206        249          0          1
       207         43          1          1
       208        340          0          1
       209        336          1          1
       210        381          0          1
       211        255          0          1
       212        185          1          1
       213        208          0          1
       214        310          1          1
       215        114          0          1
       216         57          0          1
       217        111          1          1
       218        330          0          1
       219         67          1          1
       220        254          0          1
       221         75          0          1
       222        163          1          1
       223        177          0          1
       224        348          1          1
       225         51          0          1
       226        238          1          1
       227        134          0          1
       228        205          1          1
       229        124          0          1
       230        363          0          1
       231        394          0          1
       232        268          0          1
       233        148          1          1
       234        197          0          1
       235        375          1          1
       236        239          0          1
       237        160          0          1
       238        270          1          1
       239        232          0          1
       240        380          1          1
       241        201          0          1
       242        253          0          1
       243          7          1          1
       244         87          0          1
       245        370          1          1
       246        269          0          1
       247        214          0          1
       248        218          0          1
       249         33          0          1
       250        150          1          1
       251        314          0          1
       252        233          1          1
       253         11          0          1
       254        289          1          1
       255        121          0          1
       256        168          1          1
       257        226          0          1
       258        311          0          1
       259        183          1          1
       260        373          0          1
       261         36          0          1
       262        209          0          1
       263        358          0          1
       264        245          1          1
       265        246          0          1
       266        298          1          1
       267         65          0          1
       268        285          0          1
       269        369          1          1
       270        286          0          1
       271        335          1          1
       272          5          0          1
       273        341          0          1
       274          2          0          1
       275        389          1          1
       276        361          0          1
       277        105          0          1
       278        371          1          1
       279         40          0          1
       280        291          0          1
       281        235          0          1
       282         62          0          1
       283         23          0          1
       284        400          0          1
       285        297          0          1
       286        194          0          1
       287        158          0          1
       288         49          1          1
       289        372          0          1
       290        202          1          1
       291        304          0          1
       292        204          1          1
       293        343          0          1
       294         60          1          1
       295         50          0          1
       296        170          0          1
       297        146          1          1
       298        324          0          1
       299        315          0          1
       300        284          1          1
       301        207          1          1
       302        386          0          1
       303        107          0          1
       304        219          0          1
       305        217          1          1
       306         18          0          1
       307        195          1          1
       308        189          0          1
       309        342          1          1
       310        240          0          1
       311        102          1          1
       312        354          0          1
       313        322          0          1
       314        398          0          1
       315        353          1          1
       316         46          0          1
       317        108          0          1
       318        395          0          1
       319        215          1          1
       320        384          0          1
       321        376          0          1
       322        296          0          1
       323         10          1          1
       324         15          0          1
       325        397          0          1
       326        192          1          1
       327        145          0          1
       328        295          0          1
       329        259          0          1
       330         90          1          1
       331         93          0          1
       332         92          1          1
       333         89          0          1
       334        242          1          1
       335         84          0          1
       336        153          0          1
       337          8          0          1
       338        113          1          1
       339         44          0          1
       340        334          0          1
       341        112          0          1
       342        162          0          1
       343        100          0          1
       344         54          0          1
       345        128          1          1
       346        362          0          1
       347        188          1          1
       348         37          0          1
       349        264          1          1
       350        378          0          1
       351        305          1          1
       352        388          0          1
       353        308          0          1
       354         74          0          1
       355        312          1          1
       356        290          0          1
       357         27          1          1
       358        216          0          1
       359        351          0          1
       360         79          0          1
       361        379          1          1
       362         96          0          1
       363        278          1          1
       364        355          0          1
       365         28          0          1
       366        237          1          1
       367        265          0          1
       368        149          1          1
       369         85          0          1
       370        133          1          1
       371        277          0          1
       372         91          1          1
       373        175          0          1
       374        155          0          1
       375        161          0          1
       376         95          1          1
       377         39          0          1
       378        332          1          1
       379         35          0          1
       380        181          0          1
       381        292          0          1
       382        173          1          1
       383        187          0          1
       384        257          0          1
       385        251          0          1
       386         66          0          1
       387        210          1          1
       388        320          0          1
       389         17          1          1
       390        223          0          1
       391        190          0          1
       392         22          0          1
       393        228          1          1
       394        117          0          1
       395        347          1          1
       396        103          0          1
       397        350          0          1
       398        167          0          1
       399        352          0          1
       400        392          1          1
               44924
configuration                   20                95000         9.3799612795107998E-02         2.9800000000000000E+02         1.3877787807814457E-17
         1        199          0          1
         2        337          1          1
         3         41          0          1
         4        240          1          1
         5        154          0          1
         6         68          1          1
         7        163          0          1
         8        214          0          1
         9         58          0          1
        10         45          0          1
        11         34          0          1
        12        347          1          1
        13        148          0          1
        14        353          1          1
        15        247          0          1
        16        290          1          1
        17        119          0          1
        18         28          0          1
        19         30          0          1
        20         32          1          1
        21         17          1          1
        22        143          0          1
        23        189          0          1
        24        250          0          1
        25         69          1          1
        26         23          0          1
        27        329          1          1
        28        230          0          1
        29        278          1          1
        30        370          0          1
        31        319          1          1
        32        191          0          1
        33        206          1          1
        34        327          0          1
        35         77          1          1
        36        141          0          1
        37        342          0          1
        38        217          0          1
        39         89          1          1
        40        118          0          1
        41        180          0          1
        42          7          1          1
        43        320          0          1
        44        257          1          1
        45         70          0          1
        46        334          1          1
        47        229          0          1
        48        288          1          1
        49        165          0          1
        50        207          1          1
        51        179          0          1
        52        325          1          1
        53        200          0          1
        54        164          1          1
        55          4          0          1
        56        271          1          1
        57        142          0          1
        58        184          1          1
        59        373          0          1
        60        215          1          1
        61        344          1          1
        62        177          0          1
        63        126          1          1
        64        135          0          1
        65         29          1          1
        66        182          0          1
        67        137          0          1
        68        367          0          1
        69        262          1          1
        70         84          0          1
        71        339          0          1
        72         86          0          1
        73        188          0          1
        74        294          0          1
        75        248          1          1
        76        116          0          1
        77        400          0          1
        78         80          0          1
        79         15          1          1
        80         71          0          1
        81        306          0          1
        82        308          1          1
        83        212          0          1
        84        360          1          1
        85         61          0          1
        86        105          1          1
        87        130          0          1
        88        390          1          1
        89         78          0          1
        90        129          0          1
        91        263          0          1
        92        301          1          1
        93        108          0          1
        94        232          0          1
        95          3          0          1
        96        204          1          1
        97        132          0          1
        98         14          0          1
        99        382          0          1
       100         72          1          1
       101        123          1          1
       102         11          0          1
       103        296          1          1
       104        224          0          1
       105         13          1          1
       106        341          0          1
       107         90          1          1
       108         63          0          1
       109        255          0          1
       110        152          0          1
       111        349          1          1
       112        109          0          1
       113        158          0          1
       114        114          1          1
       115        113          0          1
       116          6          0          1
       117        102          1          1
       118        383          0          1
       119        284          1          1
       120         49          0          1
       121        361          0          1
       122        328          1          1
       123         83          0          1
       124        159          0          1
       125         95          0          1
       126        218          1          1
       127        261          0          1
       128         66          1          1
       129        139          0          1
       130        338          1          1
       131        186          0          1
       132        233          0          1
       133        374          0          1
       134        335          0          1
       135        289          0          1
       136         62          0          1
       137        100          0          1
       138        245          1          1
       139        309          0          1
       140        386          1          1
       141        251          0          1
       142        280          0          1
       143        304          1          1
       144        213          0          1
       145        222          1          1
       146        162          0          1
       147         20          0          1
       148        122          0          1
       149         52          0          1
       150        358          0          1
       151        198          0          1
       152        355          1          1
       153        203          0          1
       154         91          1          1
       155         53          0          1
       156        297          0          1
       157        363          1          1
       158        376          0          1
       159        380          0          1
       160        377          0          1
       161        155          1          1
       162        201          0          1
       163        326          0          1
       164        359          0          1
       165        350          0          1
       166        313          0          1
       167        133          0          1
       168        340          1          1
       169         87          0          1
       170         44          0          1
       171        168          0          1
       172        136          0          1
       173         25          1          1
       174        276          0          1
       175        210          1          1
       176         64          0          1
       177         43          0          1
       178        115          0          1
       179        264          0          1
       180        127          0          1
       181        125          0          1
       182        243          1          1
       183         65          0          1
       184         42          0          1
       185        104          1          1
       186        315          0          1
       187        356          0          1
       188        393          0          1
       189        169          0          1
       190        254          1          1
       191        381          0          1
       192         59          1          1
       193        242          0          1
       194        312          1          1
       195         40          0          1
       196         76          0          1
       197        299          0          1
       198        277          1          1
       199        282          0          1
       200        239          1          1
       201        368          1          1
       202         82          0          1
       203        258          0          1
       204        166          0          1
       205        185          0          1
       206        221          1          1
       207        366          0          1
       208        227          1          1
       209        176          0          1
       210        121          0          1
       211         51          1          1
       212        183          0          1
       213         16          0          1
       214        371          0          1
       215        160          1          1
       216        298          0          1
       217        351          1          1
       218        395          0          1
       219         94          0          1
       220         31          0          1
       221        202          0          1
       222          2          1          1
       223        265          0          1
       224        318          0          1
       225        120          1          1
       226        283          0          1
       227         48          1          1
       228        343          0          1
       229        253          1          1
       230        173          0          1
       231        303          0          1
       232        365          1          1
       233        307          0          1
       234         88          1          1
       235        138          0          1
       236        396          0          1
       237         60          0          1
       238         37          1          1
       239        332          0          1
       240        394          1          1
       241        196          1          1
       242        295          0          1
       243        389          0          1
       244        157          0          1
       245         67          0          1
       246        331          1          1
       247        268          0          1
       248        384          1          1
       249        267          0          1
       250        101          0          1
       251        211          1          1
       252        305          0          1
       253        399          1          1
       254        208          0          1
       255        324          1          1
       256        181          0          1
       257        336          1          1
       258        150          0          1
       259        110          1          1
       260        275          0          1
       261          5          0          1
       262        111          0          1
       263        317          1          1
       264        385          0          1
       265        234          1          1
       266         99          0          1
       267        391          1          1
       268        266          0          1
       269        216          1          1
       270        269          0          1
       271        237          0          1
       272        272          1          1
       273        364          0          1
       274         55          1          1
       275        310          0          1
       276         56          1          1
       277        292          0          1
       278        256          0          1
       279          9          0          1
       280         33          0          1
       281        238          0          1
       282        146          0          1
       283        226          0          1
       284         50          1          1
       285        321          0          1
       286         39          0          1
       287        192          0          1
       288        311          1          1
       289        193          0          1
       290        244          0          1
       291        187          1          1
       292        392          0          1
       293        131          1          1
       294         24          0          1
       295        241          1          1
       296         81          0          1
       297        357          0          1
       298         21          1          1
       299        346          0          1
       300        128          0          1
       301        314          1          1
       302        252          0          1
       303         96          0          1
       304        379          0          1
       305        170          1          1
       306        293          0          1
       307         26          1          1
       308        144          0          1
       309        286          0          1
       310        195          1          1
       311        246          0          1
       312         75          1          1
       313        274          0          1
       314        149          1          1
       315         47          0          1
       316        398          1          1
       317        354          0          1
       318        273          0          1
       319         27          1          1
       320        194          0          1
       321        220          0          1
       322        112          1          1
       323        178          0          1
       324          8          1          1
       325        397          0          1
       326        172          0          1
       327        236          0          1
       328        348          1          1
       329        259          0          1
       330        140          0          1
       331         93          0          1
       332        270          0          1
       333        316          1          1
       334        145          0          1
       335         10          1          1
       336         36          0          1
       337        387          0          1
       338        300          1          1
       339        291          0          1
       340        197          1          1
       341         46          1          1
       342         92          0          1
       343        249          0          1
       344         54          0          1
       345         57          0          1
       346        362          0          1
       347        106          0          1
       348        151          0          1
       349        345          1          1
       350        378          0          1
       351        134          1          1
       352        388          0          1
       353        279          0          1
       354         74          0          1
       355        372          0          1
       356         97          0          1
       357        209          0          1
       358        124          0          1
       359          1          1          1
       360         79          0          1
       361         12          0          1
       362        235          1          1
       363        205          0          1
       364        330          1          1
       365        285          0          1
       366        231          0          1
       367        260          0          1
       368         18          1          1
       369         85          0          1
       370        281          1          1
       371        302          0          1
       372        219          1          1
       373        175          0          1
       374        369          1          1
       375        161          0          1
       376        147          0          1
       377         73          0          1
       378        322          0          1
       379         35          0          1
       380         19          1          1
       381         38          1          1
       382        153          0          1
       383         98          0          1
       384        174          0          1
       385        323          1          1
       386        171          0          1
       387        333          1          1
       388        107          0          1
       389        225          1          1
       390        223          0          1
       391        228          0          1
       392         22          0          1
       393        156          1          1
       394        117          0          1
       395        190          0          1
       396        103          0          1
       397        352          1          1
       398        167          0          1
       399        287          1          1
       400        375          0          1
               47422
