Gas_Species:          H2
Surface_Species:      H*
Simulation_Box:         
           5.5500000000000000E+001           0.0000000000000000E+000
           0.0000000000000000E+000           5.5500000000000000E+001
Site_Types:           StTp1
configuration                    1                    0         0.0000000000000000E+00         2.9800000000000000E+02         0.0000000000000000E+00
         1          1          0          1
         2          2          0          1
         3          3          0          1
         4          4          0          1
         5          5          0          1
         6          6          0          1
         7          7          0          1
         8          8          0          1
         9          9          0          1
        10         10          0          1
        11         11          0          1
        12         12          0          1
        13         13          0          1
        14         14          0          1
        15         15          0          1
        16         16          0          1
        17         17          0          1
        18         18          0          1
        19         19          0          1
        20         20          0          1
        21         21          0          1
        22         22          0          1
        23         23          0          1
        24         24          0          1
        25         25          0          1
        26         26          0          1
        27         27          0          1
        28         28          0          1
        29         29          0          1
        30         30          0          1
        31         31          0          1
        32         32          0          1
        33         33          0          1
        34         34          0          1
        35         35          0          1
        36         36          0          1
        37         37          0          1
        38         38          0          1
        39         39          0          1
        40         40          0          1
        41         41          0          1
        42         42          0          1
        43         43          0          1
        44         44          0          1
        45         45          0          1
        46         46          0          1
        47         47          0          1
        48         48          0          1
        49         49          0          1
        50         50          0          1
        51         51          0          1
        52         52          0          1
        53         53          0          1
        54         54          0          1
        55         55          0          1
        56         56          0          1
        57         57          0          1
        58         58          0          1
        59         59          0          1
        60         60          0          1
        61         61          0          1
        62         62          0          1
        63         63          0          1
        64         64          0          1
        65         65          0          1
        66         66          0          1
        67         67          0          1
        68         68          0          1
        69         69          0          1
        70         70          0          1
        71         71          0          1
        72         72          0          1
        73         73          0          1
        74         74          0          1
        75         75          0          1
        76         76          0          1
        77         77          0          1
        78         78          0          1
        79         79          0          1
        80         80          0          1
        81         81          0          1
        82         82          0          1
        83         83          0          1
        84         84          0          1
        85         85          0          1
        86         86          0          1
        87         87          0          1
        88         88          0          1
        89         89          0          1
        90         90          0          1
        91         91          0          1
        92         92          0          1
        93         93          0          1
        94         94          0          1
        95         95          0          1
        96         96          0          1
        97         97          0          1
        98         98          0          1
        99         99          0          1
       100        100          0          1
       101        101          0          1
       102        102          0          1
       103        103          0          1
       104        104          0          1
       105        105          0          1
       106        106          0          1
       107        107          0          1
       108        108          0          1
       109        109          0          1
       110        110          0          1
       111        111          0          1
       112        112          0          1
       113        113          0          1
       114        114          0          1
       115        115          0          1
       116        116          0          1
       117        117          0          1
       118        118          0          1
       119        119          0          1
       120        120          0          1
       121        121          0          1
       122        122          0          1
       123        123          0          1
       124        124          0          1
       125        125          0          1
       126        126          0          1
       127        127          0          1
       128        128          0          1
       129        129          0          1
       130        130          0          1
       131        131          0          1
       132        132          0          1
       133        133          0          1
       134        134          0          1
       135        135          0          1
       136        136          0          1
       137        137          0          1
       138        138          0          1
       139        139          0          1
       140        140          0          1
       141        141          0          1
       142        142          0          1
       143        143          0          1
       144        144          0          1
       145        145          0          1
       146        146          0          1
       147        147          0          1
       148        148          0          1
       149        149          0          1
       150        150          0          1
       151        151          0          1
       152        152          0          1
       153        153          0          1
       154        154          0          1
       155        155          0          1
       156        156          0          1
       157        157          0          1
       158        158          0          1
       159        159          0          1
       160        160          0          1
       161        161          0          1
       162        162          0          1
       163        163          0          1
       164        164          0          1
       165        165          0          1
       166        166          0          1
       167        167          0          1
       168        168          0          1
       169        169          0          1
       170        170          0          1
       171        171          0          1
       172        172          0          1
       173        173          0          1
       174        174          0          1
       175        175          0          1
       176        176          0          1
       177        177          0          1
       178        178          0          1
       179        179          0          1
       180        180          0          1
       181        181          0          1
       182        182          0          1
       183        183          0          1
       184        184          0          1
       185        185          0          1
       186        186          0          1
       187        187          0          1
       188        188          0          1
       189        189          0          1
       190        190          0          1
       191        191          0          1
       192        192          0          1
       193        193          0          1
       194        194          0          1
       195        195          0          1
       196        196          0          1
       197        197          0          1
       198        198          0          1
       199        199          0          1
       200        200          0          1
       201        201          0          1
       202        202          0          1
       203        203          0          1
       204        204          0          1
       205        205          0          1
       206        206          0          1
       207        207          0          1
       208        208          0          1
       209        209          0          1
       210        210          0          1
       211        211          0          1
       212        212          0          1
       213        213          0          1
       214        214          0          1
       215        215          0          1
       216        216          0          1
       217        217          0          1
       218        218          0          1
       219        219          0          1
       220        220          0          1
       221        221          0          1
       222        222          0          1
       223        223          0          1
       224        224          0          1
       225        225          0          1
       226        226          0          1
       227        227          0          1
       228        228          0          1
       229        229          0          1
       230        230          0          1
       231        231          0          1
       232        232          0          1
       233        233          0          1
       234        234          0          1
       235        235          0          1
       236        236          0          1
       237        237          0          1
       238        238          0          1
       239        239          0          1
       240        240          0          1
       241        241          0          1
       242        242          0          1
       243        243          0          1
       244        244          0          1
       245        245          0          1
       246        246          0          1
       247        247          0          1
       248        248          0          1
       249        249          0          1
       250        250          0          1
       251        251          0          1
       252        252          0          1
       253        253          0          1
       254        254          0          1
       255        255          0          1
       256        256          0          1
       257        257          0          1
       258        258          0          1
       259        259          0          1
       260        260          0          1
       261        261          0          1
       262        262          0          1
       263        263          0          1
       264        264          0          1
       265        265          0          1
       266        266          0          1
       267        267          0          1
       268        268          0          1
       269        269          0          1
       270        270          0          1
       271        271          0          1
       272        272          0          1
       273        273          0          1
       274        274          0          1
       275        275          0          1
       276        276          0          1
       277        277          0          1
       278        278          0          1
       279        279          0          1
       280        280          0          1
       281        281          0          1
       282        282          0          1
       283        283          0          1
       284        284          0          1
       285        285          0          1
       286        286          0          1
       287        287          0          1
       288        288          0          1
       289        289          0          1
       290        290          0          1
       291        291          0          1
       292        292          0          1
       293        293          0          1
       294        294          0          1
       295        295          0          1
       296        296          0          1
       297        297          0          1
       298        298          0          1
       299        299          0          1
       300        300          0          1
       301        301          0          1
       302        302          0          1
       303        303          0          1
       304        304          0          1
       305        305          0          1
       306        306          0          1
       307        307          0          1
       308        308          0          1
       309        309          0          1
       310        310          0          1
       311        311          0          1
       312        312          0          1
       313        313          0          1
       314        314          0          1
       315        315          0          1
       316        316          0          1
       317        317          0          1
       318        318          0          1
       319        319          0          1
       320        320          0          1
       321        321          0          1
       322        322          0          1
       323        323          0          1
       324        324          0          1
       325        325          0          1
       326        326          0          1
       327        327          0          1
       328        328          0          1
       329        329          0          1
       330        330          0          1
       331        331          0          1
       332        332          0          1
       333        333          0          1
       334        334          0          1
       335        335          0          1
       336        336          0          1
       337        337          0          1
       338        338          0          1
       339        339          0          1
       340        340          0          1
       341        341          0          1
       342        342          0          1
       343        343          0          1
       344        344          0          1
       345        345          0          1
       346        346          0          1
       347        347          0          1
       348        348          0          1
       349        349          0          1
       350        350          0          1
       351        351          0          1
       352        352          0          1
       353        353          0          1
       354        354          0          1
       355        355          0          1
       356        356          0          1
       357        357          0          1
       358        358          0          1
       359        359          0          1
       360        360          0          1
       361        361          0          1
       362        362          0          1
       363        363          0          1
       364        364          0          1
       365        365          0          1
       366        366          0          1
       367        367          0          1
       368        368          0          1
       369        369          0          1
       370        370          0          1
       371        371          0          1
       372        372          0          1
       373        373          0          1
       374        374          0          1
       375        375          0          1
       376        376          0          1
       377        377          0          1
       378        378          0          1
       379        379          0          1
       380        380          0          1
       381        381          0          1
       382        382          0          1
       383        383          0          1
       384        384          0          1
       385        385          0          1
       386        386          0          1
       387        387          0          1
       388        388          0          1
       389        389          0          1
       390        390          0          1
       391        391          0          1
       392        392          0          1
       393        393          0          1
       394        394          0          1
       395        395          0          1
       396        396          0          1
       397        397          0          1
       398        398          0          1
       399        399          0          1
       400        400          0          1
                   0
configuration                    2                 5000         3.2307650914698616E-02         2.9800000000000000E+02         1.0000000000000002E-01
         1         57          1          1
         2        254          0          1
         3        395          0          1
         4         36          0          1
         5        374          0          1
         6        154          1          1
         7        350          0          1
         8        170          0          1
         9          9          0          1
        10        316          0          1
        11        142          0          1
        12        162          1          1
        13        175          0          1
        14        327          0          1
        15        311          0          1
        16        397          0          1
        17        393          1          1
        18        203          0          1
        19        308          1          1
        20        228          0          1
        21        260          0          1
        22        399          1          1
        23        182          0          1
        24        351          0          1
        25        381          0          1
        26        272          0          1
        27        250          1          1
        28        133          0          1
        29        238          1          1
        30        259          0          1
        31        206          1          1
        32         32          0          1
        33         83          0          1
        34        181          1          1
        35         94          0          1
        36         87          1          1
        37        225          0          1
        38        178          0          1
        39        282          0          1
        40         77          0          1
        41        247          0          1
        42        342          0          1
        43        317          1          1
        44         38          0          1
        45        117          0          1
        46        271          1          1
        47        226          0          1
        48        192          1          1
        49        191          0          1
        50         26          1          1
        51         51          0          1
        52        267          1          1
        53         53          0          1
        54         25          0          1
        55        186          0          1
        56        367          0          1
        57        210          0          1
        58        201          1          1
        59         59          0          1
        60         11          1          1
        61         22          1          1
        62        103          0          1
        63        126          0          1
        64        345          1          1
        65         90          0          1
        66        174          0          1
        67        243          1          1
        68        114          0          1
        69        291          0          1
        70         41          0          1
        71        202          1          1
        72         72          0          1
        73        127          1          1
        74        340          0          1
        75         30          0          1
        76         76          0          1
        77        349          1          1
        78         78          0          1
        79        304          1          1
        80        297          0          1
        81        105          0          1
        82        379          1          1
        83        173          0          1
        84        394          0          1
        85        107          1          1
        86        253          0          1
        87        352          0          1
        88        377          1          1
        89         89          0          1
        90        261          1          1
        91         91          0          1
        92        111          1          1
        93         85          0          1
        94        331          0          1
        95        151          0          1
        96         13          1          1
        97        236          0          1
        98        286          0          1
        99        248          0          1
       100         55          1          1
       101        343          1          1
       102         49          0          1
       103         66          0          1
       104         20          1          1
       105        288          0          1
       106        185          1          1
       107        371          0          1
       108        368          0          1
       109        263          1          1
       110        120          0          1
       111        362          0          1
       112        112          0          1
       113        322          0          1
       114         10          0          1
       115         67          0          1
       116          4          0          1
       117        373          0          1
       118        347          1          1
       119        204          0          1
       120         44          0          1
       121        135          0          1
       122        116          1          1
       123         93          0          1
       124        310          0          1
       125        119          1          1
       126         14          0          1
       127        168          1          1
       128         64          0          1
       129         12          0          1
       130        196          1          1
       131        131          0          1
       132        336          1          1
       133        365          0          1
       134        284          1          1
       135         29          0          1
       136         40          1          1
       137        141          0          1
       138        398          0          1
       139        222          1          1
       140        177          0          1
       141        290          0          1
       142        115          0          1
       143        183          0          1
       144          6          0          1
       145        246          0          1
       146        312          1          1
       147        391          0          1
       148        388          0          1
       149        252          1          1
       150        325          0          1
       151         97          0          1
       152         63          0          1
       153        230          1          1
       154        130          0          1
       155        146          0          1
       156        184          0          1
       157         68          0          1
       158        200          0          1
       159        195          0          1
       160        125          1          1
       161        132          0          1
       162         88          1          1
       163        139          0          1
       164          7          0          1
       165        299          1          1
       166        333          0          1
       167         23          1          1
       168         86          0          1
       169         28          0          1
       170        172          0          1
       171        329          0          1
       172        215          0          1
       173         54          0          1
       174        159          0          1
       175        301          1          1
       176        176          0          1
       177        187          1          1
       178         69          0          1
       179        268          0          1
       180        392          0          1
       181        209          0          1
       182        359          0          1
       183        332          1          1
       184        123          0          1
       185        372          0          1
       186          2          1          1
       187         46          0          1
       188        189          1          1
       189        389          0          1
       190        280          1          1
       191          3          0          1
       192        220          0          1
       193        193          0          1
       194        306          0          1
       195        321          0          1
       196        224          0          1
       197        363          0          1
       198        207          1          1
       199         65          0          1
       200         61          0          1
       201        339          1          1
       202        266          0          1
       203         48          0          1
       204        100          0          1
       205          5          1          1
       206        232          0          1
       207         52          0          1
       208        158          0          1
       209        249          1          1
       210        167          0          1
       211        380          1          1
       212        110          0          1
       213        376          0          1
       214        251          1          1
       215        231          0          1
       216        164          0          1
       217        144          1          1
       218        211          0          1
       219        245          1          1
       220        256          0          1
       221        104          0          1
       222         84          0          1
       223        309          0          1
       224         27          0          1
       225        150          0          1
       226        370          0          1
       227         50          0          1
       228        334          1          1
       229         62          0          1
       230         75          1          1
       231        344          0          1
       232        157          1          1
       233        303          0          1
       234        255          0          1
       235        382          0          1
       236        137          0          1
       237        237          0          1
       238         56          0          1
       239        400          0          1
       240        212          0          1
       241         95          0          1
       242        244          0          1
       243        188          1          1
       244        348          0          1
       245        194          0          1
       246        190          0          1
       247        180          1          1
       248        213          0          1
       249        358          0          1
       250        265          0          1
       251        234          1          1
       252        346          0          1
       253          8          1          1
       254        160          0          1
       255        274          0          1
       256        337          0          1
       257         34          0          1
       258        295          1          1
       259         60          0          1
       260        143          0          1
       261        330          0          1
       262        149          0          1
       263         16          0          1
       264        148          0          1
       265        223          0          1
       266        278          1          1
       267        179          0          1
       268        258          1          1
       269        197          0          1
       270        113          1          1
       271        124          0          1
       272        378          0          1
       273        273          0          1
       274        287          0          1
       275        275          0          1
       276         80          1          1
       277        277          0          1
       278        289          0          1
       279         79          0          1
       280        262          1          1
       281        326          0          1
       282        375          0          1
       283        305          0          1
       284        166          0          1
       285        233          1          1
       286        384          0          1
       287         82          0          1
       288        156          0          1
       289        361          0          1
       290        145          0          1
       291        129          0          1
       292        239          0          1
       293        285          1          1
       294        294          0          1
       295        269          0          1
       296         81          0          1
       297         71          0          1
       298         15          0          1
       299         24          0          1
       300        320          0          1
       301        283          0          1
       302        257          1          1
       303        386          0          1
       304        242          0          1
       305        199          0          1
       306        171          1          1
       307        313          0          1
       308        227          0          1
       309        165          1          1
       310        323          0          1
       311        109          1          1
       312        293          0          1
       313        300          0          1
       314         70          1          1
       315        161          0          1
       316        214          1          1
       317         33          0          1
       318         35          1          1
       319         43          0          1
       320         42          1          1
       321         74          1          1
       322        387          0          1
       323        296          0          1
       324        324          0          1
       325        108          1          1
       326        136          0          1
       327        140          0          1
       328        229          1          1
       329        218          0          1
       330        383          1          1
       331        235          0          1
       332        241          0          1
       333         96          0          1
       334          1          0          1
       335        102          1          1
       336        153          0          1
       337        357          1          1
       338        328          0          1
       339        356          1          1
       340        270          0          1
       341        205          0          1
       342        279          0          1
       343         19          0          1
       344        134          1          1
       345        315          0          1
       346        335          0          1
       347         31          1          1
       348        216          0          1
       349        385          1          1
       350        355          0          1
       351         58          1          1
       352        318          0          1
       353        338          1          1
       354        298          0          1
       355        122          0          1
       356        319          1          1
       357        396          0          1
       358        118          0          1
       359        314          0          1
       360         18          0          1
       361        366          1          1
       362        360          0          1
       363        128          0          1
       364        138          1          1
       365        101          0          1
       366         39          1          1
       367        217          0          1
       368        353          0          1
       369        369          0          1
       370        264          1          1
       371        106          0          1
       372         98          1          1
       373         73          0          1
       374        208          0          1
       375        341          0          1
       376        364          0          1
       377         37          1          1
       378         17          0          1
       379        281          0          1
       380        240          0          1
       381        354          0          1
       382        219          0          1
       383         92          1          1
       384        302          0          1
       385        152          1          1
       386        307          0          1
       387         45          1          1
       388        163          0          1
       389        292          1          1
       390        390          0          1
       391        155          1          1
       392        221          0          1
       393        198          1          1
       394        147          0          1
       395         99          1          1
       396         21          0          1
       397        276          0          1
       398        169          0          1
       399         47          0          1
       400        121          1          1
                2423
configuration                    3                10000         6.6195658202999969E-02         2.9800000000000000E+02         2.0000000000000001E-01
         1        171          1          1
         2        324          0          1
         3        315          1          1
         4        355          0          1
         5        370          1          1
         6        230          0          1
         7        397          0          1
         8        221          0          1
         9        154          0          1
        10        251          0          1
        11          6          0          1
        12        104          0          1
        13        150          0          1
        14        143          0          1
        15        140          1          1
        16         55          0          1
        17         98          1          1
        18        224          0          1
        19        359          0          1
        20        395          0          1
        21        125          0          1
        22        208          0          1
        23        241          0          1
        24        184          1          1
        25        384          0          1
        26        203          1          1
        27        269          0          1
        28         95          1          1
        29        379          0          1
        30        105          0          1
        31          5          1          1
        32        378          0          1
        33         41          0          1
        34         27          0          1
        35        352          0          1
        36         92          1          1
        37        119          0          1
        38        290          0          1
        39         11          1          1
        40        367          0          1
        41        240          1          1
        42         90          0          1
        43        289          0          1
        44        373          0          1
        45        292          1          1
        46        336          0          1
        47        400          0          1
        48        153          0          1
        49        341          0          1
        50        351          1          1
        51        147          0          1
        52        113          0          1
        53        345          1          1
        54         61          0          1
        55        306          0          1
        56        383          0          1
        57        163          0          1
        58        209          0          1
        59         33          0          1
        60        350          0          1
        61         29          0          1
        62        196          1          1
        63         15          0          1
        64        216          0          1
        65         79          0          1
        66        124          0          1
        67        255          0          1
        68         74          1          1
        69        200          0          1
        70        265          0          1
        71         68          0          1
        72        285          1          1
        73        380          0          1
        74        300          1          1
        75         94          0          1
        76         69          1          1
        77        205          0          1
        78        376          1          1
        79        309          0          1
        80        348          1          1
        81         21          0          1
        82        100          0          1
        83         83          0          1
        84        310          0          1
        85        277          0          1
        86        120          0          1
        87        129          1          1
        88        305          0          1
        89        159          1          1
        90        152          0          1
        91        283          0          1
        92        206          0          1
        93        126          1          1
        94        215          0          1
        95         57          1          1
        96        307          0          1
        97         44          1          1
        98        204          0          1
        99        167          0          1
       100        180          0          1
       101        259          1          1
       102         52          0          1
       103        267          0          1
       104        275          0          1
       105         72          0          1
       106        391          1          1
       107        112          0          1
       108        218          0          1
       109        128          0          1
       110         45          1          1
       111        264          0          1
       112        168          1          1
       113        317          0          1
       114        232          1          1
       115        335          0          1
       116         46          1          1
       117        244          0          1
       118        199          1          1
       119        116          0          1
       120        202          0          1
       121        225          0          1
       122         49          1          1
       123         82          0          1
       124        156          0          1
       125        161          1          1
       126        111          0          1
       127        347          0          1
       128         53          1          1
       129        360          0          1
       130         75          0          1
       131        123          1          1
       132         87          0          1
       133        169          1          1
       134        210          0          1
       135        207          1          1
       136        266          0          1
       137        358          1          1
       138        349          0          1
       139        281          1          1
       140        110          1          1
       141        369          0          1
       142        211          0          1
       143        179          1          1
       144        139          0          1
       145        246          0          1
       146        242          0          1
       147        299          1          1
       148         36          0          1
       149        364          1          1
       150        357          0          1
       151         97          0          1
       152        319          1          1
       153        328          0          1
       154         18          1          1
       155        155          0          1
       156         20          0          1
       157        145          0          1
       158         31          1          1
       159        301          0          1
       160        372          0          1
       161        231          0          1
       162        303          1          1
       163        165          0          1
       164        198          1          1
       165        189          0          1
       166        304          1          1
       167        201          0          1
       168        135          0          1
       169        282          0          1
       170         85          0          1
       171         60          1          1
       172        252          0          1
       173         35          1          1
       174        312          0          1
       175        134          1          1
       176         16          0          1
       177        327          1          1
       178        332          0          1
       179        212          0          1
       180         51          1          1
       181        131          1          1
       182        115          0          1
       183        248          0          1
       184         70          0          1
       185         32          0          1
       186        298          0          1
       187        190          1          1
       188        187          0          1
       189        291          1          1
       190        333          0          1
       191        381          0          1
       192        181          1          1
       193        228          0          1
       194         66          0          1
       195        321          0          1
       196        222          1          1
       197        363          0          1
       198        238          1          1
       199         58          0          1
       200        220          0          1
       201         34          0          1
       202         63          1          1
       203        393          0          1
       204        287          1          1
       205        117          0          1
       206        354          0          1
       207        183          0          1
       208        340          0          1
       209        243          0          1
       210        274          1          1
       211        325          0          1
       212        213          0          1
       213        103          0          1
       214         25          0          1
       215         99          1          1
       216        164          0          1
       217        271          0          1
       218         64          0          1
       219        136          1          1
       220        342          0          1
       221        297          0          1
       222         26          0          1
       223        356          0          1
       224        133          0          1
       225        157          0          1
       226         84          1          1
       227        394          0          1
       228        234          1          1
       229        344          0          1
       230        326          0          1
       231        194          0          1
       232        151          1          1
       233        257          0          1
       234         88          0          1
       235         42          0          1
       236         59          0          1
       237        254          0          1
       238        188          0          1
       239        256          0          1
       240        182          1          1
       241         78          1          1
       242        158          0          1
       243        107          1          1
       244        396          0          1
       245          4          1          1
       246        160          0          1
       247        365          1          1
       248         50          0          1
       249        197          1          1
       250         86          0          1
       251        262          1          1
       252        377          0          1
       253        337          1          1
       254        214          0          1
       255         13          1          1
       256        132          0          1
       257         12          0          1
       258        390          1          1
       259        392          0          1
       260        343          0          1
       261        374          0          1
       262        101          1          1
       263        118          0          1
       264        253          1          1
       265        102          0          1
       266         81          1          1
       267         91          0          1
       268        322          1          1
       269        170          0          1
       270        191          1          1
       271        338          0          1
       272        320          1          1
       273          2          0          1
       274        388          1          1
       275        122          0          1
       276        227          1          1
       277        142          0          1
       278        162          0          1
       279        371          0          1
       280         28          1          1
       281        288          1          1
       282        233          0          1
       283        316          1          1
       284        137          0          1
       285        329          0          1
       286        268          0          1
       287        353          1          1
       288        250          0          1
       289        280          1          1
       290        149          0          1
       291        148          0          1
       292         62          0          1
       293         96          1          1
       294        295          0          1
       295        273          1          1
       296        323          0          1
       297        178          0          1
       298         23          0          1
       299        362          0          1
       300        375          0          1
       301         76          0          1
       302         73          1          1
       303        398          0          1
       304        331          0          1
       305        127          1          1
       306        399          0          1
       307        166          0          1
       308         48          1          1
       309         38          0          1
       310         10          0          1
       311          9          1          1
       312        293          0          1
       313        106          0          1
       314        226          0          1
       315        121          0          1
       316        144          0          1
       317         77          0          1
       318         80          1          1
       319         43          0          1
       320        339          1          1
       321        382          1          1
       322        217          0          1
       323        146          0          1
       324        263          0          1
       325         19          0          1
       326         30          0          1
       327         40          1          1
       328        387          0          1
       329        279          0          1
       330        236          1          1
       331        235          0          1
       332          8          1          1
       333        177          0          1
       334        334          1          1
       335        237          0          1
       336         71          1          1
       337        138          0          1
       338        175          0          1
       339         14          0          1
       340        270          0          1
       341        114          0          1
       342        193          0          1
       343        313          0          1
       344        141          1          1
       345        186          0          1
       346        286          1          1
       347         89          0          1
       348        247          0          1
       349         56          1          1
       350         67          0          1
       351        260          1          1
       352        294          0          1
       353        278          1          1
       354        308          0          1
       355        330          1          1
       356        223          0          1
       357         39          0          1
       358        239          1          1
       359        314          0          1
       360          3          1          1
       361        311          0          1
       362        245          0          1
       363        296          0          1
       364        272          0          1
       365         37          0          1
       366         54          0          1
       367        385          0          1
       368        366          1          1
       369        185          0          1
       370        249          0          1
       371        361          0          1
       372        172          0          1
       373        389          0          1
       374        258          0          1
       375        173          0          1
       376        229          0          1
       377        386          1          1
       378         17          0          1
       379          1          1          1
       380        109          0          1
       381        302          0          1
       382        261          1          1
       383        130          0          1
       384        284          1          1
       385        176          0          1
       386         24          1          1
       387         65          0          1
       388          7          1          1
       389        108          0          1
       390         22          1          1
       391        192          0          1
       392        346          0          1
       393        174          1          1
       394        219          0          1
       395        195          0          1
       396        318          1          1
       397        276          0          1
       398        368          1          1
       399         47          0          1
       400         93          1          1
                4887
configuration                    4                15000         1.0043086006639916E-01         2.9800000000000000E+02         1.3877787807814457E-17
         1         96          1          1
         2        324          0          1
         3        236          1          1
         4        355          0          1
         5         56          0          1
         6        383          1          1
         7          3          0          1
         8        270          1          1
         9        305          0          1
        10        192          1          1
        11        337          0          1
        12         93          1          1
        13        278          0          1
        14        280          0          1
        15        198          0          1
        16         55          0          1
        17         81          1          1
        18        224          0          1
        19        349          0          1
        20         20          0          1
        21        125          0          1
        22        286          1          1
        23        241          0          1
        24        302          0          1
        25        186          1          1
        26        289          0          1
        27        252          1          1
        28        327          0          1
        29        234          0          1
        30        108          0          1
        31        232          0          1
        32        272          0          1
        33        216          0          1
        34        381          0          1
        35         95          1          1
        36        191          0          1
        37        119          0          1
        38         78          1          1
        39        185          0          1
        40        139          0          1
        41        180          0          1
        42         25          0          1
        43        213          0          1
        44        223          0          1
        45        364          0          1
        46        299          1          1
        47        243          0          1
        48        134          1          1
        49         32          0          1
        50        228          1          1
        51        109          0          1
        52        266          1          1
        53        204          0          1
        54         22          0          1
        55        239          0          1
        56        263          1          1
        57        121          0          1
        58        209          0          1
        59        357          0          1
        60        312          1          1
        61        267          0          1
        62        281          1          1
        63        350          0          1
        64        244          0          1
        65        378          1          1
        66         14          0          1
        67        363          0          1
        68         35          0          1
        69        394          1          1
        70        145          0          1
        71        386          1          1
        72        339          0          1
        73        296          1          1
        74        380          0          1
        75        314          0          1
        76        359          0          1
        77         33          1          1
        78         80          0          1
        79          8          1          1
        80          7          0          1
        81        259          0          1
        82        334          0          1
        83        248          0          1
        84        391          1          1
        85        341          0          1
        86        295          1          1
        87         91          0          1
        88        154          0          1
        89        306          0          1
        90        397          0          1
        91        304          0          1
        92        282          0          1
        93        179          0          1
        94        238          0          1
        95         53          1          1
        96        124          0          1
        97        331          0          1
        98        384          1          1
        99        137          0          1
       100        360          1          1
       101          2          1          1
       102        231          0          1
       103        358          1          1
       104        354          0          1
       105         26          0          1
       106        221          0          1
       107         37          0          1
       108         41          1          1
       109        269          0          1
       110        346          1          1
       111        264          0          1
       112         66          0          1
       113         19          0          1
       114        362          0          1
       115         83          0          1
       116         44          0          1
       117        157          1          1
       118        147          0          1
       119         90          0          1
       120        212          0          1
       121         99          0          1
       122        229          1          1
       123         89          0          1
       124        301          1          1
       125        348          0          1
       126        230          0          1
       127        237          1          1
       128        367          0          1
       129        149          0          1
       130         49          0          1
       131        106          1          1
       132         87          0          1
       133        351          0          1
       134        159          1          1
       135        320          0          1
       136        111          1          1
       137        258          0          1
       138        265          1          1
       139         84          0          1
       140        122          1          1
       141        293          0          1
       142        127          0          1
       143        171          1          1
       144        197          0          1
       145        262          1          1
       146        222          0          1
       147        136          0          1
       148        292          1          1
       149        323          0          1
       150         61          0          1
       151        255          0          1
       152         88          1          1
       153        328          0          1
       154        372          0          1
       155        101          1          1
       156        148          0          1
       157         72          1          1
       158        379          0          1
       159        168          1          1
       160        174          0          1
       161        170          1          1
       162        200          0          1
       163        313          0          1
       164         40          0          1
       165        210          0          1
       166        326          0          1
       167         67          1          1
       168        160          0          1
       169        356          0          1
       170          6          1          1
       171        285          0          1
       172        235          0          1
       173         57          0          1
       174          1          1          1
       175        138          0          1
       176         86          0          1
       177         38          0          1
       178        132          1          1
       179         92          0          1
       180        390          0          1
       181         29          0          1
       182        176          1          1
       183        371          0          1
       184         34          1          1
       185        162          0          1
       186        352          0          1
       187        110          0          1
       188        340          1          1
       189         48          0          1
       190        344          0          1
       191        375          0          1
       192        288          0          1
       193        250          1          1
       194        158          0          1
       195         28          1          1
       196        332          0          1
       197        152          1          1
       198        370          0          1
       199         58          0          1
       200        115          1          1
       201        161          1          1
       202        308          0          1
       203        102          1          1
       204         70          0          1
       205        178          1          1
       206        194          0          1
       207        319          0          1
       208        184          0          1
       209        100          1          1
       210        247          0          1
       211        218          0          1
       212         74          1          1
       213         62          0          1
       214        118          1          1
       215         77          0          1
       216        377          0          1
       217        369          0          1
       218        318          0          1
       219        387          1          1
       220        342          0          1
       221         63          0          1
       222        167          1          1
       223        315          0          1
       224         45          1          1
       225        105          0          1
       226        164          1          1
       227        117          0          1
       228        361          1          1
       229        103          0          1
       230        131          1          1
       231        140          0          1
       232         94          0          1
       233        382          0          1
       234         31          0          1
       235         42          0          1
       236         64          1          1
       237        254          0          1
       238        366          0          1
       239        256          0          1
       240         71          1          1
       241        242          0          1
       242        287          0          1
       243        104          0          1
       244        183          0          1
       245        396          1          1
       246        330          0          1
       247        193          1          1
       248         27          0          1
       249        271          0          1
       250        373          0          1
       251        203          1          1
       252        274          0          1
       253        205          1          1
       254        214          0          1
       255         46          0          1
       256         75          0          1
       257        129          1          1
       258        173          0          1
       259        219          0          1
       260        343          0          1
       261        374          0          1
       262        187          1          1
       263         13          0          1
       264         23          1          1
       265        188          0          1
       266         79          0          1
       267         73          0          1
       268        153          1          1
       269        146          0          1
       270        368          0          1
       271        338          0          1
       272         65          1          1
       273        399          0          1
       274         54          0          1
       275         82          0          1
       276         10          0          1
       277        220          0          1
       278        257          0          1
       279        141          0          1
       280         21          1          1
       281        310          1          1
       282        233          0          1
       283         98          1          1
       284        249          0          1
       285         30          1          1
       286        172          0          1
       287        196          0          1
       288        123          0          1
       289        112          0          1
       290         51          1          1
       291        226          0          1
       292        303          0          1
       293        195          1          1
       294        126          0          1
       295        392          1          1
       296         43          0          1
       297        365          1          1
       298        143          0          1
       299          4          0          1
       300         16          0          1
       301         76          0          1
       302        201          1          1
       303        398          0          1
       304        400          0          1
       305        142          0          1
       306        107          1          1
       307        166          0          1
       308        128          1          1
       309        113          0          1
       310         24          0          1
       311        211          0          1
       312        225          1          1
       313        376          0          1
       314         47          1          1
       315        389          0          1
       316        165          1          1
       317        333          0          1
       318        227          1          1
       319        329          0          1
       320        206          1          1
       321         60          1          1
       322        217          0          1
       323         68          1          1
       324        275          0          1
       325        177          1          1
       326        260          0          1
       327         18          1          1
       328          9          0          1
       329         15          1          1
       330         52          0          1
       331        335          0          1
       332        279          0          1
       333        291          1          1
       334        347          0          1
       335        245          0          1
       336        202          0          1
       337        345          0          1
       338         69          0          1
       339         11          0          1
       340        199          0          1
       341        114          0          1
       342        311          0          1
       343        273          0          1
       344        207          1          1
       345        240          0          1
       346        353          0          1
       347        268          0          1
       348        300          1          1
       349         85          0          1
       350        297          0          1
       351         50          0          1
       352        151          1          1
       353        283          0          1
       354        290          1          1
       355        261          0          1
       356        321          1          1
       357         39          0          1
       358         97          1          1
       359          5          0          1
       360        215          1          1
       361        116          1          1
       362        309          0          1
       363        189          1          1
       364        385          0          1
       365        253          0          1
       366        307          1          1
       367         12          0          1
       368        135          0          1
       369        284          0          1
       370         59          0          1
       371        336          1          1
       372        316          0          1
       373        190          1          1
       374        388          0          1
       375        322          1          1
       376        298          0          1
       377        144          1          1
       378         17          0          1
       379        181          1          1
       380        182          0          1
       381        395          0          1
       382        163          1          1
       383        130          0          1
       384        317          0          1
       385        208          1          1
       386        325          0          1
       387        155          1          1
       388        277          0          1
       389        246          1          1
       390        393          0          1
       391        150          0          1
       392        175          0          1
       393        156          0          1
       394         36          1          1
       395        133          0          1
       396        251          1          1
       397        276          0          1
       398        294          1          1
       399        120          0          1
       400        169          1          1
                7367
configuration                    5                20000         1.3456247934361534E-01         2.9800000000000000E+02         1.3877787807814457E-17
         1        188          0          1
         2        109          0          1
         3         69          0          1
         4        352          1          1
         5        391          0          1
         6         73          1          1
         7        142          0          1
         8         47          0          1
         9        376          1          1
        10        234          0          1
        11        317          1          1
        12         22          0          1
        13        365          1          1
        14        384          0          1
        15        378          1          1
        16         55          0          1
        17        368          1          1
        18        116          0          1
        19        147          1          1
        20         20          0          1
        21         27          0          1
        22        170          1          1
        23        221          0          1
        24        262          0          1
        25        156          1          1
        26        230          0          1
        27        215          0          1
        28        135          0          1
        29         81          0          1
        30        259          1          1
        31        200          0          1
        32        279          0          1
        33        118          0          1
        34        329          0          1
        35        332          0          1
        36        369          0          1
        37        267          0          1
        38        207          0          1
        39          6          0          1
        40        182          1          1
        41        290          1          1
        42         52          0          1
        43        269          0          1
        44         86          1          1
        45        364          0          1
        46        286          0          1
        47        175          1          1
        48        217          0          1
        49        367          1          1
        50        249          0          1
        51        256          1          1
        52        103          0          1
        53        104          1          1
        54        243          0          1
        55        343          1          1
        56        385          0          1
        57        218          0          1
        58        307          0          1
        59        233          1          1
        60         19          0          1
        61        304          0          1
        62        184          0          1
        63        380          0          1
        64        371          0          1
        65        366          0          1
        66        122          0          1
        67        195          0          1
        68        202          0          1
        69        327          0          1
        70        231          0          1
        71        281          0          1
        72        362          0          1
        73        252          0          1
        74         24          1          1
        75         42          0          1
        76        134          0          1
        77         84          0          1
        78        349          0          1
        79        386          0          1
        80         59          0          1
        81        292          0          1
        82         54          1          1
        83        326          0          1
        84         76          1          1
        85         97          0          1
        86         45          1          1
        87         91          0          1
        88        338          1          1
        89         94          0          1
        90        322          1          1
        91        105          0          1
        92        373          1          1
        93        299          0          1
        94        106          0          1
        95        291          0          1
        96         13          0          1
        97        123          1          1
        98         56          0          1
        99        113          0          1
       100        150          1          1
       101        183          1          1
       102        282          0          1
       103        277          1          1
       104        301          0          1
       105        285          0          1
       106        209          0          1
       107        318          1          1
       108         78          0          1
       109        388          1          1
       110         92          0          1
       111        333          1          1
       112        314          0          1
       113         30          1          1
       114        271          0          1
       115         11          1          1
       116        194          0          1
       117         40          0          1
       118        321          0          1
       119         48          1          1
       120        342          0          1
       121        325          0          1
       122        119          1          1
       123         89          0          1
       124        211          0          1
       125        331          0          1
       126        363          0          1
       127        397          0          1
       128        248          1          1
       129        245          0          1
       130         60          1          1
       131        278          0          1
       132        241          0          1
       133        337          0          1
       134        265          0          1
       135         85          0          1
       136         12          0          1
       137        178          1          1
       138        168          0          1
       139        246          0          1
       140        382          1          1
       141        350          1          1
       142        127          0          1
       143          4          0          1
       144        110          0          1
       145         72          0          1
       146         15          0          1
       147         93          0          1
       148        192          0          1
       149         79          1          1
       150        353          0          1
       151        140          1          1
       152        172          0          1
       153         16          0          1
       154        213          1          1
       155         95          0          1
       156        348          1          1
       157        370          0          1
       158        344          1          1
       159         66          0          1
       160        112          0          1
       161        255          0          1
       162        293          1          1
       163        124          0          1
       164        251          1          1
       165        210          0          1
       166        330          1          1
       167         26          0          1
       168        185          1          1
       169        121          0          1
       170        379          1          1
       171        393          0          1
       172        305          1          1
       173         58          0          1
       174        115          0          1
       175         41          1          1
       176        199          0          1
       177        102          1          1
       178        158          0          1
       179        272          0          1
       180        400          0          1
       181        390          1          1
       182         51          0          1
       183        132          1          1
       184        226          0          1
       185        190          0          1
       186         65          0          1
       187        101          1          1
       188        320          0          1
       189        283          1          1
       190         80          0          1
       191        242          1          1
       192        268          0          1
       193        228          1          1
       194        250          0          1
       195         29          0          1
       196        323          0          1
       197         38          0          1
       198        257          1          1
       199        236          0          1
       200         67          0          1
       201         37          0          1
       202        280          1          1
       203         33          0          1
       204        189          0          1
       205          7          1          1
       206        143          0          1
       207         87          0          1
       208         21          0          1
       209        131          0          1
       210        306          1          1
       211        270          0          1
       212        177          0          1
       213        237          0          1
       214        247          0          1
       215         63          1          1
       216        377          0          1
       217        201          1          1
       218         64          0          1
       219        358          1          1
       220        260          0          1
       221        394          1          1
       222        351          0          1
       223          1          1          1
       224        206          0          1
       225        180          0          1
       226        117          0          1
       227        167          1          1
       228         23          0          1
       229        216          1          1
       230          8          0          1
       231        166          1          1
       232        111          0          1
       233        297          0          1
       234        232          0          1
       235         35          0          1
       236         82          0          1
       237         49          0          1
       238         31          1          1
       239         96          0          1
       240        139          0          1
       241        387          0          1
       242        357          1          1
       243         98          0          1
       244          3          0          1
       245        288          0          1
       246        374          1          1
       247          2          0          1
       248        222          0          1
       249        100          0          1
       250        205          1          1
       251        186          0          1
       252         36          0          1
       253        253          1          1
       254        203          0          1
       255        148          0          1
       256         71          0          1
       257         99          1          1
       258        173          0          1
       259         53          0          1
       260        295          1          1
       261        214          1          1
       262        334          0          1
       263        399          0          1
       264         70          0          1
       265        162          1          1
       266        145          0          1
       267         57          1          1
       268        341          0          1
       269        149          1          1
       270        198          0          1
       271         18          1          1
       272        191          0          1
       273          9          0          1
       274        225          1          1
       275        311          0          1
       276        355          1          1
       277        220          0          1
       278        212          0          1
       279        141          0          1
       280        161          0          1
       281        383          0          1
       282         88          1          1
       283         90          0          1
       284        137          0          1
       285         10          0          1
       286        275          1          1
       287        138          0          1
       288        152          1          1
       289        208          0          1
       290        254          0          1
       291        274          0          1
       292        159          0          1
       293        336          1          1
       294        204          0          1
       295         61          1          1
       296         43          0          1
       297        235          0          1
       298        356          1          1
       299        130          0          1
       300        346          1          1
       301        146          1          1
       302        128          0          1
       303        398          0          1
       304         46          1          1
       305        315          0          1
       306        238          0          1
       307        302          0          1
       308        153          0          1
       309        163          1          1
       310         83          0          1
       311        319          1          1
       312         14          0          1
       313        266          0          1
       314        240          1          1
       315        389          0          1
       316        181          0          1
       317        354          1          1
       318        284          0          1
       319         62          0          1
       320        261          0          1
       321        239          0          1
       322        313          0          1
       323        392          1          1
       324        345          0          1
       325        154          0          1
       326        196          1          1
       327         75          0          1
       328        339          0          1
       329        296          0          1
       330        361          1          1
       331        396          0          1
       332         39          1          1
       333        229          0          1
       334        289          0          1
       335         32          0          1
       336        160          0          1
       337        126          0          1
       338        107          1          1
       339        300          0          1
       340        114          0          1
       341        193          1          1
       342        197          0          1
       343        273          0          1
       344        129          0          1
       345         28          1          1
       346        125          0          1
       347        324          1          1
       348        151          0          1
       349         50          1          1
       350        171          0          1
       351          5          1          1
       352        174          0          1
       353         44          0          1
       354        294          1          1
       355        372          0          1
       356        244          1          1
       357        312          0          1
       358        144          0          1
       359        375          1          1
       360        164          0          1
       361        176          0          1
       362        309          0          1
       363        223          0          1
       364        303          0          1
       365        258          0          1
       366         77          0          1
       367        287          0          1
       368        263          1          1
       369        308          0          1
       370        227          1          1
       371         17          0          1
       372        360          0          1
       373         68          1          1
       374        179          0          1
       375        316          0          1
       376        298          0          1
       377        165          0          1
       378        310          0          1
       379        328          0          1
       380        108          0          1
       381        395          0          1
       382        219          0          1
       383        224          0          1
       384        136          0          1
       385        359          1          1
       386        347          0          1
       387        264          1          1
       388         25          0          1
       389        340          0          1
       390         74          0          1
       391        187          0          1
       392        381          1          1
       393        157          0          1
       394        155          1          1
       395        133          0          1
       396        169          1          1
       397        276          0          1
       398         34          1          1
       399        120          0          1
       400        335          1          1
                9848
configuration                    6                25000         1.6887137938627886E-01         2.9800000000000000E+02         1.0000000000000002E-01
         1        398          0          1
         2        112          1          1
         3         62          0          1
         4        115          0          1
         5        153          0          1
         6         37          1          1
         7        129          0          1
         8        370          0          1
         9        322          0          1
        10         22          1          1
        11        180          0          1
        12        257          1          1
        13        327          0          1
        14        377          1          1
        15        120          0          1
        16        119          0          1
        17         79          0          1
        18        109          1          1
        19        102          0          1
        20        156          1          1
        21        184          1          1
        22         98          0          1
        23        223          1          1
        24        294          0          1
        25        209          1          1
        26        255          0          1
        27        216          1          1
        28        280          0          1
        29          2          1          1
        30        177          0          1
        31        325          1          1
        32        352          0          1
        33        197          1          1
        34        146          0          1
        35        381          0          1
        36        316          0          1
        37        343          1          1
        38        114          0          1
        39        285          1          1
        40        254          0          1
        41        295          0          1
        42        289          1          1
        43        269          0          1
        44        387          1          1
        45         83          0          1
        46         47          1          1
        47        259          0          1
        48         17          1          1
        49        139          0          1
        50        355          1          1
        51        372          0          1
        52        193          0          1
        53         53          0          1
        54         70          1          1
        55        369          0          1
        56         94          1          1
        57        362          0          1
        58        396          0          1
        59          4          0          1
        60        160          1          1
        61        305          0          1
        62        360          0          1
        63         56          1          1
        64        371          0          1
        65        239          1          1
        66        122          0          1
        67        328          1          1
        68        304          0          1
        69         13          1          1
        70        145          0          1
        71        392          0          1
        72        186          0          1
        73        252          0          1
        74        222          0          1
        75        181          0          1
        76        134          0          1
        77        388          1          1
        78         91          0          1
        79        311          1          1
        80         59          0          1
        81        292          0          1
        82        366          0          1
        83        326          0          1
        84         66          0          1
        85         97          0          1
        86        397          0          1
        87         45          0          1
        88        171          1          1
        89         96          0          1
        90         61          1          1
        91        105          0          1
        92        266          1          1
        93         38          0          1
        94        125          1          1
        95        291          0          1
        96         41          1          1
        97         28          0          1
        98        238          1          1
        99        113          0          1
       100        350          0          1
       101        359          1          1
       102        282          0          1
       103         43          1          1
       104        267          0          1
       105        212          1          1
       106        335          0          1
       107         26          1          1
       108        211          0          1
       109        141          1          1
       110        380          0          1
       111        264          1          1
       112        314          0          1
       113         52          0          1
       114         24          0          1
       115        301          1          1
       116        194          0          1
       117         42          1          1
       118        321          0          1
       119        287          1          1
       120         82          0          1
       121        272          0          1
       122        306          0          1
       123        273          0          1
       124        227          1          1
       125        201          0          1
       126        299          1          1
       127        167          0          1
       128          5          1          1
       129        245          0          1
       130         29          1          1
       131        278          0          1
       132        241          1          1
       133        337          0          1
       134        349          0          1
       135         85          0          1
       136        161          1          1
       137        123          0          1
       138        217          1          1
       139        246          0          1
       140        150          1          1
       141        263          1          1
       142        127          0          1
       143        248          1          1
       144         32          0          1
       145         89          1          1
       146         15          0          1
       147        188          0          1
       148        192          0          1
       149        330          1          1
       150         39          0          1
       151        307          1          1
       152         86          0          1
       153        256          1          1
       154        118          1          1
       155        176          0          1
       156        137          0          1
       157        339          1          1
       158        260          0          1
       159        361          1          1
       160        290          0          1
       161         50          0          1
       162        383          1          1
       163        104          0          1
       164         18          1          1
       165        220          0          1
       166        182          0          1
       167        172          1          1
       168        116          0          1
       169        399          0          1
       170        101          0          1
       171         88          0          1
       172        374          1          1
       173        166          0          1
       174        128          0          1
       175        333          0          1
       176        100          1          1
       177         99          0          1
       178         33          1          1
       179        152          0          1
       180        317          1          1
       181        384          1          1
       182         51          0          1
       183         65          1          1
       184        164          0          1
       185        147          0          1
       186         60          1          1
       187          3          0          1
       188        400          1          1
       189        286          0          1
       190        136          0          1
       191         12          1          1
       192         87          0          1
       193        173          0          1
       194        296          0          1
       195         23          1          1
       196        347          0          1
       197        205          0          1
       198        249          0          1
       199        159          1          1
       200        391          0          1
       201        250          0          1
       202        170          1          1
       203        270          0          1
       204        393          0          1
       205        341          1          1
       206        221          0          1
       207        303          0          1
       208        336          0          1
       209        323          1          1
       210        379          0          1
       211        237          0          1
       212        107          0          1
       213         93          1          1
       214        163          0          1
       215        364          0          1
       216        208          1          1
       217        169          0          1
       218        276          1          1
       219        140          0          1
       220         20          1          1
       221        143          0          1
       222        351          0          1
       223        175          1          1
       224        320          0          1
       225        206          0          1
       226         21          1          1
       227        131          0          1
       228         64          1          1
       229        284          0          1
       230        338          1          1
       231        368          0          1
       232          1          1          1
       233         46          0          1
       234        124          0          1
       235         27          1          1
       236        179          0          1
       237        168          1          1
       238         69          0          1
       239        234          1          1
       240         68          0          1
       241        103          0          1
       242        386          0          1
       243        382          0          1
       244         95          1          1
       245        142          0          1
       246        389          0          1
       247        275          1          1
       248          8          0          1
       249        376          1          1
       250        242          0          1
       251        235          1          1
       252         36          0          1
       253        313          0          1
       254        226          0          1
       255        283          0          1
       256        138          1          1
       257         19          0          1
       258        178          1          1
       259        302          0          1
       260        251          0          1
       261        215          0          1
       262        334          0          1
       263         81          1          1
       264        378          0          1
       265        310          1          1
       266        210          0          1
       267        312          0          1
       268        240          1          1
       269        154          0          1
       270        231          0          1
       271        232          0          1
       272          6          1          1
       273        195          0          1
       274        358          0          1
       275         11          1          1
       276         75          0          1
       277        262          1          1
       278        111          0          1
       279         92          0          1
       280        395          1          1
       281        346          0          1
       282        191          1          1
       283         90          0          1
       284        375          1          1
       285        236          0          1
       286        342          0          1
       287        130          1          1
       288        199          0          1
       289        319          1          1
       290        332          0          1
       291        308          1          1
       292        148          0          1
       293        230          1          1
       294        204          0          1
       295        318          0          1
       296        218          1          1
       297         58          0          1
       298        106          0          1
       299        224          1          1
       300        228          0          1
       301        144          0          1
       302        189          0          1
       303        126          1          1
       304        207          0          1
       305        344          1          1
       306        293          0          1
       307        324          0          1
       308        203          1          1
       309         72          0          1
       310        244          1          1
       311         14          0          1
       312        247          1          1
       313         73          0          1
       314        357          1          1
       315        309          0          1
       316        261          0          1
       317         80          0          1
       318         71          1          1
       319        331          0          1
       320        135          1          1
       321         48          0          1
       322        385          0          1
       323        198          0          1
       324        225          1          1
       325        190          0          1
       326         25          0          1
       327        356          1          1
       328        196          0          1
       329        200          0          1
       330        329          0          1
       331        300          0          1
       332        363          0          1
       333          7          0          1
       334         54          0          1
       335        149          0          1
       336        133          0          1
       337        288          1          1
       338        229          0          1
       339        174          1          1
       340         55          0          1
       341        155          1          1
       342         78          0          1
       343         10          1          1
       344         63          0          1
       345        162          1          1
       346        243          0          1
       347         30          0          1
       348        214          1          1
       349        258          0          1
       350         67          0          1
       351         16          1          1
       352          9          0          1
       353         44          1          1
       354        253          0          1
       355        315          0          1
       356        233          1          1
       357        187          0          1
       358         35          1          1
       359         76          0          1
       360        157          0          1
       361        367          0          1
       362        281          0          1
       363         74          0          1
       364        121          1          1
       365        213          0          1
       366        165          1          1
       367        373          0          1
       368        117          0          1
       369        394          0          1
       370        271          1          1
       371        108          0          1
       372        274          1          1
       373        110          0          1
       374        365          1          1
       375         34          0          1
       376        185          0          1
       377        345          1          1
       378        132          0          1
       379        265          0          1
       380        298          1          1
       381         84          1          1
       382         77          0          1
       383        151          1          1
       384        202          0          1
       385        158          0          1
       386        348          0          1
       387        297          1          1
       388         31          0          1
       389        353          0          1
       390        183          0          1
       391        340          1          1
       392         49          0          1
       393        279          1          1
       394        268          0          1
       395        277          1          1
       396        390          0          1
       397        354          0          1
       398         57          0          1
       399         40          1          1
       400        219          0          1
               12320
configuration                    7                30000         2.0285925682168399E-01         2.9800000000000000E+02         1.0000000000000002E-01
         1        398          0          1
         2        191          1          1
         3        228          0          1
         4         96          1          1
         5        286          0          1
         6        355          1          1
         7        200          0          1
         8        218          0          1
         9        322          0          1
        10        325          1          1
        11        180          0          1
        12         84          0          1
        13        327          0          1
        14        335          1          1
        15        287          0          1
        16         27          1          1
        17        217          0          1
        18        342          0          1
        19        139          0          1
        20        178          0          1
        21        182          0          1
        22         98          0          1
        23        173          1          1
        24        128          0          1
        25         24          0          1
        26        255          0          1
        27        290          0          1
        28        313          1          1
        29          5          0          1
        30         88          0          1
        31        247          1          1
        32        352          0          1
        33        362          0          1
        34        303          0          1
        35        250          1          1
        36        189          0          1
        37        400          1          1
        38        339          1          1
        39        159          0          1
        40        254          0          1
        41        133          0          1
        42         46          1          1
        43        193          0          1
        44        298          1          1
        45        251          0          1
        46        317          0          1
        47        283          1          1
        48        230          0          1
        49        242          1          1
        50         54          0          1
        51        372          0          1
        52        162          0          1
        53         53          0          1
        54         64          1          1
        55        363          0          1
        56        246          1          1
        57         48          0          1
        58        221          0          1
        59         90          0          1
        60         40          1          1
        61        384          1          1
        62        145          0          1
        63        109          1          1
        64         16          0          1
        65        107          0          1
        66        244          1          1
        67        332          0          1
        68        152          0          1
        69        183          0          1
        70         35          0          1
        71        167          1          1
        72        186          0          1
        73        227          1          1
        74        222          0          1
        75         45          1          1
        76        134          0          1
        77        357          0          1
        78        373          0          1
        79        278          1          1
        80         59          0          1
        81        292          0          1
        82        310          0          1
        83         70          0          1
        84         28          0          1
        85         15          1          1
        86        387          0          1
        87        192          1          1
        88         89          0          1
        89         12          1          1
        90        184          0          1
        91        285          0          1
        92        320          1          1
        93         38          0          1
        94        374          1          1
        95        291          0          1
        96        385          1          1
        97        256          0          1
        98        219          1          1
        99        113          0          1
       100         32          1          1
       101        190          0          1
       102        175          0          1
       103         97          1          1
       104        267          0          1
       105        341          0          1
       106        294          0          1
       107         26          0          1
       108        334          1          1
       109         95          0          1
       110         75          0          1
       111        271          1          1
       112        314          0          1
       113        103          1          1
       114        181          0          1
       115        220          1          1
       116        234          0          1
       117        104          0          1
       118        148          0          1
       119         68          0          1
       120         80          0          1
       121         77          0          1
       122        188          0          1
       123        273          0          1
       124        144          1          1
       125          1          0          1
       126        358          1          1
       127        379          0          1
       128        195          0          1
       129        378          1          1
       130        326          0          1
       131        302          0          1
       132        163          0          1
       133        337          0          1
       134        229          0          1
       135         85          0          1
       136        288          1          1
       137        123          0          1
       138        161          0          1
       139        214          0          1
       140        245          1          1
       141        208          1          1
       142        306          0          1
       143        127          1          1
       144        293          0          1
       145        329          1          1
       146        153          0          1
       147        106          0          1
       148        393          1          1
       149        312          0          1
       150         39          0          1
       151        232          1          1
       152         86          0          1
       153        235          0          1
       154        204          1          1
       155         52          0          1
       156        225          0          1
       157        141          0          1
       158        260          0          1
       159        390          0          1
       160        383          0          1
       161        131          0          1
       162        169          0          1
       163         67          0          1
       164        160          0          1
       165         94          0          1
       166        343          0          1
       167         83          0          1
       168        177          0          1
       169        304          0          1
       170          8          1          1
       171        289          0          1
       172        248          1          1
       173        118          0          1
       174        338          0          1
       175        394          1          1
       176        392          0          1
       177        146          0          1
       178        170          1          1
       179        205          0          1
       180        301          0          1
       181        299          1          1
       182         43          0          1
       183        155          0          1
       184        164          0          1
       185        311          1          1
       186         23          0          1
       187        296          1          1
       188        147          0          1
       189        305          1          1
       190         13          0          1
       191         17          1          1
       192        370          0          1
       193        115          0          1
       194        125          1          1
       195        371          0          1
       196         74          0          1
       197        380          1          1
       198        249          0          1
       199         62          1          1
       200        391          0          1
       201          6          0          1
       202        172          1          1
       203        270          0          1
       204         87          1          1
       205        389          0          1
       206        351          0          1
       207         72          0          1
       208        361          1          1
       209        129          0          1
       210        280          0          1
       211        266          0          1
       212        130          1          1
       213        376          0          1
       214        258          0          1
       215        364          0          1
       216        257          1          1
       217         56          0          1
       218         51          1          1
       219        137          0          1
       220        367          1          1
       221        211          1          1
       222         91          0          1
       223         18          1          1
       224        154          0          1
       225        138          1          1
       226        395          0          1
       227        350          1          1
       228        132          0          1
       229        324          0          1
       230        315          1          1
       231          4          0          1
       232         65          0          1
       233        323          1          1
       234         50          0          1
       235        120          0          1
       236        157          0          1
       237        135          1          1
       238        388          0          1
       239        101          0          1
       240        382          0          1
       241        331          0          1
       242         82          1          1
       243        233          0          1
       244        300          0          1
       245        142          0          1
       246        105          1          1
       247        279          0          1
       248        223          1          1
       249        381          0          1
       250        359          0          1
       251        263          0          1
       252         71          1          1
       253         57          0          1
       254        166          1          1
       255        274          0          1
       256         42          1          1
       257         19          0          1
       258          2          1          1
       259          3          0          1
       260        316          0          1
       261         30          0          1
       262         44          0          1
       263        344          1          1
       264        207          0          1
       265        272          0          1
       266        318          0          1
       267        252          1          1
       268        226          0          1
       269         20          1          1
       270        265          0          1
       271         41          1          1
       272        198          0          1
       273        124          1          1
       274        308          0          1
       275        333          1          1
       276        354          0          1
       277        328          1          1
       278        356          0          1
       279         10          0          1
       280        201          0          1
       281        165          0          1
       282         21          1          1
       283         93          0          1
       284         58          1          1
       285        236          0          1
       286        168          1          1
       287        309          0          1
       288        284          1          1
       289        150          0          1
       290        149          1          1
       291        365          0          1
       292        121          1          1
       293        347          0          1
       294        185          1          1
       295        112          0          1
       296        253          1          1
       297         55          0          1
       298        264          1          1
       299         73          0          1
       300         92          0          1
       301        199          0          1
       302        276          0          1
       303         63          1          1
       304        269          0          1
       305        116          0          1
       306        224          0          1
       307        375          0          1
       308         69          0          1
       309        119          1          1
       310        171          0          1
       311        140          1          1
       312         22          0          1
       313        277          1          1
       314        397          0          1
       315         25          0          1
       316        366          0          1
       317         99          1          1
       318        158          0          1
       319         61          1          1
       320         60          0          1
       321        203          0          1
       322        282          1          1
       323        215          0          1
       324        386          1          1
       325          9          0          1
       326        102          0          1
       327        117          0          1
       328        353          1          1
       329        136          0          1
       330        111          1          1
       331        151          0          1
       332        194          1          1
       333          7          0          1
       334         29          1          1
       335        295          0          1
       336        114          1          1
       337        330          0          1
       338        237          1          1
       339         11          0          1
       340        179          0          1
       341         47          1          1
       342        275          0          1
       343        259          1          1
       344        143          0          1
       345        196          0          1
       346        243          0          1
       347        360          1          1
       348        396          0          1
       349        261          1          1
       350        377          0          1
       351        345          0          1
       352        209          0          1
       353        210          0          1
       354         76          0          1
       355         66          1          1
       356        321          0          1
       357        174          1          1
       358        206          0          1
       359        241          1          1
       360        238          0          1
       361         78          0          1
       362        281          1          1
       363        231          0          1
       364        187          1          1
       365        213          0          1
       366         14          1          1
       367        240          0          1
       368        399          1          1
       369        100          0          1
       370        336          1          1
       371        108          0          1
       372        319          1          1
       373        110          0          1
       374        126          1          1
       375         34          0          1
       376        307          0          1
       377        369          0          1
       378         33          0          1
       379         37          0          1
       380        346          1          1
       381        262          0          1
       382        216          0          1
       383         81          0          1
       384        202          0          1
       385         79          1          1
       386        348          0          1
       387        212          1          1
       388         31          0          1
       389        176          1          1
       390        239          0          1
       391        340          0          1
       392        368          0          1
       393         49          1          1
       394        268          0          1
       395        349          0          1
       396        122          0          1
       397        197          1          1
       398        156          0          1
       399        297          1          1
       400         36          0          1
               14808
configuration                    8                35000         2.3731870431592664E-01         2.9800000000000000E+02         1.0000000000000002E-01
         1        310          0          1
         2        331          0          1
         3         31          1          1
         4        119          0          1
         5         90          1          1
         6        149          0          1
         7        144          0          1
         8        338          1          1
         9         63          0          1
        10         53          0          1
        11        180          0          1
        12         48          1          1
        13        327          0          1
        14        306          0          1
        15        215          0          1
        16        190          1          1
        17        197          0          1
        18         52          0          1
        19         71          0          1
        20        158          1          1
        21         93          0          1
        22        210          1          1
        23        383          0          1
        24         65          1          1
        25        159          0          1
        26        255          0          1
        27        346          1          1
        28        358          0          1
        29        353          0          1
        30        337          0          1
        31        108          1          1
        32        213          0          1
        33        202          0          1
        34        362          0          1
        35        256          1          1
        36        206          0          1
        37        220          0          1
        38        134          0          1
        39        238          0          1
        40         45          0          1
        41        248          1          1
        42        168          0          1
        43         84          1          1
        44        267          0          1
        45          3          0          1
        46        321          1          1
        47        170          0          1
        48        350          0          1
        49         88          0          1
        50        148          1          1
        51        380          0          1
        52          8          0          1
        53          6          1          1
        54         82          0          1
        55        363          0          1
        56        330          1          1
        57        219          0          1
        58        221          1          1
        59        340          0          1
        60        226          0          1
        61        333          0          1
        62        345          1          1
        63        385          0          1
        64        297          0          1
        65        286          1          1
        66        172          0          1
        67        356          1          1
        68         23          0          1
        69        283          1          1
        70        394          0          1
        71        207          0          1
        72        125          1          1
        73        139          0          1
        74        222          0          1
        75        271          0          1
        76         67          0          1
        77        325          0          1
        78        264          0          1
        79          5          1          1
        80         39          0          1
        81        123          1          1
        82        200          0          1
        83        143          0          1
        84        235          0          1
        85        162          0          1
        86         62          0          1
        87         29          0          1
        88         16          1          1
        89         51          0          1
        90          4          1          1
        91         14          0          1
        92        279          0          1
        93         38          0          1
        94         70          1          1
        95        341          0          1
        96         81          0          1
        97         27          0          1
        98         91          1          1
        99        251          0          1
       100        154          0          1
       101        391          0          1
       102         92          0          1
       103        102          0          1
       104         99          0          1
       105        156          1          1
       106        294          0          1
       107        128          1          1
       108        254          0          1
       109        257          1          1
       110        150          0          1
       111        126          1          1
       112        212          0          1
       113         42          0          1
       114         44          0          1
       115        242          1          1
       116        324          0          1
       117        249          1          1
       118        187          0          1
       119        354          0          1
       120        155          1          1
       121         43          0          1
       122        164          1          1
       123        379          0          1
       124        246          1          1
       125        342          0          1
       126         79          0          1
       127         64          0          1
       128         17          0          1
       129        396          0          1
       130          9          0          1
       131        229          0          1
       132        336          1          1
       133        360          0          1
       134        171          1          1
       135        339          0          1
       136         95          1          1
       137        300          0          1
       138        315          1          1
       139        375          0          1
       140        245          0          1
       141        373          1          1
       142        208          0          1
       143        104          1          1
       144        183          0          1
       145        184          1          1
       146        153          0          1
       147        186          1          1
       148        225          0          1
       149        120          0          1
       150        378          0          1
       151        203          1          1
       152        118          0          1
       153        326          1          1
       154        113          0          1
       155         13          1          1
       156        141          0          1
       157        250          1          1
       158        192          0          1
       159        308          0          1
       160         68          0          1
       161        287          0          1
       162        369          1          1
       163        166          0          1
       164        395          1          1
       165        376          0          1
       166        182          1          1
       167         83          0          1
       168        211          0          1
       169         75          0          1
       170        115          1          1
       171        105          0          1
       172        366          1          1
       173        265          0          1
       174        328          1          1
       175        319          0          1
       176        344          1          1
       177        174          0          1
       178         26          0          1
       179        163          1          1
       180        189          0          1
       181        112          0          1
       182        131          0          1
       183        236          0          1
       184         98          0          1
       185        227          1          1
       186        218          0          1
       187        303          1          1
       188        147          0          1
       189        398          1          1
       190         11          0          1
       191        175          1          1
       192        370          0          1
       193        277          1          1
       194         40          0          1
       195        312          0          1
       196        103          0          1
       197        121          0          1
       198        285          1          1
       199        273          0          1
       200        361          0          1
       201         35          0          1
       202        109          0          1
       203        130          0          1
       204         86          1          1
       205        322          0          1
       206        390          1          1
       207         72          0          1
       208        301          1          1
       209        129          0          1
       210        334          0          1
       211        352          0          1
       212        348          0          1
       213        173          0          1
       214        188          1          1
       215        364          0          1
       216        278          1          1
       217         56          0          1
       218        252          0          1
       219         57          1          1
       220         97          1          1
       221        335          1          1
       222         41          0          1
       223         80          1          1
       224         85          0          1
       225        224          1          1
       226        117          0          1
       227        382          1          1
       228        317          0          1
       229        122          1          1
       230          2          0          1
       231         19          1          1
       232         59          0          1
       233        298          1          1
       234         50          0          1
       235        374          0          1
       236        157          0          1
       237        179          0          1
       238         15          1          1
       239        107          0          1
       240        266          0          1
       241        169          0          1
       242        234          1          1
       243        233          0          1
       244        161          1          1
       245        142          0          1
       246        323          1          1
       247         74          0          1
       248        399          0          1
       249        146          0          1
       250        313          1          1
       251        349          0          1
       252        384          1          1
       253        232          0          1
       254         89          1          1
       255        274          0          1
       256        386          0          1
       257        291          0          1
       258         78          0          1
       259        140          0          1
       260        389          1          1
       261        314          1          1
       262        100          0          1
       263        195          1          1
       264        387          0          1
       265        343          1          1
       266        318          0          1
       267        217          0          1
       268        305          0          1
       269         61          1          1
       270         21          0          1
       271        281          1          1
       272        198          0          1
       273        137          1          1
       274        299          0          1
       275        116          1          1
       276        165          0          1
       277        160          0          1
       278         37          0          1
       279        392          1          1
       280        296          0          1
       281        290          0          1
       282        259          1          1
       283        377          0          1
       284        193          1          1
       285         69          0          1
       286        357          1          1
       287        309          0          1
       288        307          1          1
       289        284          0          1
       290        293          0          1
       291        214          0          1
       292        114          1          1
       293        347          0          1
       294         58          0          1
       295         33          0          1
       296        152          1          1
       297         25          0          1
       298        289          0          1
       299         73          0          1
       300        400          1          1
       301        280          1          1
       302        276          0          1
       303        316          1          1
       304         94          0          1
       305        393          1          1
       306         12          0          1
       307        388          1          1
       308        237          0          1
       309        270          1          1
       310        372          0          1
       311        185          1          1
       312         22          0          1
       313         18          1          1
       314        397          0          1
       315        304          0          1
       316        205          0          1
       317         49          1          1
       318        135          0          1
       319        181          1          1
       320        124          0          1
       321         96          0          1
       322        253          1          1
       323         47          0          1
       324         55          0          1
       325        359          0          1
       326        269          0          1
       327        351          0          1
       328        329          1          1
       329        136          0          1
       330         20          0          1
       331        151          0          1
       332        241          1          1
       333          7          0          1
       334        223          1          1
       335        295          0          1
       336        302          0          1
       337        201          0          1
       338        320          1          1
       339        261          0          1
       340        132          1          1
       341        231          1          1
       342        275          0          1
       343         60          0          1
       344        355          1          1
       345         66          0          1
       346        243          0          1
       347        365          1          1
       348        111          0          1
       349        244          1          1
       350         28          0          1
       351        101          1          1
       352        209          0          1
       353         46          1          1
       354         76          0          1
       355        216          1          1
       356        230          0          1
       357        288          1          1
       358         36          0          1
       359        191          1          1
       360        258          0          1
       361        127          0          1
       362          1          0          1
       363        381          1          1
       364        247          0          1
       365        239          1          1
       366        228          0          1
       367        240          0          1
       368        145          1          1
       369        292          0          1
       370        194          1          1
       371        371          0          1
       372        133          0          1
       373        110          0          1
       374        178          0          1
       375        272          0          1
       376        332          0          1
       377        263          0          1
       378         10          1          1
       379         87          0          1
       380        260          0          1
       381        138          0          1
       382         54          1          1
       383        204          0          1
       384        199          1          1
       385         24          0          1
       386         77          0          1
       387        282          1          1
       388        311          0          1
       389        262          1          1
       390        196          0          1
       391        367          1          1
       392        368          0          1
       393         32          1          1
       394        268          0          1
       395        176          0          1
       396         30          0          1
       397        177          1          1
       398        106          0          1
       399         34          1          1
       400        167          0          1
               17294
configuration                    9                40000         2.7233811356966436E-01         2.9800000000000000E+02         2.0000000000000001E-01
         1        104          0          1
         2        331          0          1
         3        226          0          1
         4         43          0          1
         5        169          1          1
         6        114          0          1
         7        332          0          1
         8        323          1          1
         9         63          0          1
        10        264          1          1
        11        180          0          1
        12         20          0          1
        13        327          0          1
        14         61          0          1
        15        271          0          1
        16        115          0          1
        17        170          1          1
        18         71          0          1
        19        300          1          1
        20         96          0          1
        21        215          0          1
        22        354          1          1
        23        378          0          1
        24        283          1          1
        25         65          0          1
        26         27          0          1
        27        377          0          1
        28        358          0          1
        29        373          1          1
        30         49          0          1
        31        278          0          1
        32        213          0          1
        33        374          1          1
        34        362          0          1
        35        163          0          1
        36        121          0          1
        37        154          0          1
        38        220          1          1
        39        321          0          1
        40         41          1          1
        41        177          1          1
        42        168          0          1
        43         92          1          1
        44         38          0          1
        45         62          0          1
        46        217          1          1
        47        207          0          1
        48        338          1          1
        49        175          0          1
        50        152          0          1
        51         14          0          1
        52        297          1          1
        53         66          0          1
        54        132          1          1
        55        119          0          1
        56        393          0          1
        57        363          1          1
        58         13          0          1
        59        189          0          1
        60         99          0          1
        61         79          0          1
        62        294          1          1
        63         19          0          1
        64        219          0          1
        65        144          1          1
        66        208          0          1
        67        312          1          1
        68         57          0          1
        69         70          1          1
        70        146          0          1
        71         59          1          1
        72        186          0          1
        73        155          1          1
        74        166          0          1
        75        398          0          1
        76        117          1          1
        77        388          0          1
        78        102          0          1
        79        167          0          1
        80        212          1          1
        81        288          1          1
        82        251          0          1
        83        222          1          1
        84        379          0          1
        85        243          0          1
        86        270          1          1
        87        164          0          1
        88        391          1          1
        89        184          0          1
        90        256          1          1
        91         58          0          1
        92         52          1          1
        93        228          0          1
        94         80          1          1
        95        225          0          1
        96         90          0          1
        97        192          1          1
        98        111          0          1
        99         17          1          1
       100        242          0          1
       101         74          0          1
       102        298          1          1
       103        359          0          1
       104        337          1          1
       105        205          0          1
       106        179          0          1
       107        303          1          1
       108        249          0          1
       109        171          1          1
       110        289          0          1
       111        211          1          1
       112        384          0          1
       113        199          1          1
       114        233          0          1
       115         97          0          1
       116          7          1          1
       117          3          0          1
       118        268          1          1
       119         47          0          1
       120         22          1          1
       121        304          1          1
       122        277          0          1
       123        345          1          1
       124         29          0          1
       125        200          0          1
       126          1          0          1
       127        161          0          1
       128        309          1          1
       129         54          0          1
       130        313          1          1
       131        316          0          1
       132        376          1          1
       133        360          0          1
       134        356          0          1
       135        108          0          1
       136        248          0          1
       137        389          1          1
       138        223          0          1
       139        109          1          1
       140         24          0          1
       141        133          0          1
       142         10          0          1
       143        244          0          1
       144        252          0          1
       145        235          1          1
       146        153          0          1
       147         91          1          1
       148        368          0          1
       149         64          0          1
       150        112          0          1
       151        118          1          1
       152         39          0          1
       153         98          1          1
       154        293          0          1
       155        238          0          1
       156         85          0          1
       157          5          0          1
       158        339          0          1
       159         72          0          1
       160        357          1          1
       161        261          1          1
       162        123          0          1
       163        116          1          1
       164        257          0          1
       165          8          0          1
       166        301          1          1
       167         45          0          1
       168        130          1          1
       169         75          0          1
       170        395          0          1
       171        343          0          1
       172        143          1          1
       173        265          0          1
       174         44          0          1
       175        172          0          1
       176        176          0          1
       177        267          0          1
       178        258          1          1
       179        206          0          1
       180        178          0          1
       181        174          0          1
       182         48          1          1
       183         87          0          1
       184        203          1          1
       185         26          0          1
       186        218          0          1
       187         89          1          1
       188        147          0          1
       189        380          1          1
       190         11          0          1
       191         67          1          1
       192         46          0          1
       193        344          1          1
       194         40          0          1
       195        284          0          1
       196        387          0          1
       197        274          1          1
       198         68          0          1
       199        397          1          1
       200        230          0          1
       201        247          0          1
       202         83          0          1
       203        314          1          1
       204        113          0          1
       205         94          0          1
       206         23          1          1
       207        229          0          1
       208        279          1          1
       209        129          0          1
       210        329          1          1
       211        369          0          1
       212        333          0          1
       213         32          0          1
       214        262          1          1
       215         81          0          1
       216         21          1          1
       217         56          0          1
       218        204          1          1
       219        194          0          1
       220          9          0          1
       221        127          1          1
       222          2          0          1
       223        370          0          1
       224        365          0          1
       225        201          1          1
       226        162          0          1
       227        347          1          1
       228        317          0          1
       229        158          1          1
       230        125          0          1
       231        214          0          1
       232        322          0          1
       233         76          1          1
       234         50          0          1
       235        221          1          1
       236        157          0          1
       237          6          1          1
       238        181          0          1
       239        195          1          1
       240        315          0          1
       241        308          0          1
       242        382          0          1
       243        139          1          1
       244        307          0          1
       245        142          0          1
       246        122          1          1
       247        353          0          1
       248        310          1          1
       249        210          0          1
       250        126          0          1
       251        325          0          1
       252        394          1          1
       253        232          0          1
       254        105          0          1
       255        335          0          1
       256         95          0          1
       257        291          0          1
       258        134          0          1
       259        140          0          1
       260        198          1          1
       261         77          0          1
       262         16          0          1
       263         35          0          1
       264        392          1          1
       265        141          0          1
       266        318          0          1
       267        367          1          1
       268        305          0          1
       269        336          0          1
       270        399          0          1
       271        280          1          1
       272        253          0          1
       273         55          0          1
       274         34          0          1
       275        299          0          1
       276        165          0          1
       277        149          1          1
       278         37          0          1
       279        273          1          1
       280        292          0          1
       281        324          0          1
       282         69          0          1
       283        260          1          1
       284        272          0          1
       285        400          1          1
       286        120          1          1
       287         82          0          1
       288        137          0          1
       289        202          1          1
       290        342          0          1
       291         33          0          1
       292        340          1          1
       293        160          0          1
       294        390          1          1
       295         12          0          1
       296        361          0          1
       297         25          0          1
       298        352          1          1
       299        275          0          1
       300        190          1          1
       301        245          0          1
       302        106          1          1
       303        346          0          1
       304        328          1          1
       305        375          0          1
       306         73          0          1
       307        295          0          1
       308        237          0          1
       309        185          1          1
       310        372          0          1
       311        236          1          1
       312        266          0          1
       313        131          1          1
       314        159          0          1
       315        246          0          1
       316        128          0          1
       317        334          1          1
       318        276          0          1
       319        173          0          1
       320        306          0          1
       321        349          0          1
       322        381          0          1
       323        227          1          1
       324        103          0          1
       325          4          0          1
       326        100          1          1
       327        285          0          1
       328        255          1          1
       329        136          0          1
       330        341          1          1
       331        151          0          1
       332         42          1          1
       333         88          0          1
       334        366          1          1
       335        182          0          1
       336        224          1          1
       337        302          0          1
       338        156          0          1
       339        101          1          1
       340        319          0          1
       341        326          0          1
       342        187          1          1
       343         60          0          1
       344        250          1          1
       345        287          0          1
       346        383          0          1
       347         51          1          1
       348        197          0          1
       349        216          1          1
       350         28          0          1
       351        371          1          1
       352        209          0          1
       353        124          0          1
       354        234          0          1
       355        286          1          1
       356        135          0          1
       357         15          0          1
       358        193          1          1
       359        348          0          1
       360         53          1          1
       361         93          1          1
       362        254          0          1
       363        330          0          1
       364         36          0          1
       365        239          1          1
       366        396          0          1
       367        240          0          1
       368        290          0          1
       369        355          0          1
       370        148          1          1
       371         84          0          1
       372        350          1          1
       373        110          0          1
       374        188          1          1
       375        145          0          1
       376        259          1          1
       377        263          0          1
       378        183          0          1
       379        351          1          1
       380        281          0          1
       381         18          0          1
       382        364          1          1
       383        138          0          1
       384        296          0          1
       385        386          0          1
       386        191          0          1
       387        196          1          1
       388        311          0          1
       389        150          1          1
       390        282          0          1
       391         78          1          1
       392         31          0          1
       393        269          1          1
       394        231          0          1
       395        320          1          1
       396         30          0          1
       397         86          0          1
       398        107          1          1
       399        385          0          1
       400        241          1          1
               19779
configuration                   10                45000         3.0678022933245869E-01         2.9800000000000000E+02         1.3877787807814457E-17
         1        218          0          1
         2        392          1          1
         3        382          0          1
         4        383          1          1
         5        345          0          1
         6        303          1          1
         7        332          0          1
         8        189          1          1
         9         63          0          1
        10        141          0          1
        11        206          0          1
        12        122          0          1
        13        327          0          1
        14        284          0          1
        15         96          0          1
        16        225          0          1
        17        380          0          1
        18         19          1          1
        19        269          0          1
        20         97          1          1
        21         42          1          1
        22        324          0          1
        23        354          0          1
        24        261          0          1
        25         25          1          1
        26         27          0          1
        27        149          1          1
        28        390          0          1
        29        201          1          1
        30        274          0          1
        31          8          1          1
        32        106          0          1
        33        145          1          1
        34        200          0          1
        35        306          0          1
        36        302          0          1
        37         15          1          1
        38         12          0          1
        39        364          1          1
        40        348          0          1
        41         26          0          1
        42        295          1          1
        43        352          0          1
        44        169          0          1
        45         62          0          1
        46        366          0          1
        47        207          0          1
        48        336          1          1
        49        175          0          1
        50        137          1          1
        51         14          0          1
        52        130          0          1
        53        220          0          1
        54        172          1          1
        55        119          0          1
        56        227          1          1
        57        251          0          1
        58        277          1          1
        59         41          0          1
        60        346          1          1
        61         79          0          1
        62        335          0          1
        63        118          1          1
        64         67          0          1
        65        126          1          1
        66        213          0          1
        67        280          0          1
        68         57          0          1
        69        273          1          1
        70        146          0          1
        71        358          1          1
        72        186          0          1
        73        276          0          1
        74        116          0          1
        75        344          0          1
        76         38          0          1
        77        288          0          1
        78        296          0          1
        79        215          1          1
        80        399          0          1
        81         82          0          1
        82        127          0          1
        83        108          0          1
        84        115          1          1
        85        135          0          1
        86        255          0          1
        87        164          0          1
        88        183          1          1
        89        184          0          1
        90        190          1          1
        91         58          0          1
        92          6          1          1
        93        228          0          1
        94        208          0          1
        95        287          0          1
        96         88          1          1
        97        361          0          1
        98        113          0          1
        99        394          0          1
       100        153          1          1
       101         74          0          1
       102        154          1          1
       103        310          0          1
       104        257          0          1
       105        278          0          1
       106         56          0          1
       107         13          1          1
       108        249          0          1
       109         95          1          1
       110        289          0          1
       111         36          1          1
       112        384          0          1
       113        210          1          1
       114          9          0          1
       115        223          1          1
       116        357          0          1
       117         78          0          1
       118        134          0          1
       119        391          0          1
       120        156          0          1
       121        320          1          1
       122        104          0          1
       123        350          0          1
       124        216          0          1
       125         87          0          1
       126         24          0          1
       127        203          0          1
       128        275          0          1
       129        367          0          1
       130         70          1          1
       131        316          0          1
       132        294          1          1
       133        360          0          1
       134        397          1          1
       135        265          0          1
       136         80          1          1
       137        262          0          1
       138        230          0          1
       139         64          1          1
       140        101          0          1
       141        159          0          1
       142        377          1          1
       143        259          0          1
       144         98          1          1
       145        334          0          1
       146         72          0          1
       147        317          0          1
       148        368          0          1
       149        109          1          1
       150        112          0          1
       151        187          1          1
       152         37          0          1
       153        342          1          1
       154        138          0          1
       155        157          0          1
       156        260          0          1
       157        245          0          1
       158        202          0          1
       159         60          0          1
       160         86          0          1
       161        369          0          1
       162        250          0          1
       163        132          1          1
       164        133          0          1
       165        168          1          1
       166        370          0          1
       167         45          0          1
       168        308          1          1
       169        234          0          1
       170        281          0          1
       171        375          0          1
       172        309          0          1
       173        123          0          1
       174         46          0          1
       175        204          1          1
       176        195          0          1
       177         16          0          1
       178         29          0          1
       179        128          0          1
       180        219          0          1
       181        328          0          1
       182        170          1          1
       183        362          0          1
       184        180          1          1
       185        312          0          1
       186        264          0          1
       187         49          1          1
       188        147          0          1
       189        102          1          1
       190         11          0          1
       191         43          0          1
       192        177          0          1
       193         91          1          1
       194        268          0          1
       195         83          0          1
       196        385          0          1
       197        162          0          1
       198        188          1          1
       199        374          0          1
       200         50          1          1
       201        173          1          1
       202         52          0          1
       203        233          1          1
       204         71          0          1
       205        114          0          1
       206        258          0          1
       207        229          0          1
       208        107          1          1
       209        363          0          1
       210        347          1          1
       211        254          0          1
       212        129          1          1
       213        313          0          1
       214        349          1          1
       215        247          0          1
       216        282          0          1
       217        110          0          1
       218        193          0          1
       219         30          1          1
       220        395          0          1
       221         10          0          1
       222         18          0          1
       223        131          0          1
       224        398          0          1
       225        351          1          1
       226        252          0          1
       227        290          0          1
       228        196          0          1
       229         20          1          1
       230         69          0          1
       231         47          0          1
       232        105          0          1
       233         22          0          1
       234        120          0          1
       235        388          0          1
       236        253          0          1
       237        214          1          1
       238        181          0          1
       239         89          0          1
       240        272          0          1
       241        142          0          1
       242        263          1          1
       243        166          0          1
       244        304          0          1
       245        117          0          1
       246        178          1          1
       247        353          0          1
       248         73          1          1
       249         94          0          1
       250         40          1          1
       251        325          0          1
       252        217          1          1
       253        232          0          1
       254         32          0          1
       255        221          0          1
       256        199          1          1
       257        279          0          1
       258        235          0          1
       259        139          1          1
       260          3          0          1
       261        365          1          1
       262         48          0          1
       263        224          1          1
       264        270          0          1
       265        340          0          1
       266        318          0          1
       267        140          1          1
       268        305          0          1
       269          2          0          1
       270        339          0          1
       271        244          1          1
       272        241          0          1
       273        330          1          1
       274         34          0          1
       275        376          1          1
       276        326          0          1
       277        338          0          1
       278        160          1          1
       279        337          0          1
       280        161          0          1
       281        144          0          1
       282        314          1          1
       283        292          0          1
       284        212          1          1
       285         93          0          1
       286         76          1          1
       287         68          0          1
       288        386          1          1
       289        124          0          1
       290        238          1          1
       291        333          0          1
       292        266          1          1
       293        291          0          1
       294         55          0          1
       295        267          0          1
       296        174          0          1
       297        248          1          1
       298         65          0          1
       299        315          1          1
       300         85          0          1
       301        293          1          1
       302        387          0          1
       303        359          0          1
       304         59          0          1
       305        205          1          1
       306        165          0          1
       307        237          1          1
       308        243          0          1
       309        329          1          1
       310        372          0          1
       311         81          0          1
       312        256          0          1
       313        152          0          1
       314         21          0          1
       315         84          1          1
       316        381          0          1
       317        121          0          1
       318         53          0          1
       319        331          0          1
       320        242          0          1
       321        103          0          1
       322        297          1          1
       323        163          0          1
       324        125          0          1
       325          4          0          1
       326         23          1          1
       327        285          0          1
       328        371          1          1
       329        136          0          1
       330        167          0          1
       331        300          0          1
       332        182          1          1
       333        389          0          1
       334         35          0          1
       335        236          0          1
       336         92          0          1
       337        378          0          1
       338         75          1          1
       339        301          0          1
       340        194          1          1
       341         17          0          1
       342        148          0          1
       343         77          1          1
       344        226          0          1
       345        341          1          1
       346         61          0          1
       347        176          1          1
       348        197          0          1
       349         33          1          1
       350         28          0          1
       351        400          1          1
       352        158          0          1
       353        356          0          1
       354        283          1          1
       355         99          0          1
       356        222          0          1
       357        379          0          1
       358        319          0          1
       359        343          1          1
       360        271          0          1
       361        286          0          1
       362        100          1          1
       363          1          0          1
       364        211          1          1
       365        239          0          1
       366          5          1          1
       367        240          0          1
       368        322          1          1
       369        355          0          1
       370         54          1          1
       371        111          0          1
       372         90          0          1
       373        151          1          1
       374         39          0          1
       375        393          0          1
       376         31          1          1
       377        155          0          1
       378        396          1          1
       379        185          0          1
       380        171          1          1
       381        143          1          1
       382         66          0          1
       383        150          1          1
       384        323          0          1
       385        321          1          1
       386        191          0          1
       387          7          1          1
       388        311          0          1
       389        299          0          1
       390        307          0          1
       391        198          1          1
       392         51          0          1
       393        192          0          1
       394        231          0          1
       395         44          0          1
       396        246          0          1
       397        209          1          1
       398        373          0          1
       399        298          1          1
       400        179          0          1
               22251
configuration                   11                50000         3.4116928603585522E-01         2.9800000000000000E+02         1.3877787807814457E-17
         1        218          0          1
         2        267          1          1
         3        217          0          1
         4        277          1          1
         5        268          0          1
         6        179          1          1
         7        288          0          1
         8        329          1          1
         9        307          0          1
        10        265          1          1
        11        102          0          1
        12        351          0          1
        13         36          0          1
        14        306          1          1
        15        129          0          1
        16        348          1          1
        17         46          0          1
        18        207          1          1
        19        269          0          1
        20        205          1          1
        21         53          1          1
        22        324          0          1
        23        212          1          1
        24        359          0          1
        25        247          1          1
        26         73          0          1
        27        289          1          1
        28         17          0          1
        29        147          1          1
        30        328          0          1
        31         42          0          1
        32        259          0          1
        33        159          1          1
        34         90          0          1
        35        336          1          1
        36        150          0          1
        37        309          0          1
        38         12          0          1
        39         96          1          1
        40        257          0          1
        41         26          0          1
        42        271          1          1
        43        352          0          1
        44        206          1          1
        45         30          0          1
        46        173          1          1
        47        353          0          1
        48        260          1          1
        49        311          0          1
        50         69          1          1
        51        128          0          1
        52        347          1          1
        53        221          0          1
        54         70          1          1
        55        197          0          1
        56         22          1          1
        57         13          0          1
        58        198          0          1
        59         41          0          1
        60         63          1          1
        61        262          1          1
        62        214          0          1
        63         76          1          1
        64         74          0          1
        65        227          0          1
        66        213          0          1
        67          3          1          1
        68        380          0          1
        69        273          1          1
        70        270          0          1
        71         58          0          1
        72        322          0          1
        73        264          0          1
        74        240          0          1
        75        193          1          1
        76          5          0          1
        77        312          1          1
        78        296          0          1
        79        293          0          1
        80        182          0          1
        81        320          0          1
        82          2          0          1
        83        302          0          1
        84        190          1          1
        85        245          0          1
        86        210          1          1
        87        164          0          1
        88        392          0          1
        89        184          0          1
        90        383          1          1
        91        396          0          1
        92        303          1          1
        93         64          0          1
        94        310          1          1
        95        365          0          1
        96         29          1          1
        97        361          0          1
        98         67          1          1
        99        114          0          1
       100         65          1          1
       101         51          1          1
       102        341          0          1
       103         95          1          1
       104         50          0          1
       105         98          1          1
       106        315          0          1
       107        282          0          1
       108        249          0          1
       109        298          1          1
       110        155          0          1
       111        335          1          1
       112        334          0          1
       113        140          1          1
       114        350          0          1
       115        162          1          1
       116         34          0          1
       117        399          0          1
       118        134          0          1
       119        203          1          1
       120        369          0          1
       121        143          0          1
       122        158          1          1
       123        188          0          1
       124        108          1          1
       125         87          0          1
       126        117          1          1
       127        291          0          1
       128        382          1          1
       129        367          0          1
       130        174          0          1
       131         85          0          1
       132         15          1          1
       133         86          0          1
       134        111          1          1
       135        397          0          1
       136        116          0          1
       137         39          1          1
       138        119          0          1
       139         60          0          1
       140         19          1          1
       141        384          0          1
       142        366          0          1
       143         10          1          1
       144        103          0          1
       145        166          0          1
       146         72          0          1
       147        344          1          1
       148        368          0          1
       149        122          0          1
       150        112          0          1
       151        120          1          1
       152         37          0          1
       153        339          1          1
       154        388          0          1
       155        316          1          1
       156        215          0          1
       157        235          0          1
       158        149          0          1
       159        160          1          1
       160        349          0          1
       161        342          0          1
       162        146          1          1
       163         24          0          1
       164         48          1          1
       165         43          0          1
       166         62          1          1
       167        299          0          1
       168         14          1          1
       169        236          0          1
       170         88          0          1
       171        375          0          1
       172        274          1          1
       173        123          0          1
       174        195          0          1
       175        109          0          1
       176        355          0          1
       177        228          0          1
       178        156          0          1
       179         81          0          1
       180        244          1          1
       181        225          0          1
       182         97          0          1
       183        191          1          1
       184         52          0          1
       185        391          1          1
       186        343          0          1
       187        275          1          1
       188        209          0          1
       189        398          1          1
       190        326          0          1
       191        285          1          1
       192        177          0          1
       193         44          0          1
       194        243          1          1
       195         35          0          1
       196        340          0          1
       197        130          0          1
       198        137          0          1
       199         84          1          1
       200        281          0          1
       201        313          0          1
       202        385          1          1
       203        154          0          1
       204        234          1          1
       205        104          0          1
       206        266          1          1
       207        229          0          1
       208        294          1          1
       209        363          0          1
       210        230          1          1
       211        254          0          1
       212        400          0          1
       213        141          0          1
       214        394          0          1
       215         82          0          1
       216        219          1          1
       217        381          0          1
       218        280          1          1
       219        332          0          1
       220        152          1          1
       221        183          1          1
       222        258          0          1
       223        131          1          1
       224        133          0          1
       225        379          1          1
       226        331          0          1
       227         25          1          1
       228        201          0          1
       229        330          1          1
       230        211          0          1
       231        290          1          1
       232        105          0          1
       233         18          0          1
       234        171          0          1
       235        216          1          1
       236         71          0          1
       237        208          0          1
       238        346          0          1
       239        389          0          1
       240        248          0          1
       241        142          0          1
       242        170          1          1
       243        377          0          1
       244        279          1          1
       245        199          0          1
       246        261          0          1
       247         40          0          1
       248         56          1          1
       249         94          0          1
       250         49          1          1
       251        325          0          1
       252        172          0          1
       253         78          0          1
       254         80          1          1
       255        110          0          1
       256        357          1          1
       257        176          0          1
       258        222          1          1
       259        356          0          1
       260        272          1          1
       261        196          1          1
       262        345          0          1
       263        135          1          1
       264          6          0          1
       265        127          1          1
       266        318          0          1
       267        286          1          1
       268        305          0          1
       269        175          1          1
       270         11          0          1
       271        192          1          1
       272        241          0          1
       273        101          1          1
       274        297          0          1
       275        314          0          1
       276        301          0          1
       277        374          0          1
       278        250          0          1
       279        378          1          1
       280        161          0          1
       281        144          0          1
       282        284          1          1
       283        292          0          1
       284         27          1          1
       285         93          0          1
       286        304          1          1
       287         92          0          1
       288         23          0          1
       289        327          0          1
       290        300          1          1
       291        333          0          1
       292          8          1          1
       293        115          0          1
       294         83          1          1
       295         45          0          1
       296        373          1          1
       297        151          0          1
       298        145          1          1
       299        167          0          1
       300        200          1          1
       301        354          0          1
       302        387          0          1
       303        242          1          1
       304         59          0          1
       305         54          0          1
       306        165          0          1
       307        132          0          1
       308         33          0          1
       309        118          1          1
       310        372          0          1
       311        121          0          1
       312        256          0          1
       313        239          1          1
       314         89          0          1
       315        386          1          1
       316          9          0          1
       317        180          1          1
       318        323          0          1
       319        395          1          1
       320        100          0          1
       321          7          0          1
       322        358          0          1
       323        163          0          1
       324         68          1          1
       325        125          0          1
       326         16          1          1
       327         47          0          1
       328        224          0          1
       329        136          0          1
       330         28          1          1
       331         91          0          1
       332         31          1          1
       333         77          0          1
       334        390          1          1
       335        255          0          1
       336        107          1          1
       337        252          0          1
       338        113          1          1
       339        362          0          1
       340        124          1          1
       341        278          1          1
       342        204          0          1
       343         32          1          1
       344        226          0          1
       345        393          0          1
       346        194          0          1
       347        138          0          1
       348        338          0          1
       349         21          1          1
       350        187          0          1
       351        364          0          1
       352        287          0          1
       353        148          1          1
       354         61          0          1
       355        157          1          1
       356        238          0          1
       357         20          1          1
       358        319          0          1
       359        263          1          1
       360         79          0          1
       361         57          0          1
       362        253          1          1
       363          1          0          1
       364        185          1          1
       365        181          0          1
       366        126          1          1
       367        295          0          1
       368         99          0          1
       369        308          0          1
       370        220          1          1
       371        202          0          1
       372        237          1          1
       373         55          0          1
       374        251          1          1
       375        186          0          1
       376        232          1          1
       377        153          0          1
       378        337          1          1
       379         75          0          1
       380        169          0          1
       381        321          1          1
       382         66          0          1
       383        246          1          1
       384        370          0          1
       385         38          1          1
       386        317          0          1
       387        360          1          1
       388        376          0          1
       389        371          1          1
       390        231          0          1
       391        106          1          1
       392        276          0          1
       393        189          0          1
       394        139          0          1
       395        178          0          1
       396          4          0          1
       397        233          1          1
       398        168          0          1
       399        223          1          1
       400        283          0          1
               24721
configuration                   12                55000         3.7573784481258604E-01         2.9800000000000000E+02         1.3877787807814457E-17
         1         70          0          1
         2        147          1          1
         3        217          0          1
         4        258          1          1
         5        268          0          1
         6          2          1          1
         7        261          0          1
         8        353          0          1
         9         72          1          1
        10        400          0          1
        11        126          0          1
        12        187          0          1
        13        189          0          1
        14        135          1          1
        15        310          0          1
        16        142          0          1
        17         46          0          1
        18        387          0          1
        19        269          0          1
        20        172          1          1
        21        125          0          1
        22        324          0          1
        23        171          1          1
        24        143          0          1
        25        371          0          1
        26         76          0          1
        27        243          0          1
        28        275          1          1
        29        223          0          1
        30        182          0          1
        31        166          1          1
        32        259          0          1
        33        359          1          1
        34         90          0          1
        35         96          0          1
        36        396          0          1
        37        381          0          1
        38         62          0          1
        39        330          1          1
        40        357          0          1
        41         26          0          1
        42        224          1          1
        43        352          0          1
        44          4          0          1
        45         36          1          1
        46        192          0          1
        47         24          0          1
        48        156          0          1
        49        311          0          1
        50        313          1          1
        51        280          0          1
        52        385          1          1
        53        221          0          1
        54         32          0          1
        55        158          1          1
        56        181          0          1
        57        305          1          1
        58        394          0          1
        59        198          0          1
        60         66          1          1
        61         51          0          1
        62        103          0          1
        63         25          1          1
        64        170          0          1
        65         14          0          1
        66        213          0          1
        67         49          1          1
        68        240          0          1
        69        250          1          1
        70         13          0          1
        71         60          0          1
        72         98          0          1
        73        151          0          1
        74         65          0          1
        75        207          0          1
        76         58          0          1
        77         83          0          1
        78         73          0          1
        79         59          1          1
        80          3          0          1
        81         18          1          1
        82        327          0          1
        83        376          0          1
        84        263          1          1
        85        245          0          1
        86        110          0          1
        87        289          0          1
        88         40          1          1
        89        184          0          1
        90        341          0          1
        91        162          0          1
        92        211          1          1
        93         64          0          1
        94        343          1          1
        95        345          0          1
        96          7          1          1
        97        222          0          1
        98        137          0          1
        99         85          0          1
       100        206          0          1
       101        274          0          1
       102        174          0          1
       103        284          1          1
       104        296          0          1
       105        290          1          1
       106        315          0          1
       107         97          1          1
       108        249          0          1
       109        306          1          1
       110        155          0          1
       111        349          1          1
       112        232          0          1
       113        150          0          1
       114        388          0          1
       115        317          1          1
       116          8          0          1
       117        220          1          1
       118        378          0          1
       119        325          0          1
       120        332          1          1
       121         17          1          1
       122         37          0          1
       123         10          0          1
       124        334          1          1
       125        322          0          1
       126         75          0          1
       127        291          0          1
       128        390          1          1
       129        367          0          1
       130        208          1          1
       131        200          0          1
       132        326          1          1
       133        145          0          1
       134         67          0          1
       135        205          0          1
       136        149          0          1
       137        344          0          1
       138         95          0          1
       139        242          0          1
       140        278          0          1
       141         88          0          1
       142        180          0          1
       143        153          1          1
       144        389          0          1
       145          6          0          1
       146        134          1          1
       147        369          0          1
       148        368          0          1
       149         86          1          1
       150        119          0          1
       151         31          0          1
       152         22          0          1
       153        101          0          1
       154        159          1          1
       155        127          0          1
       156        255          1          1
       157        129          0          1
       158        203          1          1
       159        354          0          1
       160        270          1          1
       161        148          1          1
       162        196          0          1
       163        303          0          1
       164        218          1          1
       165         27          0          1
       166        193          0          1
       167        299          0          1
       168        241          1          1
       169        236          0          1
       170         23          1          1
       171        375          0          1
       172        337          1          1
       173        287          0          1
       174        286          0          1
       175        225          1          1
       176         43          0          1
       177          9          1          1
       178        383          0          1
       179        113          0          1
       180        120          0          1
       181        320          0          1
       182        346          0          1
       183         29          0          1
       184         52          0          1
       185         47          0          1
       186         38          1          1
       187          1          0          1
       188         99          0          1
       189        169          1          1
       190        112          0          1
       191         45          1          1
       192        348          0          1
       193        176          1          1
       194        347          0          1
       195         42          0          1
       196        116          1          1
       197        304          0          1
       198         15          1          1
       199        178          0          1
       200         33          1          1
       201        124          0          1
       202        108          0          1
       203        154          0          1
       204         30          1          1
       205        298          0          1
       206        262          0          1
       207        229          0          1
       208        355          0          1
       209        335          0          1
       210         94          1          1
       211        254          0          1
       212        215          1          1
       213         68          0          1
       214        329          1          1
       215         21          0          1
       216        272          0          1
       217         28          1          1
       218        277          0          1
       219        194          1          1
       220        377          0          1
       221         74          0          1
       222        214          0          1
       223        281          1          1
       224        393          0          1
       225        374          1          1
       226        386          0          1
       227         87          0          1
       228        226          0          1
       229         44          1          1
       230        373          0          1
       231        163          0          1
       232        152          0          1
       233         35          1          1
       234        351          0          1
       235        128          1          1
       236         82          0          1
       237        177          0          1
       238        358          1          1
       239         34          0          1
       240        271          1          1
       241        130          0          1
       242         48          0          1
       243        307          0          1
       244        102          1          1
       245        199          0          1
       246        186          1          1
       247        219          0          1
       248        118          1          1
       249        379          0          1
       250         50          1          1
       251        308          0          1
       252        164          1          1
       253        160          0          1
       254        361          1          1
       255        293          0          1
       256        363          0          1
       257         71          1          1
       258        314          0          1
       259        265          1          1
       260        331          0          1
       261        237          1          1
       262        384          0          1
       263        216          0          1
       264         54          0          1
       265        248          0          1
       266        318          0          1
       267         61          1          1
       268        191          0          1
       269        227          1          1
       270        292          0          1
       271         56          1          1
       272        342          0          1
       273        283          0          1
       274          5          0          1
       275        312          1          1
       276        301          0          1
       277        285          0          1
       278        365          1          1
       279         53          0          1
       280        161          0          1
       281        395          0          1
       282        144          1          1
       283        201          0          1
       284        266          0          1
       285        212          0          1
       286        364          1          1
       287         92          0          1
       288        295          1          1
       289        141          0          1
       290        210          0          1
       291        122          0          1
       292        117          1          1
       293        115          0          1
       294         20          0          1
       295        252          0          1
       296        321          0          1
       297         69          0          1
       298        121          0          1
       299        167          0          1
       300        333          1          1
       301        188          1          1
       302        328          0          1
       303        350          1          1
       304        202          0          1
       305        195          1          1
       306        165          0          1
       307        105          1          1
       308        179          0          1
       309        244          1          1
       310        372          0          1
       311         78          1          1
       312        256          0          1
       313        380          0          1
       314         89          0          1
       315        360          1          1
       316        114          0          1
       317        362          1          1
       318        323          0          1
       319        297          0          1
       320        100          0          1
       321         16          0          1
       322         39          1          1
       323        391          0          1
       324        109          1          1
       325         41          0          1
       326        260          1          1
       327        131          0          1
       328        238          1          1
       329         19          0          1
       330        247          1          1
       331         91          0          1
       332        185          0          1
       333         77          0          1
       334        197          0          1
       335        111          0          1
       336        366          1          1
       337        173          0          1
       338        257          1          1
       339        397          0          1
       340        382          1          1
       341         84          0          1
       342        204          0          1
       343        133          1          1
       344        190          0          1
       345        228          1          1
       346        302          0          1
       347        138          1          1
       348        338          0          1
       349        253          0          1
       350        146          0          1
       351        233          0          1
       352        316          0          1
       353        140          0          1
       354        294          0          1
       355        183          1          1
       356        273          0          1
       357        392          1          1
       358        319          0          1
       359         80          1          1
       360         79          0          1
       361         57          0          1
       362        136          1          1
       363        370          0          1
       364         63          1          1
       365        251          0          1
       366        356          1          1
       367        106          0          1
       368        282          0          1
       369         93          1          1
       370        175          0          1
       371        398          0          1
       372        336          1          1
       373         55          0          1
       374        339          1          1
       375        239          0          1
       376        209          1          1
       377        340          0          1
       378        235          1          1
       379         11          0          1
       380        399          0          1
       381        132          1          1
       382        234          0          1
       383        123          1          1
       384        230          0          1
       385        264          1          1
       386         12          0          1
       387        288          0          1
       388        246          1          1
       389        104          0          1
       390        231          0          1
       391        300          0          1
       392        276          0          1
       393        267          1          1
       394        139          0          1
       395        309          1          1
       396        157          0          1
       397         81          1          1
       398        168          0          1
       399        107          1          1
       400        279          0          1
               27212
configuration                   13                60000         4.1016168938656800E-01         2.9800000000000000E+02         1.0000000000000002E-01
         1          3          0          1
         2        281          0          1
         3        210          1          1
         4          6          0          1
         5        366          0          1
         6         81          1          1
         7        243          0          1
         8         12          0          1
         9        197          0          1
        10        115          1          1
        11        146          0          1
        12        253          1          1
        13        257          0          1
        14        305          1          1
        15        282          0          1
        16         43          1          1
        17         86          0          1
        18        234          1          1
        19        269          0          1
        20        182          1          1
        21        124          0          1
        22         15          1          1
        23        268          0          1
        24         82          1          1
        25        174          0          1
        26         67          0          1
        27          1          0          1
        28        111          1          1
        29         31          0          1
        30        362          0          1
        31         29          0          1
        32        274          0          1
        33         17          1          1
        34         90          0          1
        35        143          1          1
        36        396          0          1
        37        109          1          1
        38         62          0          1
        39        176          0          1
        40        357          0          1
        41        236          1          1
        42         53          0          1
        43        202          1          1
        44        245          0          1
        45        341          0          1
        46        273          0          1
        47         63          1          1
        48        214          0          1
        49         35          0          1
        50         45          1          1
        51        151          0          1
        52         69          0          1
        53        221          0          1
        54         73          1          1
        55        371          0          1
        56         26          1          1
        57         32          0          1
        58        203          0          1
        59         27          1          1
        60        319          0          1
        61        333          0          1
        62         76          0          1
        63        309          0          1
        64        220          1          1
        65        173          0          1
        66         34          1          1
        67        113          0          1
        68        353          0          1
        69        334          1          1
        70         55          0          1
        71        187          0          1
        72         98          0          1
        73        180          1          1
        74        386          0          1
        75        263          0          1
        76        336          0          1
        77         85          0          1
        78         80          0          1
        79        395          0          1
        80        126          1          1
        81        259          0          1
        82        168          0          1
        83         66          1          1
        84        355          0          1
        85        264          1          1
        86        160          0          1
        87        205          0          1
        88        238          1          1
        89         39          0          1
        90          5          1          1
        91        162          0          1
        92        199          1          1
        93         64          0          1
        94        125          1          1
        95        129          0          1
        96        226          0          1
        97        249          1          1
        98        235          0          1
        99        227          1          1
       100        276          0          1
       101        295          0          1
       102        112          0          1
       103        181          0          1
       104        130          1          1
       105        216          0          1
       106        384          1          1
       107         77          0          1
       108        345          0          1
       109        209          1          1
       110        155          0          1
       111        390          1          1
       112         50          0          1
       113         18          1          1
       114         33          0          1
       115        256          1          1
       116        262          0          1
       117        382          0          1
       118        272          1          1
       119        325          0          1
       120         96          1          1
       121         14          0          1
       122        156          0          1
       123         68          1          1
       124        392          0          1
       125        161          0          1
       126        240          0          1
       127         47          0          1
       128        213          0          1
       129        338          0          1
       130        248          1          1
       131        374          0          1
       132         95          0          1
       133        291          0          1
       134        170          0          1
       135        303          0          1
       136        361          0          1
       137        237          1          1
       138          9          0          1
       139        275          1          1
       140        278          0          1
       141        301          1          1
       142         52          0          1
       143        250          0          1
       144         93          1          1
       145         78          0          1
       146         28          1          1
       147        149          0          1
       148         48          1          1
       149        267          0          1
       150        258          0          1
       151        315          0          1
       152        101          1          1
       153        376          0          1
       154        121          1          1
       155        166          0          1
       156        239          1          1
       157        364          0          1
       158        306          0          1
       159        354          0          1
       160         60          0          1
       161        299          0          1
       162        196          0          1
       163        324          1          1
       164        123          0          1
       165        360          0          1
       166        128          0          1
       167         44          1          1
       168        359          0          1
       169        347          1          1
       170        117          0          1
       171        188          0          1
       172        378          0          1
       173        207          1          1
       174         70          0          1
       175        242          0          1
       176        381          0          1
       177         21          1          1
       178        372          0          1
       179        133          1          1
       180        120          0          1
       181        139          0          1
       182        233          1          1
       183        132          0          1
       184        171          1          1
       185        135          0          1
       186        343          1          1
       187        158          0          1
       188        400          1          1
       189        349          0          1
       190         71          0          1
       191        107          1          1
       192        375          0          1
       193        147          0          1
       194        369          1          1
       195        280          0          1
       196         89          1          1
       197        119          0          1
       198        307          1          1
       199        178          0          1
       200         99          0          1
       201        288          0          1
       202         10          0          1
       203        122          1          1
       204        185          0          1
       205         74          0          1
       206        215          0          1
       207        313          1          1
       208        351          0          1
       209        335          0          1
       210        241          0          1
       211        254          0          1
       212        179          1          1
       213        145          0          1
       214         13          0          1
       215          4          1          1
       216        195          0          1
       217        194          0          1
       218        367          0          1
       219          8          1          1
       220         30          0          1
       221         51          1          1
       222        331          0          1
       223        175          0          1
       224        200          0          1
       225        261          0          1
       226        232          0          1
       227        138          0          1
       228        265          0          1
       229         59          1          1
       230        373          0          1
       231        297          1          1
       232         94          0          1
       233        142          0          1
       234        193          1          1
       235        330          0          1
       236        225          0          1
       237        154          0          1
       238         84          1          1
       239        311          0          1
       240        294          0          1
       241        296          0          1
       242        167          1          1
       243         87          0          1
       244         54          1          1
       245        137          0          1
       246        102          1          1
       247        219          0          1
       248        116          1          1
       249        379          0          1
       250        290          1          1
       251        308          0          1
       252         75          1          1
       253        399          1          1
       254         97          0          1
       255          7          1          1
       256        110          0          1
       257        329          1          1
       258        144          0          1
       259        104          0          1
       260        300          1          1
       261        217          1          1
       262        304          0          1
       263        284          1          1
       264        277          0          1
       265         20          1          1
       266        318          0          1
       267        327          1          1
       268        191          0          1
       269        317          0          1
       270        312          0          1
       271        244          1          1
       272        223          0          1
       273        298          0          1
       274        260          1          1
       275         88          0          1
       276        286          1          1
       277        293          0          1
       278        206          0          1
       279          2          0          1
       280         24          0          1
       281         72          0          1
       282        189          1          1
       283        201          0          1
       284        246          1          1
       285        212          0          1
       286        346          1          1
       287         92          0          1
       288        292          1          1
       289        165          0          1
       290        153          1          1
       291        339          0          1
       292        152          1          1
       293        247          0          1
       294        150          0          1
       295        163          1          1
       296        358          0          1
       297        100          0          1
       298        389          1          1
       299        271          0          1
       300         49          1          1
       301        289          1          1
       302        328          0          1
       303         25          1          1
       304        322          0          1
       305        370          0          1
       306        270          0          1
       307        342          0          1
       308         61          0          1
       309        340          0          1
       310        310          0          1
       311        337          1          1
       312        283          0          1
       313         58          0          1
       314        114          1          1
       315        177          0          1
       316        266          1          1
       317        127          0          1
       318        108          0          1
       319        388          0          1
       320         38          0          1
       321         16          0          1
       322        148          1          1
       323        391          0          1
       324        316          1          1
       325         41          0          1
       326        218          1          1
       327        131          0          1
       328        348          1          1
       329         19          0          1
       330         37          1          1
       331         91          0          1
       332        352          1          1
       333        103          0          1
       334        394          0          1
       335        136          1          1
       336        393          0          1
       337         40          0          1
       338        208          1          1
       339        397          0          1
       340        157          1          1
       341        172          1          1
       342        204          0          1
       343         22          1          1
       344        190          0          1
       345        231          1          1
       346        302          0          1
       347        387          1          1
       348        344          0          1
       349        356          1          1
       350        134          0          1
       351        368          0          1
       352        169          0          1
       353        140          1          1
       354         65          0          1
       355        285          0          1
       356         79          0          1
       357        228          1          1
       358        332          0          1
       359        287          1          1
       360        105          0          1
       361        222          0          1
       362         83          0          1
       363        184          0          1
       364        211          0          1
       365        251          0          1
       366         57          1          1
       367        255          0          1
       368        385          1          1
       369        186          0          1
       370         42          1          1
       371         56          0          1
       372         23          1          1
       373        398          0          1
       374        229          1          1
       375        230          0          1
       376        118          0          1
       377        383          0          1
       378        198          1          1
       379         11          0          1
       380        314          1          1
       381        350          0          1
       382        380          1          1
       383        141          0          1
       384        106          1          1
       385        365          0          1
       386        323          0          1
       387        159          1          1
       388        377          0          1
       389         36          1          1
       390        192          0          1
       391        363          0          1
       392        326          0          1
       393        320          0          1
       394        252          0          1
       395        224          0          1
       396         46          0          1
       397        321          1          1
       398        164          0          1
       399        183          1          1
       400        279          0          1
               29694
configuration                   14                65000         4.4500511309135821E-01         2.9800000000000000E+02         1.3877787807814457E-17
         1        308          1          1
         2        173          0          1
         3        242          0          1
         4        138          0          1
         5         94          0          1
         6        374          0          1
         7        243          0          1
         8        153          1          1
         9        144          0          1
        10        400          0          1
        11         45          0          1
        12        292          1          1
        13        357          0          1
        14        364          0          1
        15         95          0          1
        16        276          1          1
        17        236          0          1
        18        109          0          1
        19        127          0          1
        20         34          0          1
        21         52          0          1
        22        235          1          1
        23        154          0          1
        24        395          1          1
        25        262          0          1
        26         37          0          1
        27        198          0          1
        28        337          0          1
        29        317          1          1
        30        362          0          1
        31        372          1          1
        32        274          0          1
        33        261          1          1
        34         90          0          1
        35        199          1          1
        36        396          0          1
        37        124          1          1
        38        302          0          1
        39         26          1          1
        40        221          0          1
        41         41          1          1
        42        247          0          1
        43        340          1          1
        44        291          0          1
        45        295          1          1
        46        369          0          1
        47        383          1          1
        48        217          0          1
        49         35          0          1
        50         79          0          1
        51        151          0          1
        52        164          1          1
        53        211          0          1
        54        301          0          1
        55         25          0          1
        56        252          1          1
        57        106          0          1
        58         65          0          1
        59        279          0          1
        60        326          0          1
        61        336          0          1
        62         42          0          1
        63         20          0          1
        64        345          1          1
        65        214          0          1
        66        347          1          1
        67        190          0          1
        68        353          0          1
        69        194          1          1
        70         55          0          1
        71        313          0          1
        72        115          0          1
        73        251          1          1
        74        386          0          1
        75        368          1          1
        76        296          0          1
        77        159          1          1
        78        172          0          1
        79        329          1          1
        80        166          0          1
        81        228          0          1
        82         60          0          1
        83        206          0          1
        84        248          0          1
        85        294          1          1
        86        246          0          1
        87        288          1          1
        88        260          0          1
        89        398          0          1
        90         89          1          1
        91        162          0          1
        92        394          1          1
        93         64          0          1
        94        338          0          1
        95        129          0          1
        96        376          1          1
        97          6          0          1
        98        131          1          1
        99        102          0          1
       100        253          1          1
       101         47          1          1
       102        112          0          1
       103        181          0          1
       104        331          1          1
       105        216          0          1
       106        245          1          1
       107        339          0          1
       108         66          1          1
       109         98          0          1
       110        321          0          1
       111          4          0          1
       112         74          0          1
       113        230          1          1
       114         10          0          1
       115        105          1          1
       116        323          0          1
       117        157          0          1
       118        156          0          1
       119        397          1          1
       120        254          0          1
       121        241          0          1
       122        145          0          1
       123        322          1          1
       124        392          0          1
       125          5          1          1
       126        240          0          1
       127        270          1          1
       128        303          0          1
       129        158          0          1
       130        259          0          1
       131        283          0          1
       132         61          1          1
       133        390          0          1
       134        319          0          1
       135        363          0          1
       136        371          0          1
       137        333          1          1
       138        263          0          1
       139        147          0          1
       140        170          1          1
       141        182          0          1
       142         97          0          1
       143        111          0          1
       144        168          1          1
       145         78          0          1
       146        219          1          1
       147        149          0          1
       148        305          1          1
       149         13          0          1
       150         30          1          1
       151         57          0          1
       152        141          0          1
       153        284          0          1
       154        137          0          1
       155        204          0          1
       156          9          0          1
       157        312          0          1
       158         12          1          1
       159         39          0          1
       160         73          0          1
       161        192          1          1
       162        148          0          1
       163         19          0          1
       164        123          0          1
       165        234          1          1
       166        238          0          1
       167        203          0          1
       168        275          0          1
       169        258          1          1
       170        120          0          1
       171         88          0          1
       172        185          0          1
       173        287          1          1
       174        286          0          1
       175        316          1          1
       176         75          0          1
       177        315          1          1
       178         18          0          1
       179        125          1          1
       180        196          0          1
       181        177          0          1
       182          7          1          1
       183        104          0          1
       184        202          1          1
       185        350          0          1
       186         48          0          1
       187        256          0          1
       188        231          1          1
       189         62          0          1
       190         82          1          1
       191        227          0          1
       192        146          0          1
       193         43          0          1
       194         80          1          1
       195        265          0          1
       196        135          1          1
       197        139          0          1
       198        249          0          1
       199         59          0          1
       200         54          1          1
       201        210          0          1
       202        379          0          1
       203        163          1          1
       204        140          0          1
       205        201          1          1
       206        178          0          1
       207         50          1          1
       208        269          0          1
       209         29          0          1
       210         77          0          1
       211        281          1          1
       212        209          0          1
       213        346          1          1
       214        122          0          1
       215        160          1          1
       216         83          0          1
       217        116          1          1
       218        356          0          1
       219        272          1          1
       220        393          0          1
       221        171          0          1
       222        188          1          1
       223        218          0          1
       224         38          0          1
       225        365          0          1
       226        310          1          1
       227        380          0          1
       228         72          0          1
       229        325          0          1
       230         15          0          1
       231        297          0          1
       232        257          1          1
       233         96          0          1
       234          1          0          1
       235        237          0          1
       236        132          0          1
       237         68          0          1
       238        113          0          1
       239        373          0          1
       240        215          1          1
       241        332          1          1
       242         44          0          1
       243         87          0          1
       244         21          0          1
       245         14          1          1
       246         99          0          1
       247         31          1          1
       248        349          0          1
       249        278          1          1
       250         85          0          1
       251        360          0          1
       252        334          0          1
       253         40          0          1
       254        239          0          1
       255        300          1          1
       256        268          0          1
       257         49          1          1
       258        101          0          1
       259          2          1          1
       260        324          0          1
       261        128          0          1
       262        304          0          1
       263        367          1          1
       264        277          0          1
       265         58          0          1
       266         32          1          1
       267        348          0          1
       268        385          1          1
       269         71          0          1
       270        183          0          1
       271        117          0          1
       272        165          1          1
       273        298          0          1
       274        119          0          1
       275        266          0          1
       276        224          1          1
       277        250          0          1
       278        133          0          1
       279        232          0          1
       280         92          0          1
       281        136          0          1
       282        366          1          1
       283        108          0          1
       284        152          1          1
       285         51          0          1
       286        208          0          1
       287         81          1          1
       288        351          0          1
       289         53          1          1
       290        375          0          1
       291        280          0          1
       292        184          0          1
       293        110          0          1
       294        355          0          1
       295        186          1          1
       296        213          0          1
       297        387          0          1
       298        200          1          1
       299        335          0          1
       300         93          1          1
       301          3          0          1
       302         70          0          1
       303        299          1          1
       304        121          0          1
       305        142          1          1
       306        290          0          1
       307        225          0          1
       308        341          0          1
       309        370          0          1
       310        150          0          1
       311        343          1          1
       312        384          0          1
       313        354          0          1
       314        318          1          1
       315        174          0          1
       316        175          0          1
       317        180          1          1
       318        155          0          1
       319        328          0          1
       320        399          0          1
       321         16          0          1
       322        212          1          1
       323         17          0          1
       324        381          1          1
       325        264          0          1
       326          8          1          1
       327        226          0          1
       328        352          1          1
       329        179          0          1
       330        273          1          1
       331         91          0          1
       332        223          1          1
       333        382          0          1
       334        187          0          1
       335        197          0          1
       336         63          0          1
       337        103          0          1
       338        342          1          1
       339         23          0          1
       340        282          0          1
       341         33          1          1
       342        306          0          1
       343         69          1          1
       344        391          0          1
       345        161          0          1
       346         28          0          1
       347        388          0          1
       348        293          0          1
       349        176          1          1
       350        134          0          1
       351        130          1          1
       352        169          0          1
       353        100          0          1
       354        389          0          1
       355        289          1          1
       356         56          0          1
       357        118          1          1
       358        233          0          1
       359        361          1          1
       360        143          0          1
       361         36          0          1
       362         46          1          1
       363        222          0          1
       364        344          1          1
       365        311          0          1
       366        330          1          1
       367        255          0          1
       368         67          1          1
       369        229          0          1
       370        267          1          1
       371        193          0          1
       372        114          1          1
       373         76          0          1
       374        314          1          1
       375        358          0          1
       376        244          1          1
       377        207          0          1
       378        285          0          1
       379         11          0          1
       380        107          1          1
       381        205          0          1
       382        220          0          1
       383        309          1          1
       384         86          0          1
       385        195          1          1
       386        378          0          1
       387        320          1          1
       388        377          0          1
       389         84          0          1
       390         27          0          1
       391        167          0          1
       392        189          0          1
       393         22          1          1
       394        191          0          1
       395        126          1          1
       396        359          0          1
       397        307          1          1
       398        327          0          1
       399        271          1          1
       400         24          0          1
               32180
configuration                   15                70000         4.7901219867752171E-01         2.9800000000000000E+02         1.3877787807814457E-17
         1         32          0          1
         2         75          0          1
         3        378          0          1
         4        195          1          1
         5        137          0          1
         6        367          1          1
         7         61          0          1
         8        364          0          1
         9        132          0          1
        10        109          1          1
        11         60          0          1
        12         13          1          1
        13        357          0          1
        14        346          1          1
        15         95          0          1
        16        370          0          1
        17        112          1          1
        18        222          0          1
        19          8          0          1
        20        374          1          1
        21        128          0          1
        22        186          1          1
        23         53          0          1
        24        351          0          1
        25         30          1          1
        26        305          0          1
        27         23          1          1
        28        337          0          1
        29        142          1          1
        30        362          0          1
        31        386          1          1
        32        100          0          1
        33        390          1          1
        34         90          0          1
        35        355          0          1
        36        263          1          1
        37         28          0          1
        38        379          1          1
        39        269          0          1
        40        119          0          1
        41          9          1          1
        42        299          0          1
        43          5          1          1
        44         84          0          1
        45         25          0          1
        46         46          1          1
        47        172          0          1
        48        233          1          1
        49         51          0          1
        50        208          1          1
        51        151          0          1
        52        236          1          1
        53        164          0          1
        54        315          1          1
        55        163          0          1
        56        154          0          1
        57         50          0          1
        58        270          0          1
        59        215          1          1
        60         14          0          1
        61        321          0          1
        62         41          1          1
        63         20          0          1
        64        104          1          1
        65        214          0          1
        66        226          0          1
        67        147          1          1
        68        143          0          1
        69        257          1          1
        70        385          0          1
        71        213          0          1
        72        237          0          1
        73        168          0          1
        74        383          0          1
        75        317          0          1
        76        251          1          1
        77        276          0          1
        78        134          0          1
        79        298          0          1
        80        373          1          1
        81        363          1          1
        82        366          0          1
        83        290          1          1
        84        248          0          1
        85        260          1          1
        86        246          0          1
        87         79          0          1
        88        354          1          1
        89        382          0          1
        90         91          1          1
        91        371          0          1
        92        283          0          1
        93        258          1          1
        94        135          0          1
        95         71          1          1
        96        157          0          1
        97         45          0          1
        98        102          0          1
        99        376          0          1
       100        131          0          1
       101        203          0          1
       102        244          1          1
       103        181          0          1
       104         44          1          1
       105        216          0          1
       106        288          0          1
       107        300          1          1
       108        394          0          1
       109        297          0          1
       110         40          0          1
       111        250          0          1
       112        206          1          1
       113         33          0          1
       114         80          0          1
       115        377          0          1
       116        339          1          1
       117         29          0          1
       118         64          1          1
       119         34          0          1
       120         39          1          1
       121         89          1          1
       122        145          0          1
       123        155          1          1
       124        392          0          1
       125        242          1          1
       126        176          0          1
       127        336          0          1
       128        375          1          1
       129        101          0          1
       130        175          0          1
       131        227          0          1
       132        126          0          1
       133        138          1          1
       134        285          0          1
       135        384          1          1
       136        194          0          1
       137        272          0          1
       138        344          0          1
       139        399          0          1
       140         65          0          1
       141        182          0          1
       142        170          1          1
       143        111          0          1
       144         55          1          1
       145         78          0          1
       146        334          1          1
       147        243          0          1
       148        234          0          1
       149        294          0          1
       150        232          1          1
       151         54          0          1
       152        311          1          1
       153        320          0          1
       154        120          1          1
       155        333          0          1
       156        110          1          1
       157        266          0          1
       158        303          1          1
       159        113          0          1
       160        180          1          1
       161         74          0          1
       162          2          0          1
       163        159          0          1
       164         24          0          1
       165         97          0          1
       166        122          0          1
       167        179          1          1
       168        289          0          1
       169        308          0          1
       170         42          0          1
       171        331          1          1
       172         66          0          1
       173        106          1          1
       174        286          0          1
       175          3          1          1
       176        323          0          1
       177        280          1          1
       178        397          0          1
       179        369          1          1
       180        196          0          1
       181        177          0          1
       182        262          1          1
       183         99          0          1
       184        158          1          1
       185        329          0          1
       186         58          0          1
       187        256          0          1
       188        188          1          1
       189         68          0          1
       190        391          1          1
       191        221          0          1
       192         26          0          1
       193        118          0          1
       194        340          1          1
       195        130          0          1
       196         19          1          1
       197        200          0          1
       198        259          1          1
       199         59          0          1
       200        319          1          1
       201        353          1          1
       202         22          0          1
       203        193          1          1
       204        271          0          1
       205         73          0          1
       206        133          1          1
       207        268          0          1
       208        332          0          1
       209          6          1          1
       210        295          0          1
       211        161          1          1
       212        275          0          1
       213        265          1          1
       214        156          0          1
       215        198          1          1
       216        282          0          1
       217        267          1          1
       218        140          0          1
       219        301          1          1
       220        231          0          1
       221        171          0          1
       222         21          1          1
       223        218          0          1
       224        124          1          1
       225        160          0          1
       226         62          0          1
       227        341          0          1
       228        372          1          1
       229        398          0          1
       230        241          1          1
       231        153          0          1
       232         82          1          1
       233        146          0          1
       234        343          1          1
       235        105          0          1
       236        368          0          1
       237          4          0          1
       238        338          0          1
       239        309          0          1
       240        326          0          1
       241         57          0          1
       242         72          0          1
       243        129          1          1
       244        152          0          1
       245        342          1          1
       246        230          0          1
       247        190          1          1
       248        349          0          1
       249         83          1          1
       250        261          0          1
       251         69          1          1
       252        310          0          1
       253        144          1          1
       254        292          0          1
       255        347          1          1
       256         49          0          1
       257        393          1          1
       258        166          0          1
       259        291          1          1
       260        335          0          1
       261         35          0          1
       262        229          0          1
       263        103          0          1
       264         37          1          1
       265        330          0          1
       266        287          1          1
       267        240          0          1
       268        356          1          1
       269        114          0          1
       270        274          0          1
       271        201          0          1
       272        165          1          1
       273        387          0          1
       274        184          1          1
       275        293          0          1
       276         11          0          1
       277        205          0          1
       278        178          0          1
       279        123          0          1
       280         86          0          1
       281        247          0          1
       282        381          1          1
       283        108          0          1
       284         10          0          1
       285        121          1          1
       286          1          0          1
       287        148          1          1
       288        173          0          1
       289         63          1          1
       290        209          0          1
       291        360          1          1
       292        199          0          1
       293         48          1          1
       294        220          0          1
       295         27          0          1
       296        225          1          1
       297        249          0          1
       298         96          1          1
       299        352          0          1
       300        380          1          1
       301        219          1          1
       302         70          0          1
       303        211          1          1
       304        183          0          1
       305        252          0          1
       306        174          1          1
       307        223          0          1
       308         77          1          1
       309        324          0          1
       310        228          1          1
       311        361          0          1
       312         31          0          1
       313        255          0          1
       314        278          0          1
       315         43          1          1
       316        284          0          1
       317        254          1          1
       318        348          0          1
       319        245          0          1
       320        125          0          1
       321         16          0          1
       322         18          1          1
       323         17          0          1
       324        150          1          1
       325        313          0          1
       326        388          0          1
       327        117          0          1
       328         52          0          1
       329        167          0          1
       330        210          0          1
       331        316          1          1
       332          7          0          1
       333         87          0          1
       334         93          1          1
       335        279          0          1
       336        253          1          1
       337        238          0          1
       338        202          1          1
       339        192          0          1
       340        281          1          1
       341         81          1          1
       342        306          0          1
       343        358          0          1
       344        302          0          1
       345        217          1          1
       346        395          0          1
       347        127          0          1
       348        116          1          1
       349        162          0          1
       350         88          1          1
       351        115          0          1
       352        169          0          1
       353        304          1          1
       354        389          0          1
       355        325          0          1
       356         56          0          1
       357         15          1          1
       358        204          0          1
       359        365          1          1
       360        235          0          1
       361         36          0          1
       362         85          1          1
       363        350          0          1
       364        273          1          1
       365        296          0          1
       366        185          1          1
       367         47          0          1
       368        136          0          1
       369        139          0          1
       370         12          0          1
       371        197          0          1
       372        318          1          1
       373         76          0          1
       374        212          1          1
       375        307          0          1
       376         38          1          1
       377        187          0          1
       378        322          1          1
       379        314          0          1
       380        264          1          1
       381        239          0          1
       382        396          0          1
       383        277          0          1
       384        312          0          1
       385        400          0          1
       386         98          0          1
       387        149          1          1
       388         92          0          1
       389        345          1          1
       390        224          0          1
       391        107          1          1
       392        189          0          1
       393        141          0          1
       394        191          0          1
       395         94          1          1
       396        359          0          1
       397        207          0          1
       398        327          0          1
       399        328          1          1
       400         67          0          1
               34652
configuration                   16                75000         5.1326365877918334E-01         2.9800000000000000E+02         1.3877787807814457E-17
         1         27          0          1
         2         65          0          1
         3        210          0          1
         4         23          0          1
         5        257          1          1
         6        364          0          1
         7        356          0          1
         8        241          0          1
         9        112          0          1
        10        132          0          1
        11        185          0          1
        12        353          1          1
        13        357          0          1
        14        354          0          1
        15        171          1          1
        16        322          0          1
        17        279          0          1
        18         18          0          1
        19        129          0          1
        20        150          0          1
        21        347          1          1
        22        174          0          1
        23        373          0          1
        24        139          1          1
        25        122          0          1
        26        100          1          1
        27         30          0          1
        28         14          1          1
        29        211          0          1
        30        214          1          1
        31        246          0          1
        32        251          0          1
        33         86          0          1
        34        360          0          1
        35        161          0          1
        36         36          0          1
        37         80          0          1
        38        237          1          1
        39         26          0          1
        40        283          0          1
        41        108          0          1
        42        296          1          1
        43          1          0          1
        44        326          0          1
        45        369          1          1
        46        133          0          1
        47        203          0          1
        48        169          0          1
        49         57          1          1
        50        156          0          1
        51        336          1          1
        52        355          0          1
        53         63          1          1
        54        212          0          1
        55        254          1          1
        56          6          0          1
        57        207          1          1
        58        243          0          1
        59         96          0          1
        60        361          1          1
        61        324          0          1
        62        247          0          1
        63         64          0          1
        64        250          1          1
        65         42          0          1
        66        294          1          1
        67        197          0          1
        68        330          1          1
        69        236          0          1
        70        240          0          1
        71        213          0          1
        72        288          1          1
        73        365          0          1
        74        286          1          1
        75         48          0          1
        76        148          1          1
        77        276          0          1
        78        308          1          1
        79        228          0          1
        80         60          0          1
        81        158          0          1
        82        333          0          1
        83        233          1          1
        84         85          0          1
        85         55          1          1
        86        155          0          1
        87        252          0          1
        88        180          0          1
        89         41          0          1
        90        292          0          1
        91        371          0          1
        92        367          0          1
        93         24          1          1
        94        256          0          1
        95        253          0          1
        96        157          0          1
        97        138          1          1
        98        102          0          1
        99        390          0          1
       100        262          0          1
       101        191          1          1
       102        290          0          1
       103         46          0          1
       104        230          1          1
       105         54          0          1
       106        268          0          1
       107        107          1          1
       108        101          0          1
       109        337          1          1
       110         40          0          1
       111        329          0          1
       112        183          1          1
       113        105          0          1
       114        328          1          1
       115        377          0          1
       116        273          1          1
       117         29          0          1
       118          7          0          1
       119        143          1          1
       120        348          0          1
       121        103          0          1
       122         79          1          1
       123        159          0          1
       124        392          0          1
       125         83          0          1
       126        349          0          1
       127        345          0          1
       128        126          1          1
       129        164          0          1
       130        226          0          1
       131        260          1          1
       132        128          0          1
       133        119          1          1
       134        117          0          1
       135         45          1          1
       136        194          0          1
       137        147          1          1
       138        136          0          1
       139         16          0          1
       140        293          1          1
       141        217          0          1
       142         82          0          1
       143        350          0          1
       144         92          1          1
       145         78          0          1
       146        189          0          1
       147        298          1          1
       148        190          0          1
       149        395          1          1
       150        121          0          1
       151        182          0          1
       152        320          1          1
       153        166          0          1
       154        130          0          1
       155        109          0          1
       156        280          1          1
       157        266          0          1
       158        352          0          1
       159        113          0          1
       160        370          0          1
       161         97          1          1
       162          2          0          1
       163        193          1          1
       164         21          0          1
       165        227          1          1
       166        173          0          1
       167        327          0          1
       168        305          0          1
       169        282          0          1
       170        341          0          1
       171        306          1          1
       172        312          0          1
       173        238          1          1
       174        202          0          1
       175        245          1          1
       176          3          0          1
       177        380          0          1
       178        397          0          1
       179        388          1          1
       180         28          0          1
       181        177          0          1
       182        272          0          1
       183         99          0          1
       184         33          1          1
       185        317          0          1
       186         13          0          1
       187        394          1          1
       188        125          0          1
       189        358          0          1
       190        384          1          1
       191        221          0          1
       192        376          1          1
       193        362          0          1
       194        344          1          1
       195        339          0          1
       196        137          0          1
       197        239          0          1
       198        120          0          1
       199         59          0          1
       200        151          1          1
       201        263          1          1
       202         22          0          1
       203        389          1          1
       204        313          0          1
       205        115          1          1
       206        152          0          1
       207        338          0          1
       208         39          1          1
       209        216          0          1
       210        325          0          1
       211         91          1          1
       212        275          0          1
       213         98          1          1
       214         25          0          1
       215          5          1          1
       216        218          0          1
       217         75          1          1
       218        140          0          1
       219        307          1          1
       220        231          0          1
       221        284          0          1
       222        309          1          1
       223        291          0          1
       224          9          1          1
       225        398          0          1
       226        375          0          1
       227        372          1          1
       228         77          0          1
       229        154          0          1
       230         11          1          1
       231        153          0          1
       232         32          1          1
       233        146          0          1
       234        220          1          1
       235        297          0          1
       236        184          1          1
       237         49          0          1
       238         81          1          1
       239         35          0          1
       240        127          1          1
       241        381          1          1
       242        378          0          1
       243        321          0          1
       244         93          0          1
       245        363          0          1
       246        186          1          1
       247         87          0          1
       248        346          1          1
       249        131          0          1
       250        261          0          1
       251        300          0          1
       252        310          0          1
       253        135          1          1
       254        192          0          1
       255         53          1          1
       256        393          0          1
       257        204          0          1
       258        225          0          1
       259         84          0          1
       260         43          0          1
       261        391          0          1
       262         88          1          1
       263        269          0          1
       264         73          1          1
       265        383          0          1
       266        235          0          1
       267        264          1          1
       268        281          0          1
       269        114          0          1
       270        134          1          1
       271        359          0          1
       272        295          1          1
       273        387          0          1
       274        278          1          1
       275        106          0          1
       276         90          1          1
       277         51          0          1
       278        289          0          1
       279         71          0          1
       280         76          1          1
       281        379          1          1
       282        287          0          1
       283        318          0          1
       284         67          0          1
       285        162          0          1
       286        271          0          1
       287        229          0          1
       288        385          0          1
       289        187          1          1
       290        209          0          1
       291         12          0          1
       292        123          0          1
       293        232          1          1
       294        343          0          1
       295         89          1          1
       296         19          0          1
       297        315          0          1
       298        219          0          1
       299        104          1          1
       300        163          0          1
       301        335          0          1
       302        124          1          1
       303        332          0          1
       304        285          1          1
       305        259          0          1
       306        141          0          1
       307        223          0          1
       308        172          1          1
       309         72          0          1
       310        167          1          1
       311        374          0          1
       312          4          1          1
       313        319          0          1
       314        181          1          1
       315         50          0          1
       316        274          1          1
       317        144          0          1
       318        270          1          1
       319        206          0          1
       320         69          0          1
       321        195          0          1
       322        267          0          1
       323        234          1          1
       324         17          0          1
       325        118          0          1
       326        399          0          1
       327        366          1          1
       328         52          0          1
       329        368          1          1
       330         68          0          1
       331        334          0          1
       332        311          0          1
       333        342          1          1
       334        201          0          1
       335        340          0          1
       336        258          0          1
       337         94          1          1
       338        205          0          1
       339         95          1          1
       340         31          0          1
       341        224          0          1
       342        215          0          1
       343         58          0          1
       344        249          0          1
       345        160          1          1
       346         61          0          1
       347        168          0          1
       348        149          0          1
       349        116          0          1
       350        302          0          1
       351        351          0          1
       352         74          0          1
       353        248          0          1
       354        176          1          1
       355        188          0          1
       356        175          0          1
       357        165          0          1
       358        196          1          1
       359        222          0          1
       360         37          1          1
       361        178          0          1
       362        111          0          1
       363         62          1          1
       364        244          0          1
       365        400          0          1
       366        170          0          1
       367         44          1          1
       368        304          0          1
       369        314          1          1
       370         70          0          1
       371         38          0          1
       372        386          1          1
       373          8          0          1
       374        242          0          1
       375        198          1          1
       376         15          0          1
       377         34          1          1
       378         66          0          1
       379        299          0          1
       380        110          0          1
       381        303          0          1
       382        208          1          1
       383         20          0          1
       384        265          1          1
       385        142          0          1
       386        382          1          1
       387        199          0          1
       388        331          1          1
       389        145          0          1
       390        323          0          1
       391         56          0          1
       392        179          0          1
       393         10          1          1
       394        301          0          1
       395         47          0          1
       396        200          0          1
       397        277          0          1
       398        316          1          1
       399        255          0          1
       400        396          1          1
               37152
configuration                   17                80000         5.4731323361150375E-01         2.9800000000000000E+02         1.3877787807814457E-17
         1        273          1          1
         2        101          0          1
         3        354          1          1
         4         83          0          1
         5         48          1          1
         6        282          0          1
         7         28          0          1
         8        291          0          1
         9        249          0          1
        10        270          1          1
        11        269          0          1
        12         98          0          1
        13        261          1          1
        14        327          0          1
        15        387          1          1
        16        361          0          1
        17        160          1          1
        18        161          0          1
        19        241          1          1
        20        338          0          1
        21        385          0          1
        22        251          1          1
        23        373          0          1
        24        292          1          1
        25        305          0          1
        26        275          1          1
        27        233          0          1
        28        378          0          1
        29        129          1          1
        30        214          0          1
        31        166          1          1
        32        239          0          1
        33         73          0          1
        34        244          1          1
        35        168          0          1
        36        358          0          1
        37         80          0          1
        38         50          1          1
        39         26          0          1
        40        368          1          1
        41         18          1          1
        42        302          0          1
        43        334          0          1
        44        223          0          1
        45        232          1          1
        46        107          0          1
        47        332          0          1
        48        289          1          1
        49        353          0          1
        50        108          1          1
        51        252          0          1
        52         68          1          1
        53        120          0          1
        54        357          0          1
        55        259          1          1
        56          6          0          1
        57        288          0          1
        58        274          0          1
        59         43          1          1
        60        394          0          1
        61         37          0          1
        62        238          0          1
        63        228          0          1
        64        167          1          1
        65        386          0          1
        66        179          0          1
        67         64          0          1
        68          7          0          1
        69        204          0          1
        70         17          0          1
        71        287          0          1
        72        131          0          1
        73        116          0          1
        74        349          1          1
        75        146          0          1
        76        111          1          1
        77         87          0          1
        78        142          1          1
        79         51          0          1
        80        122          0          1
        81        184          0          1
        82        339          0          1
        83        388          0          1
        84        330          0          1
        85        331          1          1
        86        155          0          1
        87        209          1          1
        88        180          0          1
        89        126          1          1
        90        383          0          1
        91         44          1          1
        92        343          0          1
        93        278          1          1
        94        364          0          1
        95        203          1          1
        96        371          0          1
        97        147          0          1
        98        350          0          1
        99         40          0          1
       100        281          1          1
       101         63          0          1
       102        284          1          1
       103        162          0          1
       104        207          1          1
       105         54          0          1
       106        217          0          1
       107        119          0          1
       108         16          0          1
       109         36          0          1
       110        229          1          1
       111        260          0          1
       112        151          0          1
       113        193          0          1
       114        398          1          1
       115        377          0          1
       116         81          0          1
       117        231          0          1
       118        257          0          1
       119        246          0          1
       120        344          0          1
       121         53          0          1
       122        294          0          1
       123        366          1          1
       124        392          0          1
       125         29          1          1
       126        380          0          1
       127        306          1          1
       128        253          0          1
       129         99          1          1
       130         55          0          1
       131        139          1          1
       132        128          0          1
       133         27          0          1
       134        117          0          1
       135         57          1          1
       136        210          0          1
       137        337          1          1
       138        272          0          1
       139        194          0          1
       140        176          1          1
       141        299          0          1
       142         76          1          1
       143        154          0          1
       144         46          1          1
       145         78          0          1
       146        323          1          1
       147        342          0          1
       148        200          0          1
       149        163          0          1
       150        106          1          1
       151        182          0          1
       152        255          0          1
       153        191          0          1
       154        175          1          1
       155        109          0          1
       156        189          1          1
       157         96          0          1
       158        296          0          1
       159        206          1          1
       160         39          0          1
       161        156          1          1
       162          2          0          1
       163        362          1          1
       164         21          0          1
       165        236          1          1
       166        173          0          1
       167        397          1          1
       168          9          0          1
       169         74          1          1
       170        118          0          1
       171        295          0          1
       172         67          0          1
       173        157          1          1
       174        202          0          1
       175        283          0          1
       176        171          0          1
       177        242          0          1
       178        325          1          1
       179        136          0          1
       180        376          0          1
       181        177          0          1
       182        370          1          1
       183        158          0          1
       184        309          0          1
       185        317          0          1
       186        356          1          1
       187        348          0          1
       188         71          1          1
       189         65          0          1
       190        248          1          1
       191        240          0          1
       192        293          0          1
       193        355          0          1
       194        222          1          1
       195         89          0          1
       196        216          0          1
       197        316          1          1
       198        250          0          1
       199          1          0          1
       200        311          1          1
       201        113          1          1
       202         86          0          1
       203        243          1          1
       204        313          0          1
       205         94          1          1
       206        320          0          1
       207        178          1          1
       208        234          0          1
       209        276          0          1
       210        365          0          1
       211        130          1          1
       212        360          0          1
       213        374          1          1
       214        345          0          1
       215        127          1          1
       216        121          0          1
       217        218          0          1
       218        140          0          1
       219        135          1          1
       220         84          0          1
       221         20          0          1
       222        308          1          1
       223        395          0          1
       224        303          1          1
       225        159          0          1
       226        285          1          1
       227         69          0          1
       228         23          1          1
       229        104          0          1
       230        268          1          1
       231        153          0          1
       232        164          1          1
       233        125          0          1
       234         61          1          1
       235        297          0          1
       236        326          1          1
       237        363          0          1
       238        190          1          1
       239         35          0          1
       240        102          0          1
       241        152          1          1
       242        201          0          1
       243        312          1          1
       244         60          0          1
       245          5          0          1
       246        347          0          1
       247        105          1          1
       248        389          0          1
       249         82          1          1
       250        226          0          1
       251        134          1          1
       252        310          0          1
       253        195          1          1
       254        192          0          1
       255        103          1          1
       256        301          0          1
       257         15          0          1
       258         19          0          1
       259        381          0          1
       260         41          0          1
       261        384          0          1
       262        196          1          1
       263         14          0          1
       264        304          0          1
       265        379          0          1
       266        393          1          1
       267         95          0          1
       268        145          0          1
       269        114          0          1
       270        329          1          1
       271        359          0          1
       272        399          1          1
       273        143          0          1
       274        321          0          1
       275        199          0          1
       276          8          0          1
       277         59          0          1
       278        333          1          1
       279        369          0          1
       280        341          0          1
       281        198          1          1
       282         13          0          1
       283        115          1          1
       284        245          0          1
       285        183          1          1
       286        271          0          1
       287         93          0          1
       288         79          1          1
       289        290          0          1
       290         11          0          1
       291         10          1          1
       292        123          0          1
       293         62          1          1
       294         72          0          1
       295        375          1          1
       296        336          0          1
       297        212          0          1
       298          3          0          1
       299        220          1          1
       300        150          0          1
       301        264          0          1
       302         70          1          1
       303        314          0          1
       304        400          1          1
       305         32          0          1
       306         33          0          1
       307        208          1          1
       308        328          0          1
       309        187          0          1
       310        346          0          1
       311        391          0          1
       312        352          1          1
       313        319          0          1
       314        132          1          1
       315        230          0          1
       316        169          1          1
       317        144          0          1
       318        247          1          1
       319        181          0          1
       320        197          0          1
       321        263          0          1
       322        188          0          1
       323         38          1          1
       324         34          0          1
       325         25          0          1
       326         45          0          1
       327         56          0          1
       328        254          1          1
       329        322          0          1
       330        351          1          1
       331        221          0          1
       332        279          0          1
       333        149          1          1
       334         77          0          1
       335        256          0          1
       336        186          0          1
       337        174          1          1
       338        205          0          1
       339        237          0          1
       340         31          0          1
       341        224          0          1
       342        298          1          1
       343         97          0          1
       344        211          1          1
       345        213          0          1
       346        335          1          1
       347        382          0          1
       348        215          0          1
       349        219          1          1
       350         30          0          1
       351        262          0          1
       352         12          1          1
       353          4          0          1
       354        280          0          1
       355         58          0          1
       356        396          1          1
       357        165          0          1
       358        227          1          1
       359         24          0          1
       360        133          1          1
       361        265          1          1
       362         91          0          1
       363         90          1          1
       364        267          0          1
       365         85          0          1
       366         47          0          1
       367        148          0          1
       368        124          0          1
       369        112          0          1
       370         75          0          1
       371        318          1          1
       372        172          0          1
       373        367          1          1
       374        141          0          1
       375        100          0          1
       376        340          0          1
       377        235          0          1
       378         66          0          1
       379         49          1          1
       380        110          0          1
       381        315          0          1
       382        225          1          1
       383        286          0          1
       384        258          1          1
       385        138          0          1
       386        300          1          1
       387        324          0          1
       388         42          1          1
       389        137          0          1
       390        390          0          1
       391        307          0          1
       392         52          1          1
       393         92          0          1
       394        266          1          1
       395         22          0          1
       396        372          0          1
       397        277          0          1
       398        170          0          1
       399         88          0          1
       400        185          1          1
               39625
configuration                   18                85000         5.8228182878712476E-01         2.9800000000000000E+02         1.3877787807814457E-17
         1         27          1          1
         2        334          0          1
         3        122          1          1
         4         83          0          1
         5         70          1          1
         6        282          0          1
         7        181          1          1
         8        303          0          1
         9        276          1          1
        10        321          0          1
        11        106          1          1
        12        358          0          1
        13        336          1          1
        14        174          0          1
        15        234          0          1
        16         82          0          1
        17        162          1          1
        18        201          0          1
        19        382          1          1
        20         19          0          1
        21        385          0          1
        22        395          0          1
        23        287          0          1
        24         63          1          1
        25        305          0          1
        26        357          1          1
        27        233          0          1
        28        186          1          1
        29        353          0          1
        30        237          0          1
        31          4          0          1
        32        345          1          1
        33        190          0          1
        34        322          0          1
        35        168          0          1
        36        166          0          1
        37        171          0          1
        38         94          1          1
        39         24          0          1
        40        258          0          1
        41         44          1          1
        42        302          0          1
        43        254          1          1
        44        131          0          1
        45        155          1          1
        46        107          0          1
        47        160          1          1
        48        296          0          1
        49        270          1          1
        50        226          0          1
        51        136          1          1
        52        216          0          1
        53        263          0          1
        54         53          1          1
        55        135          0          1
        56         59          0          1
        57        330          1          1
        58        274          0          1
        59        399          1          1
        60        394          0          1
        61         37          0          1
        62        337          1          1
        63        228          0          1
        64         30          1          1
        65        386          0          1
        66        157          0          1
        67        156          0          1
        68         73          0          1
        69        179          0          1
        70        340          1          1
        71         42          0          1
        72        364          0          1
        73        269          1          1
        74        393          0          1
        75        132          1          1
        76        191          0          1
        77         61          0          1
        78         51          1          1
        79         34          0          1
        80        204          1          1
        81         49          1          1
        82        304          0          1
        83        231          1          1
        84        318          0          1
        85        392          1          1
        86          5          0          1
        87        312          1          1
        88         79          0          1
        89        354          1          1
        90        278          0          1
        91        175          0          1
        92         65          1          1
        93        193          0          1
        94        149          1          1
        95         40          0          1
        96         15          1          1
        97         56          0          1
        98        325          0          1
        99        292          1          1
       100        329          0          1
       101        275          0          1
       102         81          1          1
       103         17          0          1
       104        285          0          1
       105        242          0          1
       106        324          1          1
       107         13          0          1
       108         89          1          1
       109        209          0          1
       110        165          0          1
       111        239          1          1
       112        164          0          1
       113        277          1          1
       114        167          0          1
       115         36          0          1
       116        355          0          1
       117        311          0          1
       118         29          1          1
       119        260          0          1
       120         98          1          1
       121        163          0          1
       122        352          0          1
       123         28          1          1
       124        134          0          1
       125         68          1          1
       126        187          0          1
       127        151          1          1
       128        169          0          1
       129         90          1          1
       130         67          0          1
       131        111          0          1
       132        374          1          1
       133        375          0          1
       134         96          0          1
       135        195          1          1
       136        210          0          1
       137        273          1          1
       138        185          0          1
       139         69          1          1
       140        103          0          1
       141        238          0          1
       142        145          0          1
       143         18          0          1
       144        241          1          1
       145        148          0          1
       146        194          1          1
       147         26          0          1
       148         52          0          1
       149        199          0          1
       150        208          0          1
       151        182          1          1
       152          9          0          1
       153        331          0          1
       154         35          1          1
       155        109          0          1
       156        328          1          1
       157        248          0          1
       158         33          1          1
       159        397          0          1
       160        348          0          1
       161        119          1          1
       162        361          0          1
       163        281          0          1
       164         43          0          1
       165         74          1          1
       166        225          0          1
       167        206          0          1
       168        104          0          1
       169        283          0          1
       170        343          0          1
       171        170          0          1
       172        203          0          1
       173        272          1          1
       174        313          0          1
       175        267          1          1
       176        112          0          1
       177         41          1          1
       178         48          0          1
       179         21          0          1
       180        342          0          1
       181        227          0          1
       182        102          1          1
       183         58          0          1
       184         38          1          1
       185        114          0          1
       186        116          1          1
       187         76          0          1
       188        360          1          1
       189         10          0          1
       190        121          0          1
       191        309          0          1
       192        264          0          1
       193         55          0          1
       194         64          0          1
       195        396          0          1
       196          7          1          1
       197        301          0          1
       198        211          0          1
       199         86          1          1
       200        271          0          1
       201        173          0          1
       202        198          0          1
       203         54          0          1
       204         23          0          1
       205        369          1          1
       206         46          0          1
       207         16          0          1
       208        265          0          1
       209        127          0          1
       210        219          0          1
       211          8          0          1
       212         12          1          1
       213        372          0          1
       214        230          1          1
       215        183          0          1
       216        373          0          1
       217        176          1          1
       218        255          0          1
       219        240          0          1
       220        380          1          1
       221        257          1          1
       222        368          0          1
       223        335          0          1
       224        349          0          1
       225        159          0          1
       226        259          1          1
       227        298          0          1
       228        295          1          1
       229        235          0          1
       230        376          1          1
       231        346          0          1
       232         71          0          1
       233        146          0          1
       234        247          0          1
       235        197          0          1
       236        398          1          1
       237        320          0          1
       238        130          0          1
       239        370          1          1
       240        351          0          1
       241        332          0          1
       242        377          0          1
       243        314          0          1
       244         60          0          1
       245        290          1          1
       246         50          0          1
       247        294          1          1
       248        389          0          1
       249        256          1          1
       250        383          0          1
       251        390          0          1
       252        289          0          1
       253        205          1          1
       254        246          0          1
       255        143          1          1
       256        105          0          1
       257        154          1          1
       258        356          0          1
       259        268          0          1
       260        310          0          1
       261        384          0          1
       262         95          1          1
       263         62          0          1
       264        367          0          1
       265         20          0          1
       266         91          1          1
       267        378          0          1
       268        221          1          1
       269        184          0          1
       270        232          0          1
       271        359          0          1
       272        400          1          1
       273        243          0          1
       274         66          0          1
       275         72          0          1
       276        177          1          1
       277        118          0          1
       278        229          1          1
       279        224          0          1
       280        379          1          1
       281        133          1          1
       282        142          0          1
       283        293          1          1
       284         75          0          1
       285        299          1          1
       286        297          0          1
       287        196          1          1
       288        317          0          1
       289        391          1          1
       290         11          0          1
       291        245          1          1
       292        123          0          1
       293        124          1          1
       294        140          0          1
       295          3          1          1
       296        189          0          1
       297        223          1          1
       298        341          0          1
       299        326          1          1
       300        150          0          1
       301         93          0          1
       302        218          1          1
       303         84          0          1
       304        125          1          1
       305        144          0          1
       306        306          1          1
       307        253          0          1
       308        220          1          1
       309        129          0          1
       310        363          1          1
       311        307          0          1
       312        215          1          1
       313        319          0          1
       314        284          1          1
       315        128          0          1
       316        288          0          1
       317        152          0          1
       318        308          1          1
       319          2          0          1
       320        236          1          1
       321        222          0          1
       322        188          0          1
       323         14          1          1
       324          1          0          1
       325        202          0          1
       326        387          0          1
       327        339          0          1
       328        115          0          1
       329        192          1          1
       330         85          0          1
       331        137          1          1
       332        279          0          1
       333        178          1          1
       334         77          0          1
       335        217          0          1
       336        100          0          1
       337         78          1          1
       338        366          0          1
       339         88          1          1
       340        300          0          1
       341        180          0          1
       342        147          1          1
       343         97          0          1
       344        120          1          1
       345         31          0          1
       346        139          1          1
       347         80          0          1
       348        214          1          1
       349        158          0          1
       350         57          0          1
       351         39          0          1
       352          6          1          1
       353        388          0          1
       354         87          0          1
       355        251          0          1
       356         99          1          1
       357        108          0          1
       358        338          0          1
       359        252          0          1
       360         25          1          1
       361        347          1          1
       362        350          0          1
       363        200          0          1
       364        261          0          1
       365        161          0          1
       366         47          0          1
       367        117          1          1
       368        323          0          1
       369        126          0          1
       370        381          0          1
       371        250          1          1
       372        172          0          1
       373        291          1          1
       374        141          0          1
       375        244          1          1
       376        316          0          1
       377        101          0          1
       378        365          0          1
       379        113          1          1
       380        110          0          1
       381        315          0          1
       382        344          1          1
       383        286          0          1
       384        207          0          1
       385        138          0          1
       386        371          1          1
       387        327          0          1
       388         22          0          1
       389        153          0          1
       390        280          1          1
       391         45          0          1
       392        362          1          1
       393         92          0          1
       394        249          1          1
       395         32          0          1
       396        262          1          1
       397        266          0          1
       398        213          1          1
       399        212          0          1
       400        333          0          1
               42106
configuration                   19                90000         6.1783277589114405E-01         2.9800000000000000E+02         1.3877787807814457E-17
         1        166          1          1
         2        334          0          1
         3        267          1          1
         4         83          0          1
         5        377          1          1
         6         45          0          1
         7        392          1          1
         8        362          0          1
         9        242          0          1
        10        157          0          1
        11        321          1          1
        12        358          0          1
        13         39          0          1
        14        174          0          1
        15         33          1          1
        16        119          0          1
        17        367          0          1
        18        301          0          1
        19        376          1          1
        20         19          0          1
        21        385          0          1
        22         35          0          1
        23        254          0          1
        24        400          1          1
        25        284          0          1
        26        189          1          1
        27        328          0          1
        28        182          0          1
        29        229          1          1
        30         47          0          1
        31        179          0          1
        32        347          1          1
        33        190          0          1
        34         40          1          1
        35        194          0          1
        36        364          1          1
        37        171          0          1
        38        374          0          1
        39         24          0          1
        40        300          1          1
        41        338          1          1
        42         86          0          1
        43         75          1          1
        44        131          0          1
        45        317          0          1
        46        307          0          1
        47         82          1          1
        48        151          0          1
        49         66          0          1
        50        114          0          1
        51        281          1          1
        52        373          0          1
        53         46          1          1
        54         69          0          1
        55          8          0          1
        56        101          0          1
        57         74          1          1
        58         71          0          1
        59        268          1          1
        60        394          0          1
        61        135          0          1
        62        106          1          1
        63         89          0          1
        64        162          1          1
        65        386          0          1
        66        120          1          1
        67         57          0          1
        68         10          1          1
        69        285          0          1
        70        393          1          1
        71         20          0          1
        72        298          1          1
        73        181          0          1
        74        295          1          1
        75        349          0          1
        76         22          0          1
        77        202          0          1
        78         93          1          1
        79         34          0          1
        80        129          1          1
        81        167          1          1
        82        304          0          1
        83         96          1          1
        84        163          0          1
        85        341          1          1
        86        326          0          1
        87        236          1          1
        88         79          0          1
        89          3          1          1
        90        144          0          1
        91        109          1          1
        92        245          0          1
        93         58          0          1
        94        180          0          1
        95        200          0          1
        96        226          0          1
        97        168          1          1
        98        286          0          1
        99        203          0          1
       100        329          0          1
       101        275          0          1
       102         26          1          1
       103        387          0          1
       104        324          0          1
       105         90          0          1
       106        111          1          1
       107         13          0          1
       108         43          1          1
       109        116          0          1
       110        155          1          1
       111        215          0          1
       112        305          0          1
       113        249          0          1
       114        165          0          1
       115        360          1          1
       116        323          0          1
       117        257          0          1
       118         76          0          1
       119        363          0          1
       120        188          1          1
       121        228          1          1
       122        232          0          1
       123        263          1          1
       124        102          0          1
       125        105          1          1
       126        187          0          1
       127         49          1          1
       128        299          0          1
       129        280          0          1
       130         87          0          1
       131         53          1          1
       132        398          0          1
       133        175          0          1
       134         17          1          1
       135        293          0          1
       136        220          1          1
       137        330          0          1
       138        327          1          1
       139         55          0          1
       140        256          0          1
       141         18          0          1
       142        230          1          1
       143        303          0          1
       144        274          1          1
       145        218          0          1
       146        359          0          1
       147        130          0          1
       148        186          1          1
       149        339          0          1
       150         51          1          1
       151        271          0          1
       152        161          1          1
       153         44          0          1
       154          5          0          1
       155        354          0          1
       156        199          0          1
       157         30          1          1
       158        333          0          1
       159        283          0          1
       160        160          1          1
       161        238          1          1
       162         61          0          1
       163        379          1          1
       164         94          0          1
       165        184          1          1
       166        225          0          1
       167         99          1          1
       168        343          0          1
       169        397          1          1
       170        125          0          1
       171        192          1          1
       172        348          0          1
       173         37          1          1
       174         59          0          1
       175        310          1          1
       176        112          0          1
       177        227          0          1
       178         48          0          1
       179         54          1          1
       180         36          0          1
       181         88          0          1
       182        139          1          1
       183         65          0          1
       184         77          1          1
       185         62          0          1
       186        196          1          1
       187        265          0          1
       188        273          1          1
       189        213          0          1
       190        320          1          1
       191         85          0          1
       192         42          1          1
       193          9          0          1
       194         95          0          1
       195        313          0          1
       196        247          1          1
       197        219          0          1
       198        224          0          1
       199        214          0          1
       200        222          1          1
       201         91          1          1
       202        396          0          1
       203        282          1          1
       204        255          0          1
       205        346          1          1
       206        369          0          1
       207         52          1          1
       208        325          0          1
       209        308          1          1
       210        258          0          1
       211        107          1          1
       212        176          0          1
       213        252          1          1
       214        332          0          1
       215        366          0          1
       216        154          0          1
       217        209          1          1
       218        270          0          1
       219        173          1          1
       220         27          0          1
       221        353          0          1
       222        336          1          1
       223        355          0          1
       224        211          1          1
       225        159          0          1
       226        121          0          1
       227          4          0          1
       228        391          1          1
       229        235          0          1
       230        246          0          1
       231        233          0          1
       232        118          1          1
       233        237          0          1
       234         16          1          1
       235         31          0          1
       236         63          0          1
       237        390          0          1
       238        345          1          1
       239        368          0          1
       240        201          1          1
       241        195          1          1
       242        371          0          1
       243        331          1          1
       244        264          0          1
       245        322          1          1
       246         50          0          1
       247        296          1          1
       248        389          0          1
       249        136          0          1
       250        210          0          1
       251          6          1          1
       252        147          0          1
       253        134          1          1
       254        272          0          1
       255        335          1          1
       256        137          0          1
       257         23          1          1
       258        356          0          1
       259        314          1          1
       260        217          0          1
       261        370          0          1
       262        239          1          1
       263         73          0          1
       264         29          1          1
       265        291          0          1
       266        309          1          1
       267        378          0          1
       268        156          1          1
       269        294          0          1
       270        207          1          1
       271        231          0          1
       272        138          0          1
       273         21          0          1
       274        375          1          1
       275        292          0          1
       276        197          1          1
       277        344          0          1
       278        115          0          1
       279        243          0          1
       280        100          1          1
       281         68          1          1
       282        142          0          1
       283        128          1          1
       284        340          0          1
       285        170          1          1
       286        297          0          1
       287        193          1          1
       288         60          0          1
       289        146          1          1
       290         11          0          1
       291        302          0          1
       292        372          1          1
       293        104          0          1
       294        240          0          1
       295        223          1          1
       296        253          0          1
       297        357          1          1
       298        352          0          1
       299        145          0          1
       300        150          0          1
       301        351          0          1
       302        399          1          1
       303        169          0          1
       304         81          1          1
       305         25          0          1
       306        337          1          1
       307        198          0          1
       308        260          1          1
       309        126          0          1
       310        350          0          1
       311         15          0          1
       312        384          0          1
       313        319          0          1
       314        143          1          1
       315        124          0          1
       316        178          1          1
       317        152          0          1
       318        395          0          1
       319        185          1          1
       320         38          0          1
       321         41          0          1
       322        127          0          1
       323        244          1          1
       324          1          0          1
       325         98          1          1
       326        103          0          1
       327        342          1          1
       328        290          0          1
       329         14          1          1
       330        158          0          1
       331        234          1          1
       332        148          0          1
       333        312          1          1
       334        250          0          1
       335        259          0          1
       336        241          0          1
       337        177          1          1
       338        164          0          1
       339         72          0          1
       340        204          1          1
       341        149          0          1
       342        123          0          1
       343         97          0          1
       344        383          1          1
       345         84          0          1
       346        216          1          1
       347         78          0          1
       348        122          0          1
       349        117          0          1
       350         64          0          1
       351          2          0          1
       352        288          1          1
       353        388          0          1
       354         56          1          1
       355        251          0          1
       356        132          1          1
       357        262          0          1
       358        289          1          1
       359        108          0          1
       360        208          0          1
       361        153          1          1
       362        306          0          1
       363        287          1          1
       364        261          0          1
       365        361          1          1
       366        380          0          1
       367         12          1          1
       368        221          0          1
       369        133          1          1
       370        381          0          1
       371         67          1          1
       372        248          0          1
       373        191          0          1
       374        141          0          1
       375         70          1          1
       376        316          0          1
       377        318          0          1
       378        365          0          1
       379        315          1          1
       380        110          0          1
       381        278          0          1
       382         28          1          1
       383          7          0          1
       384        140          1          1
       385        205          0          1
       386        311          1          1
       387        382          0          1
       388        269          0          1
       389        183          0          1
       390         80          1          1
       391        276          0          1
       392        279          1          1
       393         92          0          1
       394        172          1          1
       395         32          0          1
       396        113          1          1
       397        266          0          1
       398        277          1          1
       399        212          0          1
       400        206          1          1
               44576
configuration                   20                95000         6.5264770763501201E-01         2.9800000000000000E+02         1.3877787807814457E-17
         1         92          1          1
         2        110          0          1
         3        339          1          1
         4        352          0          1
         5        202          1          1
         6        268          0          1
         7        156          1          1
         8        395          0          1
         9        366          0          1
        10        288          0          1
        11         77          1          1
        12        322          0          1
        13        317          1          1
        14        174          0          1
        15        329          1          1
        16        119          0          1
        17        368          0          1
        18        139          1          1
        19         25          0          1
        20        183          0          1
        21        199          0          1
        22         21          0          1
        23        347          0          1
        24        129          1          1
        25        218          0          1
        26        227          1          1
        27        365          0          1
        28        311          0          1
        29        214          0          1
        30        341          1          1
        31        244          0          1
        32        348          1          1
        33        375          0          1
        34        166          1          1
        35        315          0          1
        36        226          1          1
        37        198          0          1
        38        243          0          1
        39        271          1          1
        40         71          0          1
        41        215          0          1
        42         83          0          1
        43        340          1          1
        44        131          0          1
        45        233          0          1
        46         79          0          1
        47        264          1          1
        48        336          0          1
        49        308          1          1
        50        162          0          1
        51        344          1          1
        52        161          0          1
        53        130          1          1
        54        237          0          1
        55        309          1          1
        56        101          0          1
        57        207          1          1
        58        238          0          1
        59        150          0          1
        60        138          1          1
        61        358          0          1
        62        400          1          1
        63         89          0          1
        64         20          1          1
        65         10          0          1
        66        262          1          1
        67        112          0          1
        68        343          0          1
        69        287          0          1
        70         19          0          1
        71        153          0          1
        72        354          1          1
        73        181          0          1
        74         62          1          1
        75         30          0          1
        76         55          1          1
        77         52          0          1
        78         81          0          1
        79        125          1          1
        80         78          0          1
        81        377          0          1
        82        175          0          1
        83         38          1          1
        84        163          0          1
        85         51          1          1
        86        177          0          1
        87        111          0          1
        88        160          0          1
        89        342          0          1
        90        318          0          1
        91        397          1          1
        92        251          0          1
        93        293          0          1
        94         68          0          1
        95        392          1          1
        96        225          0          1
        97         99          1          1
        98         57          0          1
        99         33          0          1
       100        191          1          1
       101        275          0          1
       102        303          1          1
       103         22          0          1
       104        305          1          1
       105        137          0          1
       106         90          1          1
       107        255          0          1
       108        363          0          1
       109        282          0          1
       110        391          1          1
       111        168          0          1
       112         11          1          1
       113        283          0          1
       114        171          0          1
       115        182          0          1
       116        146          0          1
       117         28          0          1
       118        249          0          1
       119        285          1          1
       120          6          0          1
       121        184          1          1
       122        232          0          1
       123        133          1          1
       124        256          0          1
       125         54          0          1
       126        281          0          1
       127        209          1          1
       128        193          0          1
       129        228          0          1
       130        106          0          1
       131        132          1          1
       132        114          0          1
       133         39          1          1
       134        165          0          1
       135        123          0          1
       136        145          0          1
       137        201          0          1
       138         17          1          1
       139         82          0          1
       140        204          0          1
       141         91          0          1
       142         48          1          1
       143        265          0          1
       144        387          1          1
       145          8          0          1
       146         12          0          1
       147        346          0          1
       148         34          0          1
       149        143          0          1
       150         15          1          1
       151         58          0          1
       152         46          1          1
       153          1          0          1
       154        219          1          1
       155        269          0          1
       156        382          0          1
       157        321          1          1
       158        307          0          1
       159        189          0          1
       160        300          1          1
       161         24          1          1
       162         14          0          1
       163         44          1          1
       164        361          0          1
       165        185          0          1
       166        195          0          1
       167        316          1          1
       168        222          0          1
       169        254          1          1
       170        289          0          1
       171        118          1          1
       172        370          0          1
       173        167          1          1
       174        113          0          1
       175        331          1          1
       176         26          0          1
       177         67          0          1
       178        229          0          1
       179        313          0          1
       180        247          0          1
       181        302          0          1
       182        257          1          1
       183         65          0          1
       184          3          0          1
       185        357          0          1
       186        224          0          1
       187        362          0          1
       188        211          1          1
       189        213          0          1
       190        274          1          1
       191         85          0          1
       192        230          1          1
       193         18          0          1
       194         63          1          1
       195        364          0          1
       196        326          1          1
       197        144          0          1
       198         36          0          1
       199        169          0          1
       200        115          1          1
       201         75          1          1
       202        396          0          1
       203        260          1          1
       204         42          0          1
       205        388          0          1
       206        205          0          1
       207        267          1          1
       208        325          0          1
       209          7          0          1
       210        258          0          1
       211        116          1          1
       212        151          0          1
       213        263          0          1
       214         53          0          1
       215        248          1          1
       216        369          0          1
       217        178          1          1
       218        270          0          1
       219        372          1          1
       220         27          0          1
       221        353          0          1
       222        367          1          1
       223        355          0          1
       224         93          0          1
       225        159          0          1
       226        278          1          1
       227        345          0          1
       228        394          1          1
       229        203          0          1
       230         96          1          1
       231        273          0          1
       232        105          1          1
       233        349          0          1
       234        393          1          1
       235          5          0          1
       236        221          1          1
       237        390          0          1
       238        312          1          1
       239        398          0          1
       240        328          1          1
       241        334          1          1
       242        371          0          1
       243        190          0          1
       244        373          0          1
       245        304          0          1
       246        360          0          1
       247        385          1          1
       248        389          0          1
       249        279          1          1
       250        323          0          1
       251        223          1          1
       252        147          0          1
       253         31          0          1
       254         45          0          1
       255         86          1          1
       256        176          0          1
       257        187          0          1
       258        356          0          1
       259        102          1          1
       260        217          0          1
       261         16          0          1
       262        337          1          1
       263        320          0          1
       264        186          0          1
       265        134          1          1
       266         59          0          1
       267        378          0          1
       268        208          1          1
       269        294          0          1
       270        245          0          1
       271        284          0          1
       272        100          1          1
       273        386          0          1
       274         13          1          1
       275        399          0          1
       276         66          0          1
       277         50          0          1
       278         47          1          1
       279         70          0          1
       280         64          1          1
       281        266          1          1
       282        142          0          1
       283        157          0          1
       284        135          1          1
       285         69          0          1
       286        297          0          1
       287        276          0          1
       288         60          0          1
       289        107          1          1
       290        104          0          1
       291        197          1          1
       292        379          0          1
       293        234          1          1
       294        240          0          1
       295         94          1          1
       296        253          0          1
       297        272          0          1
       298        149          0          1
       299        212          1          1
       300        220          0          1
       301        351          0          1
       302          4          0          1
       303        127          1          1
       304        350          0          1
       305        242          0          1
       306         80          1          1
       307        298          0          1
       308         88          1          1
       309        126          0          1
       310        173          0          1
       311        188          0          1
       312        280          1          1
       313        319          0          1
       314        170          0          1
       315        330          0          1
       316         23          1          1
       317        152          0          1
       318        196          1          1
       319         74          0          1
       320        384          1          1
       321        172          1          1
       322         43          0          1
       323         56          0          1
       324        206          0          1
       325         87          1          1
       326        103          0          1
       327        277          0          1
       328        314          0          1
       329        333          1          1
       330        158          0          1
       331        296          1          1
       332        148          0          1
       333        128          1          1
       334        250          0          1
       335        376          1          1
       336        241          0          1
       337         49          1          1
       338         40          0          1
       339        239          1          1
       340         37          0          1
       341        216          0          1
       342         41          1          1
       343         97          0          1
       344        286          1          1
       345         84          0          1
       346          2          1          1
       347        324          0          1
       348        291          1          1
       349        117          0          1
       350        306          1          1
       351         61          0          1
       352        164          0          1
       353        327          0          1
       354         95          1          1
       355        121          0          1
       356        259          1          1
       357        301          0          1
       358        290          0          1
       359         35          0          1
       360        235          1          1
       361        124          1          1
       362        381          0          1
       363        383          1          1
       364        261          0          1
       365        192          1          1
       366        380          0          1
       367        140          1          1
       368        109          0          1
       369        122          0          1
       370        155          0          1
       371        120          0          1
       372        210          0          1
       373         98          0          1
       374        141          0          1
       375        231          1          1
       376        246          0          1
       377        236          1          1
       378        374          0          1
       379        252          1          1
       380        108          0          1
       381         73          0          1
       382        359          1          1
       383        338          0          1
       384          9          1          1
       385        180          0          1
       386        295          0          1
       387        200          0          1
       388        194          1          1
       389         29          0          1
       390        154          1          1
       391        335          0          1
       392        179          0          1
       393        292          0          1
       394        332          1          1
       395         32          0          1
       396        136          1          1
       397        299          0          1
       398         76          0          1
       399        310          0          1
       400         72          1          1
               47063
